node,load_proxy_prox,load_proxy_volt
4,40.072319444444446,40.072319444444446
5,26.57192361111111,26.57192361111111
7,46.37543055555555,46.37543055555555
8,43.368722711302084,42.51688541666667
10,36.04771180555556,36.04771180555556
11,0.0,39.86792361111111
13,26.57192361111111,26.57192361111111
15,56.6573125,56.6573125
17,5.8747847222222225,5.8747847222222225
19,59.377333333333326,59.377333333333326
20,119.63762028074652,119.54799652777777
21,5.3175486111111105,5.3175486111111105
24,42.83942013888889,42.83942013888889
26,6.952979166666667,6.952979166666667
27,2.4239965277777777,2.4239965277777777
29,7.102388888888889,7.102388888888889
31,4.0214375,4.0214375
33,10.721996527777778,10.721996527777778
36,3.981052083333333,3.981052083333333
37,5.715578125,5.715578125
39,4.4653125,4.4653125
41,2.5195937500000003,2.5195937500000003
42,24.68097569444444,24.68097569444444
44,10.675420138888889,10.675420138888889
47,2.9046909722222223,2.9046909722222223
48,16.369711805555553,16.369711805555553
52,29.870208333333338,29.870208333333338
53,4.039006944444444,4.039006944444444
55,5.627725694444445,5.627725694444445
56,14.0385625,14.0385625
63,21.123489583333335,21.123489583333335
64,3.9074531250000004,3.9074531250000004
65,5.137276041666667,5.137276041666667
67,5.187822916666667,5.187822916666667
69,7.533729166666666,7.533729166666666
70,5.26246875,5.26246875
72,2.983125,2.983125
75,17.45406597222222,17.45406597222222
80,13.941920085843751,13.286459146315973
82,34.55358083276736,34.36782986111111
83,0.0,20.53944444444444
88,21.696663194444444,16.5338125
90,0.0,0.34442442409375
91,43.48372916666667,1.0450069444444443
92,46.587684999434025,105.84147303520487
93,7.957836805555555,28.34859375
95,6.43309375,50.80313888888889
99,32.35471180555555,32.35471180555555
100,0.0,7.425156250000001
102,4.939878472222222,4.939878472222222
104,25.49814236111111,25.49814236111111
106,16.860583333333334,16.860583333333334
107,0.0,16.901680555555558
108,41.15374652777778,41.15374652777778
114,57.58184722222222,23.406277777777778
115,10.082951388888889,10.082951388888889
118,32.497850694444445,32.497850694444445
119,14.708749999999998,14.708749999999998
120,15.436322916666667,15.436322916666667
122,9.126774305555555,9.126774305555555
123,14.990027777777776,14.990027777777776
124,13.80842013888889,13.80842013888889
126,5.986163194444445,5.986163194444445
128,2.886465277777778,2.886465277777778
133,4.275057291666666,4.275057291666666
136,21.175375,21.175375
139,7.412673611111111,7.412673611111111
140,36.11974652777778,36.11974652777778
142,0.0,17.188788194444445
146,4.031545138888889,4.031545138888889
147,36.80314930555556,36.80314930555556
148,6.234892361111111,6.234892361111111
150,7.857916666666666,7.857916666666666
151,3.4540729166666666,3.4540729166666666
154,11.384972222222222,11.384972222222222
160,10.883121527777778,10.883121527777778
161,0.08513888888888889,0.08513888888888889
167,7.697670138888889,7.697670138888889
169,9.055194444444446,9.055194444444446
171,16.26270659722222,16.26270659722222
177,16.647197916666666,16.647197916666666
179,19.49951736111111,19.49951736111111
180,2.1038194444444445,2.1038194444444445
208,0.0,0.0
211,1.355625,1.355625
212,4.198888888888889,4.198888888888889
217,45.96822916666666,0.0
218,10.798197916666666,42.10767708333333
222,10.360145833333334,10.360145833333334
224,2.475395048451389,2.475395048451389
227,0.0,23.379229166666665
228,56.15476736111111,56.15476736111111
232,0.2631041666666667,0.2631041666666667
234,9.631319444444445,9.631319444444445
237,1.4765243055555555,1.4765243055555555
238,0.0,9.459888300836806
246,6.448194444444444,6.448194444444444
251,3.8352743055555556,3.8352743055555556
252,8.196222222222222,8.196222222222222
254,0.9839340277777777,0.0
255,0.0,0.9839340277777777
257,2.5520034722222222,2.5520034722222222
259,117.7059236111111,117.7059236111111
260,2.375570395673611,2.375570395673611
261,18.669395833333333,18.669395833333333
263,36.69150868055556,44.020883680555556
264,6.089048611111111,6.089048611111111
266,42.02669791666666,42.02669791666666
267,13.16836111111111,13.16836111111111
271,19.046100694444448,19.046100694444448
272,6.116267361111111,12.232534722222223
275,9.287295138888888,9.287295138888888
277,7.1990034722222225,7.1990034722222225
278,12.853159722222223,12.853159722222223
279,4.392684027777778,4.392684027777778
280,39.81766319444444,39.81766319444444
281,0.0,9.459888300836806
283,31.338961805555552,31.338961805555552
290,24.98579861111111,24.98579861111111
291,16.439444444444447,16.439444444444447
293,5.705694444444444,5.705694444444444
296,11.442673611111111,11.442673611111111
298,0.5920833333333334,0.5920833333333334
299,10.667361111111111,10.667361111111111
306,7.9468749999999995,7.9468749999999995
307,0.0,0.0
310,0.5131944444444444,0.5131944444444444
311,3.8710763888888895,3.8710763888888895
312,1.3993055555555556,1.3993055555555556
314,23.627118055555556,23.627118055555556
315,10.974197916666666,10.974197916666666
323,21.468881944444444,21.468881944444444
325,1.2196944444444444,1.2196944444444444
329,25.236413194444445,25.236413194444445
330,13.638642361111112,13.638642361111112
332,8.115263888888888,8.115263888888888
342,15.323541666666667,15.323541666666667
343,13.071041666666666,13.071041666666666
353,44.404513888888886,44.404513888888886
354,35.271076388888886,35.271076388888886
355,6.796805555555555,6.796805555555555
356,35.12663194444444,35.12663194444444
358,39.56975694444444,39.56975694444444
359,35.250972222222224,35.250972222222224
361,2.7735416666666666,2.7735416666666666
362,43.12409722222222,43.12409722222222
364,16.945208333333333,16.945208333333333
366,4.488125,4.488125
368,26.09673611111111,26.09673611111111
369,22.873541666666668,22.873541666666668
371,54.898942138888884,54.898942138888884
373,29.730694444444445,29.730694444444445
374,20.78027777777778,20.78027777777778
375,88.24286458333333,88.24286458333333
376,5.229618055555556,5.229618055555556
378,14.237881944444444,14.237881944444444
380,27.00204861111111,27.00204861111111
381,31.622187500000003,31.622187500000003
382,40.937951388888884,40.937951388888884
383,7.611666666666666,7.611666666666666
385,21.527673611111112,21.527673611111112
389,12.430347222222222,12.430347222222222
391,35.369236111111114,35.369236111111114
392,7.432291666666667,7.432291666666667
395,0.0,0.0
398,28.855902777777775,28.855902777777775
399,42.1428125,42.1428125
401,7.113194444444444,7.113194444444444
402,34.34017361111111,34.34017361111111
404,55.81256944444445,55.81256944444445
405,22.602100694444445,22.602100694444445
408,11.075868055555555,11.075868055555555
410,31.83133680555556,31.83133680555556
411,8.177465277777777,8.177465277777777
414,19.805104166666666,19.805104166666666
415,12.690416666666668,12.690416666666668
416,31.900520833333335,31.900520833333335
417,20.89746527777778,20.89746527777778
418,10.367534722222222,10.367534722222222
419,3.683263888888889,3.683263888888889
421,26.244913194444443,26.244913194444443
423,25.917256944444446,25.917256944444446
424,3.456006944444445,3.456006944444445
425,24.29361111111111,24.29361111111111
426,3.1342708333333333,3.1342708333333333
430,21.101631944444442,21.101631944444442
431,18.998680555555556,18.998680555555556
434,7.604027777777778,7.604027777777778
437,28.299027777777777,28.299027777777777
438,11.313194444444443,11.313194444444443
439,29.967118055555556,29.967118055555556
441,16.173368055555557,16.173368055555557
445,17.77045138888889,17.77045138888889
446,18.954305555555557,18.954305555555557
447,6.8573611111111115,6.8573611111111115
448,28.38579861111111,28.38579861111111
450,19.64,19.64
451,18.707083333333333,18.707083333333333
452,17.875416666666666,17.875416666666666
453,26.052708333333335,26.052708333333335
455,18.842361111111114,18.842361111111114
456,13.209340277777777,13.209340277777777
457,27.733854166666667,27.733854166666667
459,35.46454861111111,35.46454861111111
461,19.48263888888889,19.48263888888889
462,23.05875,23.05875
463,8.362291666666668,8.362291666666668
464,5.859895833333334,5.859895833333334
465,24.08420138888889,24.08420138888889
468,21.72125,21.72125
469,32.5425,32.5425
470,0.0,0.0
472,23.127118055555556,23.127118055555556
473,15.197916666666666,15.197916666666666
474,52.08503472222222,52.08503472222222
475,26.82579861111111,26.82579861111111
476,11.414513888888889,11.414513888888889
477,45.935,45.935
478,27.74458333333333,27.74458333333333
479,30.781805555555554,30.781805555555554
480,0.18708333333333335,0.18708333333333335
484,49.92975694444445,49.92975694444445
486,18.006597222222222,18.006597222222222
487,1.9155208333333331,1.9155208333333331
489,20.275555555555556,20.275555555555556
491,5.290798611111111,5.290798611111111
493,2.258263888888889,2.258263888888889
496,28.35020833333333,28.35020833333333
498,25.73197916666667,25.73197916666667
499,39.692395833333336,39.692395833333336
500,8.114618055555557,8.114618055555557
501,25.371024305555554,25.371024305555554
502,29.12368055555556,29.12368055555556
507,28.117604166666666,28.117604166666666
511,28.471631944444447,28.471631944444447
512,34.324930555555554,34.324930555555554
513,22.659895833333337,22.659895833333337
514,30.297847222222224,30.297847222222224
515,10.457881944444445,10.457881944444445
517,31.99513888888889,31.99513888888889
518,33.49765065972222,33.49765065972222
519,5.050972222222223,5.050972222222223
520,3.936319444444445,3.936319444444445
521,7.953819444444444,7.953819444444444
523,33.74413194444444,33.74413194444444
524,9.2740625,9.2740625
526,18.18034722222222,18.18034722222222
527,26.308541666666667,26.308541666666667
530,52.128888888888895,52.128888888888895
532,24.05829861111111,24.05829861111111
533,25.062083333333334,25.062083333333334
534,6.060104166666666,6.060104166666666
535,0.0,0.0
536,32.201249999999995,32.201249999999995
537,3.656597222222222,3.656597222222222
538,35.105381944444446,35.105381944444446
541,3.9404166666666662,3.9404166666666662
542,31.21121527777778,31.21121527777778
546,11.63078125,11.63078125
547,3.2563541666666667,3.2563541666666667
548,0.0,0.0
549,31.225381944444443,31.225381944444443
550,39.128125,39.128125
553,33.916354166666665,33.916354166666665
555,8.044479166666667,8.044479166666667
556,28.84392361111111,28.84392361111111
558,9.922743055555555,9.922743055555555
559,15.221284722222224,15.221284722222224
563,9.413298611111111,9.413298611111111
564,42.20786284722222,42.20786284722222
568,9.110711805555557,9.110711805555557
571,9.229093749999999,9.229093749999999
575,234.43078125,234.43078125
577,27.324164930555554,27.324164930555554
579,1.8352348484848484,1.8352348484848484
580,15.128784722222223,15.128784722222223
581,16.850190972222222,59.81475
582,9.614041666666667,9.614041666666667
583,2.2608368055555554,2.2608368055555554
584,8.68307986111111,8.68307986111111
585,8.150336805555556,8.150336805555556
587,5.0240833333333335,5.0240833333333335
589,1.7409166666666667,1.7409166666666667
590,4.742472222222222,4.742472222222222
591,1.956767361111111,1.956767361111111
593,10.17248611111111,10.17248611111111
594,3.40978125,3.40978125
596,2.33146875,2.33146875
597,17.485607638888887,11.631371527777778
599,0.9822291666666667,0.9822291666666667
605,23.940145833333332,36.53607291666667
606,20.994590277777778,20.994590277777778
608,8.896625,8.896625
611,6.820489583333334,6.820489583333334
614,12.001559027777779,12.001559027777779
616,7.209836805555556,7.209836805555556
617,9.128555555555556,9.128555555555556
619,16.580618055555554,54.72971180555555
629,23.64732638888889,23.64732638888889
632,25.901472222222225,25.901472222222225
636,15.678666666666667,15.678666666666667
637,9.695107638888889,9.695107638888889
638,10.301631944444445,10.301631944444445
639,8.552395833333334,8.552395833333334
640,2.881607638888889,2.881607638888889
641,9.338906249999999,9.338906249999999
643,3.987277777777778,3.987277777777778
644,2.9662256944444447,2.9662256944444447
645,0.0,34.011381944444445
649,36.36076388888889,36.36076388888889
651,2.1224652777777777,2.1224652777777777
652,10.10701388888889,10.10701388888889
656,21.10674652777778,21.10674652777778
657,12.705468750000001,12.705468750000001
658,7.767152777777778,7.767152777777778
659,25.915934027777777,25.915934027777777
660,32.08651041666667,56.672756944444444
663,32.02791666666666,32.02791666666666
664,10.338166666666666,10.338166666666666
667,16.30565972222222,16.30565972222222
668,33.69170138888889,33.69170138888889
669,47.154687499999994,47.154687499999994
670,22.478854166666665,22.478854166666665
671,21.662534722222222,21.662534722222222
672,20.923958333333335,20.923958333333335
673,29.903541666666666,29.903541666666666
674,45.491458333333334,45.491458333333334
676,55.0590625,55.0590625
677,21.0590625,21.0590625
678,13.862256944444445,13.862256944444445
679,36.86829861111111,36.86829861111111
680,59.48204861111112,59.48204861111112
683,45.84246527777778,45.84246527777778
684,43.648472222222225,43.648472222222225
685,22.99833333333333,22.99833333333333
686,25.389930555555555,25.389930555555555
687,38.86708333333333,38.86708333333333
688,26.4375,26.4375
689,20.046770833333333,20.046770833333333
690,25.739930555555556,25.739930555555556
691,32.11465277777778,32.11465277777778
692,67.15756944444443,67.15756944444443
694,28.413263888888892,28.413263888888892
695,16.288368055555555,16.288368055555555
696,35.25125,35.25125
697,33.88163194444444,33.88163194444444
699,32.893819444444446,32.893819444444446
700,34.414513888888884,34.414513888888884
701,40.95225694444444,40.95225694444444
702,29.892708333333335,29.892708333333335
703,48.56350694444445,48.56350694444445
704,12.8534375,12.8534375
705,33.601875,33.601875
708,23.229687499999997,23.229687499999997
711,17.125868055555557,17.125868055555557
712,21.780104166666668,21.780104166666668
716,22.725624999999997,22.725624999999997
717,24.730173611111113,24.730173611111113
719,34.6634375,34.6634375
720,31.95340277777778,31.95340277777778
722,26.72715277777778,26.72715277777778
724,29.774305555555557,29.774305555555557
725,20.986284722222223,20.986284722222223
726,60.321770833333325,60.321770833333325
727,20.071145833333333,20.071145833333333
728,19.12402777777778,19.12402777777778
729,16.986875,16.986875
730,33.03486111111111,33.03486111111111
731,21.49047611111111,21.49047611111111
732,0.0,43.133269097222225
733,50.225827673611114,50.225827673611114
734,44.139827743055555,44.139827743055555
742,10.190687500000001,2.76553125
743,15.621381944444444,15.621381944444444
747,24.91094097222222,24.91094097222222
748,3.667795138888889,3.667795138888889
749,7.862871527777778,7.862871527777778
750,17.480315972222222,17.480315972222222
751,21.832378472222224,21.832378472222224
752,14.625833333333333,14.625833333333333
753,19.79678125,19.79678125
754,8.655531250000001,8.655531250000001
755,8.243253472222221,8.243253472222221
756,1.36625,1.36625
758,17.089913194444446,17.089913194444446
769,1.7388802083333335,1.7388802083333335
773,14.732013888888888,14.732013888888888
782,80.25111111111111,80.25111111111111
783,27.179201388888888,27.179201388888888
784,47.23965277777778,47.23965277777778
785,24.188645833333332,24.188645833333332
786,38.73246527777778,38.73246527777778
787,48.82819444444445,96.83243055555556
788,60.202083333333334,60.202083333333334
792,51.375,51.375
793,42.81434027777778,53.64055555555556
794,31.80336805555556,31.80336805555556
796,15.518645833333332,15.518645833333332
797,26.511631944444446,26.511631944444446
798,19.787881944444443,19.787881944444443
799,46.910868055555554,46.910868055555554
801,27.491944444444446,27.491944444444446
802,43.61454861111111,43.61454861111111
803,34.00875,34.00875
804,104.69628472222223,104.69628472222223
805,23.25267361111111,23.25267361111111
806,64.1692013888889,64.1692013888889
807,17.598506944444445,17.598506944444445
808,20.503402777777776,20.503402777777776
809,78.29277777777777,78.29277777777777
810,39.12652777777778,39.12652777777778
811,107.79836805555556,107.79836805555556
812,36.44104166666667,36.44104166666667
813,36.141979166666665,36.141979166666665
815,15.917256944444444,15.917256944444444
817,112.04760416666667,42.63940972222222
821,2.51134375,2.51134375
845,0.0,21.233833333333333
905,12.603899305555554,12.603899305555554
987,44.63365625,44.63365625
988,0.0,0.0
990,55.02791666666666,55.02791666666666
991,5.196840277777778,5.196840277777778
992,40.96552083333333,40.96552083333333
993,36.61,36.61
994,31.678611111111113,31.678611111111113
995,41.710902777777775,41.710902777777775
996,4.1134375,4.92413113375
997,47.69871527777778,47.69871527777778
998,0.24534722222222222,12.573784722222221
1000,41.15756944444444,41.15756944444444
1001,26.48503472222222,26.48503472222222
1002,53.96378472222222,53.96378472222222
1003,40.28829861111112,40.28829861111112
1004,34.78413194444445,34.78413194444445
1006,34.845,34.845
1007,42.133125,42.133125
1010,6.935034722222222,6.935034722222222
1012,28.024895833333332,28.024895833333332
1014,38.58076388888889,38.58076388888889
1017,2.940625,2.940625
1020,9.984131944444444,9.984131944444444
1021,41.64788194444444,41.64788194444444
1022,2.5235069444444442,2.5235069444444442
1023,44.21388888888889,44.21388888888889
1024,36.916111111111114,36.916111111111114
1025,43.673923611111114,43.673923611111114
1026,5.196840277777778,5.196840277777778
1028,55.74909722222222,55.74909722222222
1030,11.187326388888888,235.8036111111111
1032,54.50486111111111,54.50486111111111
1033,41.154895833333335,41.154895833333335
1034,40.314791666666665,37.88270833333333
1036,6.504479166666666,6.504479166666666
1038,17.4025,69.40819444444445
1040,43.62045138888889,43.62045138888889
1044,18.45930451388889,18.45930451388889
1045,30.3317975,30.3317975
1046,31.366897708333333,31.366897708333333
1047,3.0131190972222224,3.0131190972222224
1048,38.5866465625,0.0
1049,54.396231388888886,54.396231388888886
1052,5.477319027777778,5.477319027777778
1054,12.321516597222221,12.321516597222221
1056,73.6939928125,152.2026336111111
1057,19.19533767361111,46.42527423611111
1058,32.15146364583333,32.15146364583333
1059,36.55413225694444,36.55413225694444
1060,27.04290232638889,27.04290232638889
1061,27.678467118055558,27.678467118055558
1062,37.29594888888889,37.29594888888889
1063,2.6668209722222223,2.6668209722222223
1064,30.498781666666666,30.498781666666666
1065,49.16724597222222,49.16724597222222
1066,28.25206267361111,28.25206267361111
1067,23.362112291666666,23.362112291666666
1068,26.492000069444444,96.17860996527779
1069,25.880581793364303,25.880581793364303
1070,0.0,60.61722944444445
1072,96.06410986111112,96.06410986111112
1073,13.9531834375,13.9531834375
1074,10.040028020833333,10.040028020833333
1075,40.4455115625,40.4455115625
1077,29.04976107638889,29.04976107638889
1078,36.366086770833334,36.366086770833334
1081,50.434822152777784,50.434822152777784
1082,15.220137395833332,15.220137395833332
1083,4.430701215277778,4.430701215277778
1084,13.881105034722221,13.881105034722221
1085,59.152883645833334,59.152883645833334
1087,60.61722944444445,0.0
1089,17.215630208333334,17.215630208333334
1090,28.32315326388889,28.32315326388889
1091,22.848313645833333,22.848313645833333
1092,42.19666295138889,42.19666295138889
1094,31.880057812500002,31.880057812500002
1095,34.31669173611111,34.31669173611111
1096,54.213586250000006,54.213586250000006
1097,30.287553958333334,30.287553958333334
1099,33.16693965277778,33.16693965277778
1101,29.54501895833333,29.54501895833333
1103,25.716118854166666,25.716118854166666
1104,27.6588271875,27.6588271875
1105,11.594803715277777,11.594803715277777
1106,11.705715381944444,11.705715381944444
1107,24.4893575,24.4893575
1108,10.175367430555555,40.67414909722222
1109,46.9984559375,46.9984559375
1110,34.89661569444444,34.89661569444444
1112,27.2299365625,0.0
1114,35.61142263888889,35.61142263888889
1115,24.184472777777778,24.184472777777778
1116,46.152091041666665,46.152091041666665
1117,47.0679715625,47.0679715625
1118,26.01789763888889,26.01789763888889
1120,7.0548963888888885,7.0548963888888885
1121,32.69145434027777,32.69145434027777
1123,35.232035590277775,35.232035590277775
1124,6.889200451388889,6.889200451388889
1125,2.083972673611111,2.083972673611111
1126,16.953787465277777,16.953787465277777
1127,59.36965277777778,53.29686631944445
1129,2.269579861111111,0.0
1130,86.44581597222222,86.44581597222222
1136,13.736847222222222,13.736847222222222
1137,0.0,35.583083333333335
1139,27.330274305555555,27.330274305555555
1140,5.951513888888889,5.951513888888889
1141,6.8531458333333335,6.8531458333333335
1142,12.731690972222221,12.731690972222221
1143,11.508805555555556,11.508805555555556
1144,10.372256944444445,10.372256944444445
1145,13.51317361111111,13.51317361111111
1147,16.294795138888887,16.294795138888887
1148,3.595923611111111,3.595923611111111
1149,39.753347222222224,39.753347222222224
1153,6.942135416666667,6.942135416666667
1156,2.892263888888889,2.892263888888889
1157,2.0451770833333334,2.0451770833333334
1158,11.584472222222223,11.584472222222223
1159,22.10839236111111,22.10839236111111
1167,1.6533159722222222,1.6533159722222222
1170,3.5109826388888887,3.5109826388888887
1171,9.061496527777777,9.061496527777777
1172,8.034142361111112,8.034142361111112
1173,1.1265069444444444,1.1265069444444444
1177,2.8725381944444446,2.8725381944444446
1179,3.7821388888888894,37.76554513888889
1181,6.512291666666666,6.512291666666666
1182,28.294302083333335,28.294302083333335
1183,31.306270833333333,31.306270833333333
1184,4.15940625,4.15940625
1185,5.780291666666667,5.780291666666667
1192,5.202122395833334,5.202122395833334
1193,7.309159722222223,73.06276736111111
1195,4.899763888888889,4.899763888888889
1197,79.41298958333333,83.41549826388888
1198,12.767763888888888,12.767763888888888
1199,15.622694444444445,15.622694444444445
1200,4.987518035659723,4.987518035659723
1201,21.74119097222222,21.74119097222222
1202,13.380585069444443,13.380585069444443
1203,3.848895833333333,3.848895833333333
1205,8.114042534722222,8.114042534722222
1206,6.697739583333334,6.697739583333334
1208,10.74434375,10.74434375
1209,1.0470735912152778,1.0470735912152778
1210,15.562476368993057,15.562476368993057
1212,9.30165972222222,9.30165972222222
1213,27.082895833333332,37.979496527777776
1216,7.478796875,13.085940972222222
1217,2.7479513888888887,2.7479513888888887
1218,12.539145833333333,12.539145833333333
1219,4.66871875,4.66871875
1220,24.609548611111112,24.609548611111112
1222,5.8045486111111115,5.8045486111111115
1224,30.52170138888889,30.52170138888889
1225,1.6987673611111112,1.6987673611111112
1226,39.43425347222222,39.43425347222222
1227,45.34576388888889,45.34576388888889
1228,24.29459548611111,24.29459548611111
1229,57.65087152777778,57.65087152777778
1231,20.268166666666666,20.268166666666666
1234,24.29459548611111,24.29459548611111
1237,31.927291666666665,31.927291666666665
1238,21.64825,21.64825
1241,15.387107638888889,15.387107638888889
1244,32.991649305555555,32.991649305555555
1245,62.028499999999994,62.028499999999994
1247,46.091086805555555,46.091086805555555
1248,12.978496527777777,12.978496527777777
1249,10.498090277777777,10.498090277777777
1250,18.46136458333333,18.46136458333333
1252,43.446937500000004,43.446937500000004
1253,70.42689236111111,70.42689236111111
1254,56.80220486111111,56.80220486111111
1255,48.48752430555555,48.48752430555555
1256,51.65581597222222,51.65581597222222
1257,19.01139236111111,19.01139236111111
1258,61.35330555555556,61.35330555555556
1259,35.76427777777778,35.76427777777778
1260,66.61400694444444,66.61400694444444
1261,40.18940277777778,40.18940277777778
1262,74.56465277777778,74.56465277777778
1263,33.693135416666664,33.693135416666664
1264,36.632777777777775,36.632777777777775
1265,1.256579861111111,1.256579861111111
1266,4.079291666666666,4.079291666666666
1267,2.4296458333333333,2.4296458333333333
1268,21.598506944444445,73.85234374999999
1270,1.0028055555555555,1.0028055555555555
1272,12.389743055555556,45.500086805555554
1273,4.380288194444445,5.250534722222222
1278,29.646104166666664,21.128777777777778
1283,4.681173611111111,4.681173611111111
1287,2.9482743055555556,2.9482743055555556
1297,1.2444374999999999,1.2444374999999999
1320,62.53664583333333,62.53664583333333
1322,12.942034722222223,0.0
1324,15.938086805555557,15.938086805555557
1326,20.87379513888889,62.69959722222222
1329,20.234621527777776,20.234621527777776
1330,10.413277777777777,10.413277777777777
1332,16.809739583333332,16.809739583333332
1333,40.93147222222222,40.93147222222222
1334,21.199229166666665,21.199229166666665
1335,0.9702847222222222,0.9702847222222222
1336,12.325958333333334,12.325958333333334
1338,20.658822916666665,20.658822916666665
1340,26.84040625,26.84040625
1341,6.889013888888889,6.889013888888889
1342,3.4054270833333335,49.10624305555555
1343,24.130447916666668,24.130447916666668
1344,1.1606909722222223,1.1606909722222223
1345,12.09823263888889,94.13319444444444
1346,2.3254444444444444,2.3254444444444444
1348,33.421569444444444,0.0
1349,0.0,7.9960555555555555
1350,3.7871354166666666,3.7871354166666666
1377,1.5738506944444444,1.5738506944444444
1381,41.70001736111111,41.70001736111111
1382,19.303864583333333,19.303864583333333
1387,1.689170138888889,1.689170138888889
1388,8.4085,8.4085
1390,18.30774652777778,18.30774652777778
1391,11.527225694444443,11.527225694444443
1392,2.38128125,2.38128125
1393,11.782777777777778,11.782777777777778
1395,16.372659722222224,16.372659722222224
1396,1.194548611111111,1.194548611111111
1398,7.287249999999999,7.287249999999999
1400,11.89301388888889,11.89301388888889
1401,12.351277777777778,12.351277777777778
1403,1.3370694444444444,1.3370694444444444
1408,2.074064236111111,2.074064236111111
1413,39.05123263888889,39.05123263888889
1414,9.02609375,9.02609375
1415,9.246125,9.246125
1420,0.6908680555555555,0.6908680555555555
1422,14.905902777777778,14.905902777777778
1423,11.645000000000001,11.645000000000001
1426,6.1701041666666665,6.1701041666666665
1428,33.79559027777778,33.79559027777778
1429,25.880937499999998,25.880937499999998
1430,9.608819444444444,9.608819444444444
1431,25.09645833333333,25.09645833333333
1435,39.091631944444444,39.091631944444444
1436,5.341111111111111,5.341111111111111
1439,20.888784722222223,20.888784722222223
1440,46.17690972222223,46.17690972222223
1441,9.096597222222222,9.096597222222222
1444,41.393750000000004,41.393750000000004
1450,7.399916666666667,7.399916666666667
1452,5.246041666666667,5.246041666666667
1453,50.08614583333333,50.08614583333333
1454,33.93090277777778,33.93090277777778
1456,31.78013888888889,31.78013888888889
1457,10.639375,10.639375
1461,17.783194444444447,17.783194444444447
1462,24.151111111111113,24.151111111111113
1463,47.87138888888889,47.87138888888889
1464,23.7790625,23.7790625
1465,34.238298611111105,34.238298611111105
1466,21.036319444444445,21.036319444444445
1467,13.93340277777778,13.93340277777778
1469,38.83920138888889,38.83920138888889
1470,32.48322916666667,32.48322916666667
1472,36.709374999999994,36.709374999999994
1473,39.21489583333333,39.21489583333333
1474,52.1709375,52.1709375
1475,31.20861111111111,31.20861111111111
1478,5.9586805555555555,5.9586805555555555
1482,18.86611111111111,18.86611111111111
1484,8.515590277777777,8.515590277777777
1485,8.663809027777777,8.663809027777777
1489,1.91253125,1.91253125
1491,8.312590277777778,8.312590277777778
1493,26.960430555555554,26.960430555555554
1494,17.701340277777778,17.701340277777778
1503,65.50944791666667,108.68962152777777
1510,24.229027777777777,24.229027777777777
1511,26.003309027777778,26.003309027777778
1512,39.92199423611111,0.0
1514,68.17305555555555,68.17305555555555
1515,6.370864583333333,6.370864583333333
1516,50.07188930555556,50.07188930555556
1517,39.2341534375,39.2341534375
1518,33.904598784722225,33.904598784722225
1519,0.94969030030875,0.94969030030875
1526,64.4415625,16.437326388888888
1530,11.834826388888889,11.834826388888889
1531,11.834826388888889,11.834826388888889
1533,32.70840277777778,32.70840277777778
1534,27.046940972222224,27.046940972222224
1539,16.853565972222224,0.0
1541,11.28225625,11.28225625
1551,11.143979166666666,11.143979166666666
1556,5.360104166666667,5.360104166666667
1573,6.081524305555556,6.081524305555556
1574,9.985534722222223,9.985534722222223
1575,9.985534722222223,9.985534722222223
1580,14.62160763888889,14.62160763888889
1588,10.274114583333334,10.274114583333334
1590,0.5004496527777778,0.211296875
1598,0.0,44.79425694444444
1603,20.688899305555555,91.56825868055556
1604,44.79425694444444,0.0
1608,65.11557291666666,65.11557291666666
1609,22.975833333333334,22.975833333333334
1610,22.975833333333334,22.975833333333334
1611,35.99724652777778,34.353690972222225
1612,33.77305555555555,33.77305555555555
1619,2.2651458333333334,2.2651458333333334
1627,2.125729166666667,2.125729166666667
1648,5.861090277777778,5.861090277777778
1649,6.507569444444445,6.507569444444445
1650,49.03263888888889,0.0
1653,0.0,16.901680555555558
1678,22.775243055555556,22.775243055555556
1679,7.600222222222222,7.600222222222222
1689,1.241767361111111,1.241767361111111
1697,11.63078125,11.63078125
1726,4.509090277777778,3.6388437500000004
1736,1.3022604166666667,1.3022604166666667
1737,0.5059270833333334,0.5059270833333334
1744,6.194583333333333,14.71190972222222
1749,2.3703072916666668,2.3703072916666668
1753,21.995239583333333,21.995239583333333
1754,1.7554375,1.7554375
1781,17.105774305555556,17.105774305555556
1789,6.467586805555555,6.467586805555555
1792,35.583083333333335,0.0
1798,32.54304513888889,31.825586805555556
1799,1.1632500000000001,0.0
1813,17.32292013888889,17.32292013888889
1814,15.536940972222222,15.536940972222222
1815,32.991649305555555,32.991649305555555
1829,0.8578125000000001,0.8578125000000001
1831,0.7876736111111111,0.7876736111111111
1832,41.84846527777778,41.84846527777778
1836,5.0990625000000005,5.0990625000000005
1837,0.00034722222222222224,0.00034722222222222224
1839,3.990381944444444,3.990381944444444
1843,0.06673611111111111,0.06673611111111111
1850,0.0,0.0
1851,25.653645833333332,25.653645833333332
1865,7.502118055555556,7.502118055555556
1876,92.93288194444445,92.93288194444445
1879,61.95357177083334,61.95357177083334
1885,57.04397569444444,49.496795138888885
1899,2.31615625,2.31615625
1901,0.0,0.0
1905,21.55101388888889,58.06052083333333
1907,28.11851736111111,133.40590277777778
1909,7.689378472222223,7.689378472222223
1910,2.3712881944444444,2.3712881944444444
1911,25.385684027777778,25.385684027777778
1912,3.4078090277777777,3.4078090277777777
1913,3.4078090277777777,3.4078090277777777
1914,0.0,20.53944444444444
1915,13.941920085843751,0.0
1921,2.8970625,2.8970625
1922,2.375570395673611,2.375570395673611
1938,5.230097222222223,5.230097222222223
1958,4.171038194444445,4.171038194444445
1965,7.9960555555555555,0.0
1967,48.37172569444444,48.37172569444444
1968,6.101697916666667,104.50919444444445
1971,-8.138,-8.138
1973,38.57069444444445,38.57069444444445
1976,16.057038194444445,16.057038194444445
1979,25.607430555555556,25.607430555555556
1981,5.365079861111111,5.365079861111111
1983,5.913684027777778,5.913684027777778
1987,6.116267361111111,0.0
1990,9.05875,9.05875
1992,12.323715277777778,12.323715277777778
1993,18.490590277777777,18.490590277777777
1994,14.482708333333335,14.482708333333335
1995,12.10736111111111,12.10736111111111
1996,0.0,7.189201388888888
1998,14.603124999999999,14.603124999999999
1999,2.5235069444444442,2.5235069444444442
2004,7.306770833333333,7.306770833333333
2005,0.0,0.81069363375
2006,8.320243055555556,0.0
2007,5.694270833333333,14.82520752263889
2008,3.403159722222222,3.403159722222222
2009,3.2853819444444445,3.2853819444444445
2010,0.7759375000000001,0.7759375000000001
2012,5.2228819444444445,5.2228819444444445
2013,26.100347222222222,26.100347222222222
2014,2.6771875,2.6771875
2015,2.299375,2.299375
2016,30.92625,30.92625
2017,16.07434027777778,16.07434027777778
2018,1.4121180555555555,18.814618055555556
2022,0.28836805555555556,0.28836805555555556
2023,5.040763888888889,5.040763888888889
2024,0.0,0.0
2025,3.9593749999999996,0.0
2026,3.5292013888888887,3.5292013888888887
2027,10.394965277777779,10.394965277777779
2037,2.7979577083333336,2.7979577083333336
2038,17.7617840625,17.7617840625
2040,46.670391979166666,42.663610381944444
2046,3.3677430555555556,3.3677430555555556
2047,6.7536805555555555,6.7536805555555555
2048,54.327413194444446,54.327413194444446
2049,2.480486111111111,2.480486111111111
2050,3.5337847222222223,3.5337847222222223
2051,3.0473958333333333,3.0473958333333333
2052,3.5902083333333334,3.5902083333333334
2053,3.4483333333333333,3.4483333333333333
2059,3.4271875,3.4271875
2060,5.461180555555555,5.461180555555555
2063,1.469513888888889,1.469513888888889
2064,3.861041666666667,3.861041666666667
2065,2.6855208333333334,2.6855208333333334
2066,8.372743055555555,8.372743055555555
2068,4.064166666666667,4.064166666666667
2073,4.746909722222222,4.746909722222222
2074,7.880972222222222,7.880972222222222
2075,16.918888888888887,16.918888888888887
2076,4.198263888888889,4.198263888888889
2077,4.41201388888889,4.41201388888889
2078,5.9365625,5.9365625
2087,3.3955208333333333,3.3955208333333333
2089,3.683263888888889,3.683263888888889
2090,6.661423611111111,6.661423611111111
2091,30.218298611111113,30.218298611111113
2092,3.3954166666666667,3.3954166666666667
2093,17.84263888888889,17.84263888888889
2094,22.602100694444445,22.602100694444445
2096,9.413298611111111,9.413298611111111
2099,2.870121527777778,2.870121527777778
2100,7.787395833333333,7.787395833333333
2101,9.013020833333334,9.013020833333334
2102,2.211076388888889,2.211076388888889
2103,5.118923611111111,5.118923611111111
2106,2.1584618055555556,2.1584618055555556
2108,0.9801625,0.9801625
2109,21.233833333333333,0.0
2110,19.79678125,19.79678125
2113,15.30875,0.0
2115,9.450670138888889,9.450670138888889
2116,10.753586805555555,10.753586805555555
2121,0.0,28.729789930555555
2123,0.5701493055555555,0.5701493055555555
2125,7.975954861111111,2.8131041666666663
2127,0.6187986111111111,0.6187986111111111
2128,0.48609722222222224,0.48609722222222224
2129,0.6205173611111111,0.6205173611111111
2130,1.467545138888889,1.467545138888889
2131,0.6617187499999999,0.6617187499999999
2132,0.6844340277777777,0.6844340277777777
2133,0.4794895833333333,0.4794895833333333
2135,19.751649305555556,19.751649305555556
2136,1.5345555555555555,1.5345555555555555
2137,2.897746527777778,2.897746527777778
2138,1.433704861111111,1.433704861111111
2141,0.0,0.8075625
2142,1.8155416666666668,2.6515347222222223
2145,0.6936284722222221,0.6936284722222221
2146,25.22552083333333,25.22552083333333
2148,13.380585069444443,13.380585069444443
2150,0.9189175347222223,0.9189175347222223
2152,1.2166770833333334,1.2166770833333334
2153,2.2457296557465276,3.187190972222222
2156,0.6940277777777778,0.6940277777777778
2157,1.7190486111111112,1.7190486111111112
2158,0.6842534722222222,0.6842534722222222
2159,0.9217048611111112,0.9217048611111112
2160,6.43309375,50.80313888888889
2164,40.47570486111111,40.47570486111111
2168,0.0,38.58846527777777
2173,4.179340277777778,4.179340277777778
2174,1.092579861111111,1.092579861111111
2181,2.5202743055555556,2.5202743055555556
2184,0.0,17.087784722222224
2185,109.86117708333335,145.85327430555557
2186,70.30722222222222,70.30722222222222
2187,4.275057291666666,4.275057291666666
2188,68.27917013888889,0.0
2191,2.37945942609375,2.37945942609375
2192,11.061018453871528,11.061018453871528
2193,11.061018453871528,11.061018453871528
2197,13.652524305555556,19.448903925836806
2198,36.69150868055556,44.020883680555556
2201,7.327017361111111,0.0
2202,23.379229166666665,0.0
2205,0.19864583333333333,0.19864583333333333
2206,5.607144097222222,0.0
2211,5.9586805555555555,5.9586805555555555
2214,0.5928125,0.5928125
2219,1.7407291666666667,1.7407291666666667
2224,0.9333680555555556,0.9333680555555556
2225,9.315416666666668,9.315416666666668
2226,13.453576388888889,13.453576388888889
2227,2.2647222222222223,2.2647222222222223
2229,1.4749652777777778,1.4749652777777778
2232,4.985486111111111,4.985486111111111
2234,2.3143402777777777,6.273715277777777
2236,39.65140625,56.50497222222222
2238,13.941920085843751,0.0
2239,0.3895694444444444,0.3895694444444444
2243,0.7914861111111111,0.7914861111111111
2246,62.701421736111115,62.701421736111115
2251,10.894083333333334,10.894083333333334
2258,28.610243055555557,28.610243055555557
2260,8.507118055555557,8.507118055555557
2265,0.2546527777777778,0.2546527777777778
2266,2.342326388888889,2.342326388888889
2269,3.7114236111111114,3.7114236111111114
2270,0.0,0.0
2271,17.433124999999997,17.433124999999997
2273,0.19340277777777778,0.19340277777777778
2274,2.440347222222222,2.440347222222222
2279,6.2828125,6.2828125
2281,4.811805555555555,4.811805555555555
2285,24.750555555555554,24.750555555555554
2289,7.832354166666666,7.832354166666666
2291,1.60359375,1.60359375
2294,7.086677083333333,7.086677083333333
2295,7.718329861111111,7.718329861111111
2296,4.046038194444445,4.046038194444445
2297,56.20257638888889,56.20257638888889
2301,33.30475520833333,33.30475520833333
2303,10.530590277777778,10.530590277777778
2311,0.0,0.0
2315,23.43951388888889,23.43951388888889
2316,11.646631944444445,11.646631944444445
2317,1.652236111111111,1.652236111111111
2318,0.4414895833333333,0.4414895833333333
2320,4.745065972222222,4.745065972222222
2321,2.527198888322917,1.8654270833333333
2322,0.0,33.170571180555555
2323,0.7490416666666666,0.0
2324,26.21738888888889,0.0
2327,0.06065972222222222,0.06065972222222222
2329,10.826215277777777,0.0
2345,41.516496527777775,41.516496527777775
2358,2.4438125,2.4438125
2383,0.0,0.0
2395,0.0071354166666666675,0.0071354166666666675
2397,0.0071354166666666675,0.0071354166666666675
2398,0.0,0.0
2403,15.155104166666664,21.009340277777774
2404,9.285086805555556,9.285086805555556
7626,109.77600694444445,109.77600694444445
7628,13.453576388888889,13.453576388888889
7637,9.468104166666667,9.468104166666667
7639,64.78167013888888,0.0
7648,42.392673611111114,49.93985416666667
7660,224.61628472222222,0.0
7676,9.933472222222223,9.933472222222223
7677,59.095114583333334,0.0
7680,32.09860416666667,32.09860416666667
7684,25.231402777777777,25.231402777777777
7695,42.40092013888889,42.40092013888889
7710,18.136145833333334,18.136145833333334
7732,126.74239583333335,126.74239583333335
7755,36.50950694444444,0.0
7758,39.46790277777777,39.46790277777777
7787,34.1721875,34.1721875
7789,88.74009027777778,0.0
7801,23.13170326388889,0.0
7824,0.0,64.78167013888888
7840,56.88127430555556,0.0
7845,109.96926736111111,109.96926736111111
7867,147.81635416666666,147.81635416666666
7869,14.123819444444445,14.123819444444445
7871,147.23552083333334,147.23552083333334
7880,10.896600694444444,0.0
7893,43.86074652777778,43.86074652777778
7913,64.22172222222223,13.47670138888889
7918,49.658138888888885,0.0
7949,21.049999999999997,21.049999999999997
7951,105.53527777777778,105.53527777777778
7957,43.18017361111111,0.0
7982,25.959930555555555,25.959930555555555
7987,42.964559027777774,0.0
7990,134.88107638888889,134.88107638888889
8010,48.56954861111112,48.56954861111112
8011,66.72621180555555,0.0
8014,32.84254861111111,32.84254861111111
8042,11.652946666666667,11.652946666666667
8044,22.644649305555554,22.644649305555554
8052,52.25383680555555,0.0
8074,100.68048611111111,100.68048611111111
8083,94.0409375,94.0409375
8085,9.165538194444444,9.165538194444444
8098,3.343125,3.343125
8114,20.249756944444446,20.249756944444446
8116,5.395520833333333,5.395520833333333
8125,63.25479166666667,63.25479166666667
8135,39.40347222222223,39.40347222222223
8144,20.438819444444444,0.0
8147,41.290185763888886,0.211296875
8158,13.652524305555556,13.652524305555556
8160,38.58846527777777,0.0
8176,0.36624305555555553,0.36624305555555553
8200,50.13096357638889,0.0
8210,194.75142361111114,194.75142361111114
8253,55.62924652777778,0.0
8285,0.0,51.540284722222225
8299,17.38915625,0.0
8301,33.803361111111116,0.0
8313,34.970312500000006,34.970312500000006
8316,42.724895833333335,42.724895833333335
8331,26.810181527777775,26.810181527777775
8336,89.05336805555555,89.05336805555555
8337,2.625680555555556,2.625680555555556
8341,3.1271875,3.1271875
8368,0.0,20.438819444444444
8384,12.279246527777778,0.0
8406,30.152881944444445,30.152881944444445
8455,9.16,1.9707986111111113
8459,17.188788194444445,0.0
8463,9.322465277777777,9.338890625
8501,9.285086805555556,9.285086805555556
8512,16.19498611111111,16.19498611111111
8524,10.065055555555555,0.0
8540,24.586246527777778,0.0
8556,26.414008715277777,26.414008715277777
8570,34.10340277777778,34.10340277777778
8574,36.19260763888889,36.19260763888889
8587,112.77621267361111,47.02260503472222
8590,49.53403149305555,49.53403149305555
8591,51.66595486111111,51.66595486111111
8618,16.780371527777778,16.780371527777778
8629,44.05277777777778,44.05277777777778
8638,39.86792361111111,0.0
8641,29.33052104166667,29.33052104166667
8647,21.794350694444447,21.794350694444447
8653,51.540284722222225,0.0
8660,6.111451388888889,6.111451388888889
8661,39.704861111111114,39.704861111111114
8692,33.374291666666664,0.26394791666666667
8711,13.835145833333334,13.835145833333334
8744,34.011381944444445,0.0
8753,28.963665230864304,28.963665230864304
8791,43.395506805555556,43.395506805555556
8809,46.047646388888886,0.0
8823,20.001565833333334,0.0
8839,28.013974930555555,28.013974930555555
8842,33.98340625,0.0
8849,13.06398263888889,13.06398263888889
8856,12.3284375,0.0
8861,10.175367430555555,10.175367430555555
