SourceName,CECName,match_rule,source_lat,source_lon,cec_lat,cec_lon,dist_km,name_agrees,already_in_dict
BARRETT,Barrett - (SDG&E),spatial,32.659659096658075,-116.70118598909106,32.66719217,-116.70013085,0.843,True,True
BARRETT,Unknown - 4030,spatial,32.659659096658075,-116.70118598909106,32.66778752,-116.69872579,0.933,False,True
BORDER,Calpeak,spatial,32.56861917203075,-116.9407818041129,32.56702649,-116.94427176,0.372,False,True
BORDER,Larkspur Energy Facility,spatial,32.56861917203075,-116.9407818041129,32.56629037,-116.94431164,0.42,False,True
BORDER,Border - (SDG&E),spatial,32.56861917203075,-116.9407818041129,32.562598,-116.94315277,0.705,True,True
CABRILLO,Jennings,spatial,32.715978473390244,-117.23990304016904,32.71876607,-117.23932609,0.315,False,True
CABRILLO,Cabrillo - (SDG&E),spatial,32.715978473390244,-117.23990304016904,32.70747823,-117.24504206,1.06,True,True
CABRILLO,Roseville 1,spatial,32.715978473390244,-117.23990304016904,32.71976785,-117.22949715,1.061,False,True
CABRILLO,Roseville 2,spatial,32.715978473390244,-117.23990304016904,32.7197848,-117.22945401,1.065,False,True
CABRILLO,Roseville 3,spatial,32.715978473390244,-117.23990304016904,32.71980175,-117.22941088,1.07,False,True
CAMERON,Cameron - (SDG&E),spatial,32.64087862662459,-116.5012543399666,32.65324709,-116.48814517,1.843,True,True
EASTGATE,Eastgate -  South,spatial,32.88079314728578,-117.19125554657676,32.88484676,-117.20082653,1.001,False,False
EASTGATE,Mira Sorrento,spatial,32.88079314728578,-117.19125554657676,32.89273637,-117.20589149,1.906,False,False
GARFIELD,Garfield - (SDG&E),spatial,32.80156566285017,-116.99533176191096,32.79524624,-116.99677512,0.716,True,True
GARFIELD,Tyrone,spatial,32.80156566285017,-116.99533176191096,32.7978308,-116.98829452,0.778,False,True
GARFIELD,Garfield 3,numbered_3,32.80156566285017,-116.99533176191096,32.79510178,-116.98660665,1.087,False,True
LOS COCHES,Los Coches - (SDG&E),spatial,32.87495027255902,-116.89484641244428,32.85960893,-116.89919737,1.754,True,True
MISSION,Mission - (SDG&E),spatial,32.783777411438024,-117.12572176243368,32.7840155,-117.13743125,1.095,True,True
PARADISE,Unknown - 4437,spatial,32.69780480948839,-117.05558332585034,32.69612868,-117.04968785,0.582,False,True
PARADISE,Paradise - (SDG&E),spatial,32.69780480948839,-117.05558332585034,32.70448422,-117.04998311,0.909,True,True
PARADISE,Eo3,spatial,32.69780480948839,-117.05558332585034,32.7099637,-117.06096602,1.443,False,True
PARADISE,Eo2,spatial,32.69780480948839,-117.05558332585034,32.70996349,-117.06101243,1.444,False,True
PARADISE,Eo1,spatial,32.69780480948839,-117.05558332585034,32.70996347,-117.06105798,1.446,False,True
PICO,Pico - (SDG&E),spatial,33.472892946910534,-117.5978376945472,33.45686953,-117.58923059,1.952,True,True
SALT CREEK,Salt Creek - SDG&E,spatial,32.61813102263342,-116.95544089896852,32.61940535,-116.94945122,0.579,True,True
SANTEE,Santee - (SDG&E),spatial,32.85787851830011,-116.96354154047636,32.85443322,-116.96835714,0.591,True,True
SCRIPPS,Scripps - (SDG&E),spatial,32.917728946481574,-117.1044944697442,32.91097579,-117.11258255,1.065,True,True
SCRIPPS,Unknown - 3893,spatial,32.917728946481574,-117.1044944697442,32.91035231,-117.11330139,1.161,False,True
STATION B,Harbor 5,spatial,32.71544232812692,-117.16590840305273,32.71510872,-117.16843731,0.239,False,True
STATION B,Station B - (SDG&E),spatial,32.71544232812692,-117.16590840305273,32.71414636,-117.16948952,0.365,True,True
STATION B,Station C 14,spatial,32.71544232812692,-117.16590840305273,32.71965347,-117.16165627,0.614,False,True
STATION B,Station C 17,spatial,32.71544232812692,-117.16590840305273,32.71965235,-117.16152688,0.622,False,True
STATION B,Central,spatial,32.71544232812692,-117.16590840305273,32.71426323,-117.15861324,0.695,False,True
STATION B,Urban,spatial,32.71544232812692,-117.16590840305273,32.71324243,-117.15144643,1.375,False,True
STATION B,Balboa Stadium 1,spatial,32.71544232812692,-117.16590840305273,32.71974958,-117.1513103,1.447,False,True
STATION B,Downtown,spatial,32.71544232812692,-117.16590840305273,32.70834172,-117.1484079,1.818,False,True
STATION B,Middletown 1,spatial,32.71544232812692,-117.16590840305273,32.73145837,-117.17004819,1.823,False,True
STATION B,Middletown 3,spatial,32.71544232812692,-117.16590840305273,32.73147533,-117.16999358,1.823,False,True
STATION B,Lindbergh,spatial,32.71544232812692,-117.16590840305273,32.7277105,-117.18076369,1.947,False,True
STATION B,Coronado,spatial,32.71544232812692,-117.16590840305273,32.69884325,-117.1733231,1.972,False,True
SUNNYSIDE,Sunnyside - (SDG&E),spatial,32.66621208946227,-117.0379402035208,32.65801525,-117.03030214,1.158,True,True
VALLEY CENTER,Valley Center - (SDG&E),spatial,33.227784132577035,-116.99902954019036,33.23069028,-117.01840743,1.831,True,True
VALLEY CENTER,Unknown - 4363,spatial,33.227784132577035,-116.99902954019036,33.22798856,-117.01988714,1.94,False,True
VINE,SDGE Vine 69kV,spatial,32.73922884457361,-117.1805786390423,32.73875606,-117.17898593,0.158,False,True
VINE,Kettner,spatial,32.73922884457361,-117.1805786390423,32.73317625,-117.17375908,0.927,False,True
VINE,Lindbergh,spatial,32.73922884457361,-117.1805786390423,32.7277105,-117.18076369,1.281,False,True
VINE,Middletown 1,spatial,32.73922884457361,-117.1805786390423,32.73145837,-117.17004819,1.31,False,True
VINE,Unknown - 3622,spatial,32.73922884457361,-117.1805786390423,32.74538024,-117.19255309,1.312,False,True
VINE,Middletown 3,spatial,32.73922884457361,-117.1805786390423,32.73147533,-117.16999358,1.313,False,True
VINE,Ntcq,spatial,32.73922884457361,-117.1805786390423,32.74614278,-117.19251357,1.355,False,True
VINE,Hillcrest 3,spatial,32.73922884457361,-117.1805786390423,32.74677582,-117.16458695,1.715,False,True
VINE,Hillcrest 4,spatial,32.73922884457361,-117.1805786390423,32.74677795,-117.16448439,1.723,False,True
WABASH CANYON,Wabash - (SDG&E),spatial,32.72991109316187,-117.09755129532914,32.73003924,-117.11095412,1.254,False,False
WABASH CANYON,Market,spatial,32.72991109316187,-117.09755129532914,32.71258644,-117.09384885,1.957,False,False
