utility,substation_name,util_lat,util_lon,cec_lat,cec_lon,type,status
pge,HOLLISTER,36.86291061228925,-121.4059655595244,36.86284116,-121.40599793,SUBSTATION,Operational
pge,OROVILLE,39.50420642182479,-121.56020606130058,39.5039928,-121.56014172,SUBSTATION,Operational
pge,HOPLAND,38.97287952085421,-123.08117071435976,38.97278815,-123.08110832,SUBSTATION,Operational
pge,PANORAMA,40.43443262495934,-122.26746683270112,40.43436274,-122.26790944,SUBSTATION,Operational
pge,HAMILTON A,39.74626480299121,-122.01146489920175,39.74641341,-122.01135593,SUBSTATION,Operational
pge,BROOKSIDE,37.96197173061187,-122.34740011271514,37.96209069,-122.34739739,SUBSTATION,Operational
pge,EIGHT MILE,38.058406468108736,-121.37663705496492,38.05886103,-121.376889,SUBSTATION,Operational
pge,STROUD,36.53114916455339,-120.10431099777811,36.53108265,-120.10449376,SUBSTATION,Operational
pge,COARSEGOLD,37.22741691128599,-119.690552055026,37.22747102,-119.69073249,SUBSTATION,Operational
pge,SCHINDLER,36.401932506462806,-120.13844397559691,36.40193944,-120.13870949,SUBSTATION,Operational
pge,STANISLAUS,38.14006225541333,-120.36971689458166,38.13789292,-120.37017629,SUBSTATION,Operational
pge,OTTER,36.38026746652593,-121.89862348687925,36.38008178,-121.89928749,SUBSTATION,Operational
pge,GABILAN,36.73135977881113,-121.61341084063255,36.73129846,-121.61329866,SUBSTATION,Operational
pge,BRUNSWICK,39.231239532701935,-121.03491018822432,39.23104485,-121.0350129,SUBSTATION,Operational
pge,CANAL,37.06637138757264,-120.83597188351864,37.06632834,-120.83555106,SUBSTATION,Operational
pge,BOGUE,39.096194366463855,-121.6233825471538,39.09589829,-121.62396603,SUBSTATION,Operational
pge,HICKS,37.233642133115225,-121.9012169860993,37.23370852,-121.90105523,SUBSTATION,Operational
pge,PINEDALE,36.85007067841538,-119.8034557830923,36.84992404,-119.80333234,SUBSTATION,Operational
pge,SAN RAFAEL,37.97034817117299,-122.5268270651713,37.9705732,-122.52720274,SUBSTATION,Operational
pge,CHICO B,39.7253212399454,-121.846804015902,39.72550979,-121.84706244,SUBSTATION,Operational
pge,ZAMORA,38.77465430165772,-121.85821418077823,38.77565015,-121.85815367,SUBSTATION,Operational
pge,ASHLAN AVE,36.79285389656522,-119.82738205997627,36.79288536,-119.82799531,SUBSTATION,Operational
pge,DEEPWATER,38.55140495900723,-121.55981764661082,38.55156311,-121.55999899,SUBSTATION,Operational
pge,WOLFE,37.33477745536544,-122.02082362284114,37.3344314,-122.0205933,SUBSTATION,Operational
pge,CLARK ROAD,39.65482672818301,-121.63548123647666,39.65451617,-121.63549489,SUBSTATION,Operational
pge,DOLAN ROAD,36.80013119439448,-121.76897719428231,36.80022321,-121.7690576,SUBSTATION,Operational
pge,RICHMOND R,37.92625133438892,-122.36966637516512,37.92617563,-122.36956389,SUBSTATION,Operational
pge,PINE GROVE,38.41280369646983,-120.66072875769709,38.41279257,-120.66022093,SUBSTATION,Operational
pge,LE GRAND,37.18467134480297,-120.27370723472944,37.18497183,-120.27394225,SUBSTATION,Operational
pge,WEBER,37.91977787523238,-121.24063827031146,37.91984596,-121.24026094,SUBSTATION,Operational
pge,STOCKDALE,35.31647157909954,-119.06802793721036,35.31705198,-119.06762182,SUBSTATION,Operational
pge,BALFOUR,37.926180349016605,-121.67855023269668,37.92583299,-121.67826287,SUBSTATION,Operational
pge,BOWLES,36.60577292106775,-119.77351527184116,36.60561399,-119.77329431,SUBSTATION,Operational
pge,LAMMERS,37.71280029392499,-121.47875326631689,37.71302438,-121.47790414,SUBSTATION,Operational
pge,HIGHLANDS,38.93697153956946,-122.60907443594864,38.93705627,-122.6088951,SUBSTATION,Operational
pge,TIDEWATER,38.02052295487403,-122.06207554043746,38.01963921,-122.06184384,SUBSTATION,Operational
pge,CASTRO VALLEY,37.6917841084946,-122.06126559376074,37.69127602,-122.06126424,SUBSTATION,Operational
pge,CLAY,38.34223678954548,-120.93502517926262,38.34218551,-120.93496732,SUBSTATION,Operational
pge,OLIVEHURST,39.09191021084869,-121.54283685629107,39.09206459,-121.54295996,SUBSTATION,Operational
pge,LLAGAS,37.00719420510908,-121.5569929127207,37.00725799,-121.55723133,SUBSTATION,Operational
pge,SARANAP,37.8949912204196,-122.07469961303588,37.89509916,-122.07371515,SUBSTATION,Operational
pge,KING CITY,36.21705442156273,-121.12682030175492,36.21699239,-121.12713404,SUBSTATION,Operational
pge,OROSI,36.54494016402164,-119.2512498016316,36.54483107,-119.25140686,SUBSTATION,Operational
pge,LIVERMORE,37.680003612395765,-121.78085098109068,37.68002283,-121.78049172,SUBSTATION,Operational
pge,PLACERVILLE,38.730977599017024,-120.78350575501544,38.73089349,-120.78382553,SUBSTATION,Operational
pge,UPPER LAKE,39.14608725571375,-122.91705320074546,39.14573547,-122.91664494,SUBSTATION,Operational
pge,ERTA,36.93065412756231,-121.76425096468428,36.93037681,-121.76422718,SUBSTATION,Operational
pge,CAPAY,39.77653431381928,-122.10355513930796,39.77595845,-122.10379752,SUBSTATION,Operational
pge,NORTH DUBLIN,37.74483921993783,-121.85769752164674,37.74482603,-121.85791088,SUBSTATION,Operational
pge,CALIFORNIA AVE,36.71976722854816,-119.76422834299458,36.71951295,-119.76417234,SUBSTATION,Operational
pge,ORICK,41.29430712515043,-124.05658700221892,41.29428202,-124.05685746,SUBSTATION,Operational
pge,VALLEY VIEW,37.96628771253263,-122.27912095478516,37.96612901,-122.278611,SUBSTATION,Operational
pge,MARTELL,38.36883661631688,-120.79647096943472,38.36910288,-120.79674099,SUBSTATION,Operational
pge,CRESSEY,37.42859913669553,-120.6384473846346,37.42846447,-120.63851484,SUBSTATION,Operational
pge,HENRIETTA,36.24184869376041,-119.90482761916222,36.24191457,-119.90325931,SUBSTATION,Operational
pge,OLETA,38.4807522569046,-120.84479287419188,38.48075913,-120.84493058,SUBSTATION,Operational
pge,WATSONVILLE,36.90322145782284,-121.75635320535145,36.90274697,-121.75589623,SUBSTATION,Operational
pge,HOLLYWOOD,37.81262335848576,-122.2188198016409,37.81294013,-122.21883896,SUBSTATION,
pge,KERN POWER,35.378644853294965,-119.09838282217432,35.37999622,-119.097354,SUBSTATION,Operational
pge,GUALALA,38.78608834746834,-123.52264215716971,38.78617484,-123.52208416,SUBSTATION,Operational
pge,PANAMA,35.29554130507497,-119.02181642397912,35.29555113,-119.02163969,SUBSTATION,Operational
pge,KONOCTI,38.932601383485405,-122.74098053352844,38.93232535,-122.74099288,SUBSTATION,Operational
pge,BORONDA,36.690641286171,-121.67942490459326,36.69028178,-121.67924483,SUBSTATION,Operational
pge,ALMADEN,37.26010442296057,-121.8898329799593,37.25995628,-121.88988531,SUBSTATION,Operational
pge,BUELLTON,34.62516166893696,-120.18655523536748,34.62477183,-120.18608208,SUBSTATION,Operational
pge,FORESTHILL,39.01998695236322,-120.8293416806212,39.0192965,-120.83023212,SUBSTATION,Operational
pge,PRUNEDALE,36.7848917695957,-121.6710561826014,36.78537639,-121.67112012,SUBSTATION,Operational
pge,DAYTON ROAD,39.72016631724905,-121.83969083882324,39.71972188,-121.83932292,SUBSTATION,Operational
pge,BARTON,36.764127437715366,-119.73480480396712,36.76423771,-119.73489812,SUBSTATION,Operational
pge,BRIDGEVILLE,40.47973690196123,-123.78042714948089,40.47964093,-123.78029605,SUBSTATION,Operational
pge,MABURY,37.36110148781495,-121.86446124822062,37.36081022,-121.86414452,SUBSTATION,Operational
pge,TUDOR,38.9816906487069,-121.63537871499491,38.98167395,-121.63510417,SUBSTATION,Operational
pge,GATES,36.13875751303389,-120.1233876281544,36.14024003,-120.12545097,SUBSTATION,Operational
pge,GIFFEN,36.54577475933991,-120.33539282422548,36.54513862,-120.33476285,SUBSTATION,Operational
pge,CLARKSVILLE,38.6556481194856,-121.05997890956418,38.65571276,-121.05953062,SUBSTATION,Operational
pge,ORO FINO,39.87163789301229,-121.611036786173,39.87155736,-121.6107717,SUBSTATION,Operational
pge,SAN RAMON,37.74487564264759,-121.93673033346126,37.74472078,-121.93589666,SUBSTATION,Operational
pge,EAST NICOLAUS,38.90941478613143,-121.54229853496466,38.90969743,-121.54248504,SUBSTATION,Operational
pge,TRES VIAS,39.48664776643268,-121.68751739757202,39.4867594,-121.68801089,SUBSTATION,Operational
pge,CARUTHERS,36.53207399155622,-119.88218484607894,36.53216444,-119.88145677,SUBSTATION,Operational
pge,SAN JOAQUIN,36.62114126800271,-120.17810289515532,36.62093115,-120.17833856,SUBSTATION,Operational
pge,BRENTWOOD,37.91951019657826,-121.6770008771395,37.91905242,-121.67675008,SUBSTATION,Operational
pge,CLOVIS,36.82632258904477,-119.68092161392016,36.82619305,-119.68124113,SUBSTATION,Operational
pge,CAYETANO,37.73836825979488,-121.77069648385788,37.73860001,-121.77115017,SUBSTATION,Operational
pge,PIERCY,37.27020479293485,-121.78738454597324,37.26909021,-121.78723318,SUBSTATION,Operational
pge,COLONY,38.19050048956095,-121.18105263498548,38.19021937,-121.18187157,SUBSTATION,Operational
pge,SANTA TERESA,37.238496970450434,-121.79054338190755,37.23871506,-121.79075694,SUBSTATION ASSUMED,
pge,PEACHTON,39.37878705432235,-121.68516794919552,39.37823659,-121.68508122,SUBSTATION,Operational
pge,CORDELIA,38.21563871076733,-122.11186468922854,38.21593494,-122.11238794,SUBSTATION,Operational
pge,MORGAN HILL,37.12649792772826,-121.6591293431273,37.12669562,-121.65889,SUBSTATION,Operational
pge,ARANA,36.98438410414178,-121.99012545589314,36.9842827,-121.99036467,SUBSTATION,Operational
pge,VACAVILLE,38.35652261234486,-121.98035345499687,38.35651911,-121.9804878,SUBSTATION,Operational
pge,ARLINGTON,37.88897961680794,-122.27297827230667,37.88891931,-122.27292584,SUBSTATION,Operational
pge,FAIRHAVEN,40.80053988251958,-124.1961850487832,40.80046201,-124.19627996,SUBSTATION,Operational
pge,SUISUN,38.24454829820952,-122.04148241778712,38.245127,-122.04124278,SUBSTATION,Operational
pge,FAIRWAY,34.91060882113302,-120.44608849948852,34.91051833,-120.44649997,SUBSTATION,Operational
pge,WALNUT CREEK,37.904820730988014,-122.06085617174196,37.90479707,-122.0609477,SUBSTATION,Operational
pge,ATWATER,37.3600903184248,-120.61458852452108,37.3600959,-120.61467187,SUBSTATION,Operational
pge,HERDLYN,37.81698475446724,-121.58716994811228,37.81671545,-121.58615233,SUBSTATION,Operational
pge,VALLEY HOME,37.85608548958504,-120.94440964637616,37.85642153,-120.94441317,SUBSTATION,Operational
pge,WEST FRESNO,36.71798260214739,-119.81904246829367,36.71816864,-119.81899178,SUBSTATION,Operational
pge,RICE,39.402405951136096,-122.0140123123825,39.40274207,-122.01325134,SUBSTATION,Operational
pge,ELK HILLS,35.226241139395945,-119.37663775129045,35.22606173,-119.37659065,SUBSTATION,Operational
pge,CARRIZO PLAINS,35.381017002802906,-120.04015761995842,35.38067665,-120.04018164,SUBSTATION,Operational
pge,KERN OIL,35.44071661874439,-119.02040105128609,35.44070065,-119.02072362,SUBSTATION,Operational
pge,CORNING,39.932572768315495,-122.18734884261642,39.93242638,-122.18757622,SUBSTATION,Operational
pge,BANGOR,39.38796688540241,-121.40298390629762,39.38766858,-121.40316244,SUBSTATION,Operational
pge,TYLER,40.13845382134672,-122.20839746763076,40.1384696,-122.2088274,SUBSTATION,Operational
pge,CORCORAN,36.1097291421788,-119.55733517121652,36.10939596,-119.55718007,SUBSTATION,Operational
pge,SANTA YNEZ,34.62552143506068,-120.11931589174262,34.6251963,-120.11934013,SUBSTATION,Operational
pge,BERKELEY F,37.87234225189556,-122.27809421905329,37.8724246,-122.27815591,SUBSTATION,Operational
pge,KINGSBURG,36.4886216034969,-119.5824905378176,36.4884271,-119.58247758,SUBSTATION,Operational
pge,VIERRA,37.79819570487165,-121.2743535358029,37.79784999,-121.27420395,SUBSTATION,Operational
pge,GARBERVILLE,40.10337464980182,-123.7925248171206,40.10300285,-123.7928637,SUBSTATION,Operational
pge,DEL MONTE,36.59919530577832,-121.85414882424809,36.59823294,-121.85302316,SUBSTATION,Operational
pge,ANDERSON,40.4500398913538,-122.3047386818897,40.44972895,-122.30503235,SUBSTATION,Operational
pge,KNIGHTS LANDING,38.80894434056115,-121.74638901920422,38.8092787,-121.74508156,SUBSTATION,Operational
pge,PEASE,39.17017321175534,-121.66111558856706,39.17022737,-121.66129627,SUBSTATION,Operational
pge,REEDLEY,36.604246761895766,-119.37597494144654,36.60434214,-119.37619576,SUBSTATION,Operational
pge,RENFRO,35.3871335591251,-119.1642609395004,35.38771444,-119.16408206,SUBSTATION,Operational
pge,PLEASANT GROVE,38.82203193935343,-121.30628841171048,38.8220853,-121.30652765,SUBSTATION,Operational
pge,CLOVERDALE,38.79708983960812,-123.01056995209038,38.79714659,-123.01027341,SUBSTATION,Operational
pge,SISQUOC,34.87888609675112,-120.3307559903573,34.87859381,-120.33066486,SUBSTATION,Operational
pge,LOCKEFORD,38.11719384065125,-121.16028330539748,38.11774302,-121.16054706,SUBSTATION,Operational
pge,COLUMBUS,35.39851810200948,-118.93981268255826,35.3984006,-118.93986814,SUBSTATION,Operational
pge,SILVERADO,38.49997654207099,-122.45894388782744,38.49981294,-122.45909737,SUBSTATION,Operational
pge,SAN PABLO,37.98592857019798,-122.33656746665152,37.98529144,-122.33681203,SUBSTATION,Operational
pge,BRITTON,37.37491569242551,-122.01651663969916,37.37455725,-122.01635278,SUBSTATION,Operational
pge,ALTO,37.898563217546894,-122.5246426549278,37.89862256,-122.52459298,SUBSTATION,Operational
pge,RACETRACK,37.97990732524795,-120.41350998469224,37.97990568,-120.41416513,SUBSTATION,Operational
pge,CHEROKEE,38.00576000998228,-121.23810008766183,38.00550694,-121.23799594,SUBSTATION,Operational
pge,BONNIE NOOK,39.21451033170248,-120.80959918082056,39.21470268,-120.80927931,SUBSTATION,Operational
pge,DIXON,38.44526066389723,-121.82592500657064,38.44524532,-121.8260066,SUBSTATION,Operational
pge,BUCKS CREEK,39.91160243296182,-121.32682793665592,39.98640208,-121.28388784,SUBSTATION,Operational
pge,DEVILS DEN,35.77577482106427,-119.97369007248874,35.7750034,-119.97377632,SUBSTATION,Operational
pge,COPUS,35.09340403050877,-119.27870217911948,35.09338517,-119.27892406,SUBSTATION,Operational
pge,BERESFORD,37.56455256555905,-122.31946336534357,37.56488772,-122.31929883,SUBSTATION,Operational
pge,GEYSERVILLE,38.70995941018712,-122.9076911568436,38.70980841,-122.90796625,SUBSTATION,Operational
pge,COVELO,39.78636157593041,-123.24873746443508,39.78611124,-123.24853337,SUBSTATION,Operational
pge,MORMON,37.96829976020206,-121.18544225637552,37.96883294,-121.18596995,SUBSTATION,Operational
pge,WINTERS,38.51671294425671,-121.95185421086413,38.51759553,-121.95113858,SUBSTATION,Operational
pge,WHISMAN,37.40496417559913,-122.0690328952126,37.40499229,-122.06853966,SUBSTATION,Operational
pge,OAKLAND X,37.80525464784044,-122.23148010243337,37.80528491,-122.2312545,SUBSTATION,Operational
pge,TUPMAN,35.35313544613848,-119.27093751559444,35.35415616,-119.2706431,SUBSTATION,Operational
pge,AUBERRY,37.0682317832377,-119.49617440265196,37.06798297,-119.4957038,SUBSTATION,Operational
pge,TRES PINOS,36.78439384314798,-121.3195803556968,36.78441109,-121.31964043,SUBSTATION,
pge,SPENCE,36.61397731072983,-121.56666763878204,36.61374789,-121.56712033,SUBSTATION,Operational
pge,WAHTOKE,36.61521376920539,-119.45225124272176,36.61538566,-119.45259608,SUBSTATION,Operational
pge,WELLFIELD,35.22496336365365,-118.77833722283752,35.22431531,-118.77896203,SUBSTATION,Operational
pge,RIVERBANK,37.76887583084935,-120.90778635201956,37.76919802,-120.9078318,SUBSTATION,Operational
pge,OLEMA,38.042251130418286,-122.7863974329975,38.04217391,-122.78643889,SUBSTATION,Operational
pge,ZACA,34.69665857732155,-120.15172324390338,34.69669893,-120.15146427,SUBSTATION,Operational
pge,PARLIER,36.60756183371276,-119.52147471307352,36.60754847,-119.52129745,SUBSTATION,Operational
pge,SANTA RITA,37.05503123485525,-120.63408256251265,37.05464219,-120.63398158,SUBSTATION,Operational
pge,PEABODY,38.28556962442518,-121.97162432823951,38.28545909,-121.97069289,SUBSTATION,Operational
pge,BASALT,38.26311376964152,-122.26904909242027,38.26315702,-122.26921876,SUBSTATION,Operational
pge,SANTA ROSA A,38.43690591996298,-122.71335000873452,38.43677053,-122.71341952,SUBSTATION,Operational
pge,HONCUT,39.3207327968909,-121.59528383517107,39.32057514,-121.5953144,SUBSTATION,Operational
pge,BARRY,39.069242120060025,-121.68996821514853,39.06921128,-121.68983455,SUBSTATION,Operational
pge,PIKE CITY,39.43821522456168,-120.9959439071993,39.43810092,-120.99608554,SUBSTATION,Operational
pge,ARCATA,40.86730949748007,-124.08825985825644,40.86707613,-124.08841041,SUBSTATION,Operational
pge,CORRAL,38.10147374789754,-120.92528602571213,38.10147557,-120.92616284,SUBSTATION,Operational
pge,PUEBLO,38.34543841547816,-122.299196392614,38.34521481,-122.29944017,SUBSTATION,Operational
pge,CHICO A,39.71896295197578,-121.82083893681968,39.71883501,-121.82090726,SUBSTATION,Operational
pge,REDBUD,39.027411633952696,-122.66266510947312,39.02753001,-122.66236986,SUBSTATION,Operational
pge,SEMITROPIC,35.600617453739545,-119.4375052688722,35.60074076,-119.43751153,SUBSTATION,Operational
pge,WILSON,37.2934446066299,-120.40695900507797,37.29339004,-120.40716103,SUBSTATION,Operational
pge,WATERLOO,38.05131599877336,-121.20945809220316,38.05162573,-121.20987949,SUBSTATION,Operational
pge,DAIRYVILLE,40.1280600543476,-122.09824574117305,40.12801843,-122.09834284,SUBSTATION,Operational
pge,LOGAN CREEK,39.53921325844442,-122.2628031886025,39.53950609,-122.26303744,SUBSTATION,Operational
pge,PALO SECO,37.81955732296677,-122.20690655429549,37.81910154,-122.20594215,SUBSTATION,Operational
pge,LOS GATOS,37.22645888521239,-121.97717996165842,37.22643488,-121.97733907,SUBSTATION,Operational
pge,RIO DELL,40.495345252516735,-124.09933588858924,40.4953848,-124.09925424,SUBSTATION,Operational
pge,SAN CARLOS,37.49925681676064,-122.2433672056333,37.49974836,-122.24405025,SUBSTATION,Operational
pge,BONITA,36.96781971171099,-120.2031525152736,36.92391321,-120.20156688,SUBSTATION,Operational
pge,CHARCA,35.608124985119254,-119.32533697812512,35.60807005,-119.32530137,SUBSTATION,Operational
pge,WILLOW PASS,38.02501979007568,-121.96117701573776,38.02476532,-121.96096012,SUBSTATION,Operational
pge,OLD RIVER,35.20832874558806,-119.10078114322462,35.20842563,-119.10067378,SUBSTATION,Operational
pge,COLUMBIA HILL,39.3315648176399,-121.10125373763962,39.33183504,-121.10133712,SUBSTATION,Operational
pge,MALAGA,36.6933448884706,-119.7259384506958,36.69324998,-119.7265213,SUBSTATION,Operational
pge,WASCO,35.6019019395657,-119.32598797488932,35.60180615,-119.32618191,SUBSTATION,Operational
pge,JOLON,36.01345405632114,-121.1673499639731,36.01323683,-121.16794549,SUBSTATION,Operational
pge,CARQUINEZ,38.09076019525074,-122.24869737229972,38.09086753,-122.24863813,SUBSTATION,Operational
pge,WEST LANE,37.99058390947568,-121.2838089984723,37.99020147,-121.28366768,SUBSTATION,Operational
pge,HAMMER,38.02161846146168,-121.3204489914979,38.02160197,-121.32036593,SUBSTATION,Operational
pge,HIGGINS,39.04402916015481,-121.0909371400403,39.04403542,-121.09067938,SUBSTATION,Operational
pge,HARRIS,40.781372534153576,-124.1319638474449,40.78090956,-124.13183956,SUBSTATION,Operational
pge,PAUL SWEET,36.99259833764791,-121.9820620699066,36.99231782,-121.98216624,SUBSTATION,Operational
pge,DESCHUTES,40.55543101923755,-122.23990905392132,40.55534765,-122.23979123,SUBSTATION,Operational
pge,WEEDPATCH,35.223900483374415,-118.88000875571748,35.22374228,-118.87999595,SUBSTATION,Operational
pge,SHADY GLEN,39.115253699631616,-120.95381821842112,39.11533935,-120.95293216,SUBSTATION,Operational
pge,COLUSA,39.213661583558526,-122.00306856656788,39.21352958,-122.00253699,SUBSTATION,Operational
pge,FRUITVALE,35.37778171713446,-119.09265249949172,35.37726265,-119.0926756,SUBSTATION,Operational
pge,TERMINOUS,38.11711521592538,-121.42139866543384,38.11645652,-121.42216882,SUBSTATION,Operational
pge,WEST SACRAMENTO,38.58949498136971,-121.54527027674682,38.5895099,-121.54488796,SUBSTATION,Operational
pge,PASO ROBLES,35.615659121898986,-120.67926595289852,35.615634,-120.67947894,SUBSTATION,Operational
pge,PITTSBURG,38.03070653596985,-121.8692592247712,38.03681699,-121.89678284,SUBSTATION,Operational
pge,HORSESHOE,38.74422432366909,-121.16136710564363,38.74431095,-121.1616294,SUBSTATION,Operational
pge,ORLAND B,39.72519125045083,-122.17865785695024,39.72519088,-122.17872759,SUBSTATION,Operational
pge,GUSTINE,37.253059038898215,-121.01309879419414,37.25323114,-121.01302875,SUBSTATION,Operational
pge,BEAR VALLEY,37.58580609306456,-120.12582981367848,37.58645051,-120.12552889,SUBSTATION,Operational
pge,JESSUP,40.46170457696071,-122.32775472405966,40.46178766,-122.32774517,SUBSTATION,Operational
pge,SWIFT,37.322704670725145,-121.79709909967092,37.32256307,-121.79694692,SUBSTATION,Operational
pge,GRAND ISLAND,38.23143431844358,-121.59064447220264,38.2315554,-121.59040207,SUBSTATION,Operational
pge,BURNEY,40.888215757543065,-121.6708403712964,40.88792673,-121.67117381,SUBSTATION,Operational
pge,BAY MEADOWS,37.55164336687077,-122.29243887652298,37.55157542,-122.29284459,SUBSTATION,Operational
pge,MENDOTA,36.72025412492721,-120.45868266031763,36.72083896,-120.45663091,SUBSTATION,Operational
pge,EMERALD LAKE,37.46149299207372,-122.2772794279851,37.46167006,-122.27733126,SUBSTATION,Operational
pge,MONROE,38.45325388171991,-122.74428924814126,38.45321891,-122.74420314,SUBSTATION,Operational
pge,EL PECO,36.88099449637093,-120.16446451789515,36.88073131,-120.16441305,SUBSTATION,Operational
pge,PENRYN,38.84486110184167,-121.16643199707649,38.84449899,-121.16654726,SUBSTATION,Operational
pge,PUTAH CREEK,38.52334998723117,-121.9952137072624,38.52282172,-121.99506771,SUBSTATION,Operational
pge,BAKERSFIELD,35.38858633344532,-119.00445108128255,35.38722752,-119.0044236,SUBSTATION,Operational
pge,SARATOGA,37.28110735135594,-122.015662147593,37.28103169,-122.01520672,SUBSTATION,Operational
pge,HARTER,39.1430758668314,-121.64781496424256,39.14327679,-121.648002,SUBSTATION,Operational
pge,OAKLAND D,37.837475094130205,-122.26158519172704,37.83756579,-122.26359866,SUBSTATION,Operational
pge,ROSSMOOR,37.86479574223729,-122.0809458485731,37.86464924,-122.0803101,SUBSTATION,Operational
pge,ARVIN,35.14989859396815,-118.87875605697371,35.15030959,-118.87845497,SUBSTATION,Operational
pge,TRIMBLE,37.38283159012757,-121.92643970315228,37.38205711,-121.92722952,SUBSTATION,Operational
pge,SANTA NELLA,37.08567509415812,-121.01318384348406,37.08583687,-121.01321255,SUBSTATION,Operational
pge,HILLSDALE,37.53650756155396,-122.32255097270397,37.53658118,-122.32203683,SUBSTATION,Operational
pge,PINECREST,38.187947321566135,-119.99379985135106,38.18835716,-119.99389007,SUBSTATION,
pge,MONARCH,37.969157660213625,-121.28024699494452,37.96936997,-121.28022592,SUBSTATION,Operational
pge,LONE TREE,37.94630532263428,-121.75910439326935,37.94623087,-121.75978443,SUBSTATION,Operational
pge,BIG LAGOON,41.162116737480105,-124.1022126767118,41.16270969,-124.10199246,SUBSTATION,Operational
pge,ALPAUGH,35.963432505647624,-119.45629715975916,35.9633589,-119.45682356,SUBSTATION,Operational
pge,EVERGREEN,37.30352178997496,-121.83997139739384,37.30331932,-121.84009788,SUBSTATION,Operational
pge,FRENCH CAMP,37.881897863897066,-121.29042050604268,37.88208395,-121.29035093,SUBSTATION,Operational
pge,CASTRO,37.74941830614643,-122.43417816629568,37.74938345,-122.43417474,SUBSTATION,
pge,LOS OSITOS,36.293861081093134,-121.19982427087686,36.29380665,-121.20024785,SUBSTATION,Operational
pge,HAMILTON BRANCH,40.26931804937077,-121.08804585596388,40.26934332,-121.08811057,SUBSTATION,Operational
pge,7TH STANDARD,35.43969344317223,-119.13116637687604,35.43968925,-119.1311164,SUBSTATION,Operational
pge,PLACER,38.90151853238145,-121.08791088443655,38.90125009,-121.08784534,SUBSTATION,Operational
pge,MC FARLAND,35.68826942087962,-119.276810556332,35.68837909,-119.2768473,SUBSTATION,Operational
pge,FULTON,38.497363244277295,-122.76136488870888,38.49781345,-122.76065559,SUBSTATION,Operational
pge,BULLARD,36.82406405231952,-119.76842651281234,36.82387207,-119.76846319,SUBSTATION,Operational
pge,BUENA VISTA,36.65393162469321,-121.62925836204246,36.65388592,-121.62932542,SUBSTATION,Operational
pge,PEORIA,37.90339247520717,-120.49708389009176,37.90373334,-120.49779833,SUBSTATION,Operational
pge,BAHIA,38.08114613944989,-122.13740639333582,38.08086577,-122.13737587,SUBSTATION,Operational
pge,GANSNER,39.93961216668611,-120.94857323506642,39.93926116,-120.94817181,SUBSTATION,Operational
pge,LAS POSITAS,37.70094251288631,-121.73350621738382,37.70081925,-121.73323137,SUBSTATION,Operational
pge,DAIRYLAND,37.055238199109,-120.31690423390413,37.05491042,-120.31673009,SUBSTATION,Operational
pge,CHANNEL,37.95540129864133,-121.33245614324008,37.95525396,-121.33258093,SUBSTATION,Operational
pge,JAMESON,38.20543608324877,-122.14796860832556,38.20550143,-122.14786476,SUBSTATION,Operational
pge,BELL,38.946685494069264,-121.0914507213159,38.94679453,-121.09165843,SUBSTATION,Operational
pge,CUYAMA,34.927616278599906,-119.62029680803812,34.92760069,-119.62132918,SUBSTATION,Operational
pge,GILL,37.98700838558783,-122.04030298525278,37.98676322,-122.04025571,SUBSTATION,Operational
pge,ANTLER,40.894973011426686,-122.38051411817683,40.89453194,-122.38070833,SUBSTATION,Operational
pge,WOOD,37.8264060148404,-122.21614490767148,37.82658641,-122.21634594,SUBSTATION,
pge,BABEL,37.96340949870682,-122.00737229942786,37.96322286,-122.00795981,SUBSTATION,
pge,NEWMAN,37.315811138560335,-121.01443366157086,37.31558111,-121.01500098,SUBSTATION,Operational
pge,HATTON,36.55698934837941,-121.89760148903191,36.55685584,-121.89791093,SUBSTATION,Operational
pge,WEIMAR,39.03618697846676,-120.98785201726103,39.03595743,-120.98797046,SUBSTATION,Operational
pge,SONOMA,38.27657572900672,-122.46207109995244,38.27653428,-122.46207801,SUBSTATION,Operational
pge,LIVINGSTON,37.36355711461608,-120.76057836344424,37.36342199,-120.76037808,SUBSTATION,Operational
pge,ESQUON,39.60772314757492,-121.76822648360046,39.60773037,-121.76832024,SUBSTATION,Operational
pge,NEWBURG,40.594817406183694,-124.13502277842233,40.59458796,-124.13519337,SUBSTATION,Operational
pge,SHAFTER,35.513906883314405,-119.31779636005952,35.5138999,-119.31778895,SUBSTATION,Operational
pge,NORD,39.76022573614664,-121.90699546602146,39.76023566,-121.90703525,SUBSTATION,Operational
pge,FORT SEWARD,40.213926195853496,-123.5966650918544,40.21377198,-123.59637069,SUBSTATION,Operational
pge,DIVIDE,34.8291272881148,-120.44860259638226,34.82822077,-120.44840982,SUBSTATION,Operational
pge,CASSIDY,36.923692299083626,-119.81261089872176,36.92352996,-119.81264627,SUBSTATION,Operational
pge,PHILO,39.06446920578099,-123.43729611086648,39.06397777,-123.43791462,SUBSTATION,Operational
pge,PALMER,34.82519468144487,-120.29920094235554,34.82531463,-120.29878186,SUBSTATION,Operational
pge,SHINGLE SPRINGS,38.6594107880625,-120.94678677552162,38.65929256,-120.94722501,SUBSTATION,Operational
pge,BLUE LAKE,40.88014012907379,-123.98025783924872,40.87982925,-123.98057687,SUBSTATION,Operational
pge,MOSHER,38.02182537980966,-121.28076435779292,38.02186495,-121.28096595,SUBSTATION,Operational
pge,CAL WATER,35.42222837471225,-118.90059842079376,35.42202189,-118.90075075,SUBSTATION,Operational
pge,RIDGE,37.88486073895271,-122.25488061856642,37.88497751,-122.25509253,SUBSTATION,Operational
pge,LAMONT,35.29714530040142,-118.8617741098652,35.29676929,-118.86142003,SUBSTATION,Operational
pge,WOODWARD,36.896288880187065,-119.75080744529772,36.89627196,-119.75098828,SUBSTATION,Operational
pge,SOTO,37.66853088274776,-122.08545486907524,37.66850633,-122.08498443,SUBSTATION ASSUMED,Operational
pge,ROSEDALE,35.377501694340864,-119.07758922783194,35.3770561,-119.07728909,SUBSTATION ASSUMED,Operational
pge,ALLEGHANY,39.465472208842606,-120.84426368187933,39.46547635,-120.84478776,SUBSTATION,Operational
pge,FORT ORD,36.64329014858041,-121.7923827803921,36.64341176,-121.79251218,SUBSTATION,Operational
pge,FROGTOWN,38.05723780621027,-120.5341629491827,38.05714769,-120.53395809,SUBSTATION,Operational
pge,SMYRNA,35.717948469880604,-119.45528357473574,35.71781655,-119.4553291,SUBSTATION,Operational
pge,GIRVAN,40.51345782429336,-122.37892882123532,40.51332221,-122.37876091,SUBSTATION,Operational
pge,PLYMOUTH,37.71258459729903,-122.45577702187045,37.71278183,-122.45577036,SUBSTATION,
pge,COPPERMINE,36.89631750001298,-119.664718786115,36.89580759,-119.6646937,SUBSTATION,Operational
pge,EL CAPITAN,37.33595281998132,-120.50540396991832,37.335846,-120.50545692,SUBSTATION,Operational
pge,TEMPLETON,35.55507511442895,-120.68041422031772,35.55501158,-120.68029392,SUBSTATION,Operational
pge,FMC,37.34728445797068,-121.9223066818288,37.34734628,-121.92189814,SUBSTATION,Operational
pge,ORO LOMA,36.88604386572732,-120.65597132911496,36.88674558,-120.65490319,SUBSTATION,Operational
pge,MARICOPA,35.10762692812825,-119.39725152751392,35.10777512,-119.39816853,SUBSTATION,Operational
pge,GLENWOOD,37.457303934642994,-122.18733079776786,37.45715064,-122.18690908,SUBSTATION,Operational
pge,PACIFICA,37.59472221036465,-122.48920894376208,37.59479607,-122.48880282,SUBSTATION,Operational
pge,GERBER,40.06428224737149,-122.15622506854064,40.06409493,-122.15604376,SUBSTATION,Operational
pge,AMES,37.41803546385238,-122.06722574863358,37.41762533,-122.06640351,SUBSTATION,Operational
pge,HAMMONDS,36.71999629266149,-120.60261292866964,36.72023024,-120.60329797,SUBSTATION,Operational
pge,VASONA,37.25372623401983,-121.96618795298204,37.25375803,-121.96626415,SUBSTATION,Operational
pge,HIGHWAY,38.165934399172585,-122.25383771242235,38.16621303,-122.25360777,SUBSTATION,Operational
pge,SALT SPRINGS,38.49873757346975,-120.21883454678164,38.49841473,-120.21840721,SUBSTATION,Operational
pge,SAN LUIS OBISPO,35.26178451937213,-120.63457824118316,35.26168595,-120.63485317,SUBSTATION,Operational
pge,AUBURN,38.90362002905324,-121.07000550995504,38.903488,-121.06981338,SUBSTATION,Operational
pge,WHEELER RIDGE,35.08904963931724,-118.9765211969902,35.08874779,-118.97595226,SUBSTATION,Operational
pge,GREENBRAE,37.93806581399283,-122.51415076392202,37.93786775,-122.51418436,SUBSTATION,Operational
pge,CURTIS,37.97431175393948,-120.31978089327473,37.97442745,-120.3198939,SUBSTATION,Operational
pge,PURISIMA,34.7008255827051,-120.43565969291836,34.7008491,-120.43553555,SUBSTATION,Operational
pge,RISING RIVER,40.92860888434032,-121.54329343192305,40.92900085,-121.54437329,SUBSTATION,Operational
pge,TASSAJARA,37.80025073342344,-121.90788099393204,37.79994,-121.90784082,SUBSTATION,Operational
pge,HURON,36.18607144784237,-120.10386221168731,36.18605895,-120.10389844,SUBSTATION,Operational
pge,MENLO,37.43306229991303,-122.20225008841324,37.4328034,-122.20274517,SUBSTATION,Operational
pge,WOODACRE,38.01250684697549,-122.65399200051384,38.01205731,-122.65365666,SUBSTATION,Operational
pge,SERRAMONTE,37.65081882661072,-122.45407076888073,37.65079499,-122.45424984,SUBSTATION,Operational
pge,CHESTER,40.30286123740071,-121.22690255646653,40.30242055,-121.22700733,SUBSTATION,Operational
pge,MONTE RIO,38.47143665695768,-123.01148395746652,38.47140902,-123.01222292,SUBSTATION,Operational
pge,DUNBAR,38.38374078362537,-122.52780897971554,38.38339002,-122.5278957,SUBSTATION,Operational
pge,BIG BEND,39.67704842121007,-121.4915529611423,39.67734947,-121.49150458,SUBSTATION,Operational
pge,CEDAR CREEK,40.79097149681122,-121.9383470502897,40.79120843,-121.93777475,SUBSTATION,Operational
pge,POINT ARENA,38.912156018548,-123.67866119514616,38.91228497,-123.67991049,SUBSTATION,Operational
pge,VALLEJO C,38.09844361859794,-122.25279173182363,38.09846973,-122.25315898,SUBSTATION,Operational
pge,BIG BASIN,37.13125948685303,-122.17227801178812,37.13088311,-122.17213158,SUBSTATION,Operational
pge,STOREY,36.98320145592562,-120.03348454940144,36.98313712,-120.03357102,SUBSTATION,Operational
pge,SPRING GAP,38.186423435629614,-120.111394105077,38.18658725,-120.11193446,SUBSTATION,Operational
pge,LAURELES,36.477771837963815,-121.7269203955055,36.47769714,-121.72720786,SUBSTATION,Operational
pge,TULUCAY,38.24734918540386,-122.2680448123168,38.24782403,-122.26793574,SUBSTATION,Operational
pge,STAFFORD,38.12001877968342,-122.61391256045738,38.11991143,-122.6140018,SUBSTATION,Operational
pge,LOS ALTOS,37.39360169214869,-122.1150733503216,37.39383951,-122.11471187,SUBSTATION,Operational
pge,BORDEN,36.92213595117919,-119.98430925285751,36.92213797,-119.98460325,SUBSTATION,Operational
pge,MIDDLETOWN,38.75298395846147,-122.60794041011712,38.7529122,-122.60870913,SUBSTATION,Operational
pge,BEN LOMOND,37.09229030534265,-122.09644564945188,37.09253394,-122.09646691,SUBSTATION,
pge,SAN JOAQUIN #2,37.20342953647724,-119.49674358337344,37.20359368,-119.49687755,SUBSTATION,Operational
pge,DUNNIGAN,38.92506225480307,-121.99011725790068,38.92500141,-121.98946895,SUBSTATION,Operational
pge,GOLDTREE,35.32026204712884,-120.69304755782936,35.32017017,-120.69313182,SUBSTATION,Operational
pge,BOLINAS,37.940980126696346,-122.706692230778,37.94120708,-122.70613571,SUBSTATION,Operational
pge,LOW GAP,40.43382494194464,-123.472854441197,40.43324406,-123.47267743,SUBSTATION,Operational
pge,ELK CREEK,39.59327331009217,-122.54352006687898,39.59290862,-122.54289693,SUBSTATION,Operational
pge,APPLE HILL,38.73938813175536,-120.67736539967991,38.73967781,-120.67715203,SUBSTATION ASSUMED,Operational
pge,CHICO C,39.74305713932799,-121.83856008023211,39.74273196,-121.83805955,SUBSTATION,
pge,SAUSALITO,37.8633472927428,-122.4989921967848,37.86356351,-122.49883759,SUBSTATION,Operational
pge,AIRWAYS,36.77817677583952,-119.67395617756009,36.77799944,-119.6737871,SUBSTATION,Operational
pge,ESTUDILLO,37.72712154609791,-122.1388744667424,37.72726555,-122.13867158,SUBSTATION,
pge,BUTTE,39.712000513701405,-121.81334760711448,39.7122013,-121.81334371,SUBSTATION,Operational
pge,SAN BENITO,36.86860625244168,-121.54942913233612,36.86888964,-121.54933834,SUBSTATION,
pge,CARLOTTA,40.541262800218725,-124.06428630276322,40.5411419,-124.06375348,SUBSTATION,Operational
pge,AVENA,37.84274975923836,-121.05412253622625,37.84225694,-121.054112,SUBSTATION,Operational
pge,LAKEVILLE,38.25024379525056,-122.58100117848136,38.2509507,-122.58163211,SUBSTATION,Operational
pge,TEJON,35.01982434064145,-118.95468562709183,35.01964907,-118.95514351,SUBSTATION,Operational
pge,INDUSTRIAL ACRES,36.664142645204045,-121.62883846892647,36.66378228,-121.62858203,SUBSTATION,Operational
pge,WILKINS SLOUGH,39.0064697514912,-121.86729753227635,39.0058376,-121.86701537,SUBSTATION,Operational
pge,MARYSVILLE,39.14000454607997,-121.5836129617673,39.14002464,-121.58346101,SUBSTATION,Operational
pge,MEADOW LANE,37.96346551773498,-122.05211023752588,37.96323827,-122.05223994,SUBSTATION,Operational
pge,ANNAPOLIS,38.679837362204594,-123.3107420981408,38.68029797,-123.31187282,SUBSTATION,Operational
pge,GRASS VALLEY,39.20922183386184,-121.06131819310708,39.20905032,-121.06134773,SUBSTATION,Operational
pge,KERMAN,36.69166461699721,-120.06003825090616,36.69152999,-120.06007027,SUBSTATION,Operational
pge,CALISTOGA,38.59257954214048,-122.57827051121993,38.59208304,-122.57859711,SUBSTATION,Operational
pge,EAST MARYSVILLE,39.16342235495069,-121.56120836057298,39.1634328,-121.56104236,SUBSTATION,Operational
pge,SAND CREEK,36.64397666926381,-119.15978031526912,36.64478224,-119.16048553,SUBSTATION,Operational
pge,VALLEJO B,38.10678437817224,-122.24125992296035,38.1065147,-122.24121165,SUBSTATION,Operational
pge,MAGUNDEN,35.36190117650727,-118.92383965394583,35.36112187,-118.92171932,SUBSTATION,Operational
pge,MAPLE CREEK,40.76836583499929,-123.87400272507614,40.76789405,-123.87368638,SUBSTATION,Operational
pge,WILLOW CREEK,40.94802778714024,-123.64012366855172,40.94787081,-123.64009235,SUBSTATION,Operational
pge,TAR FLAT,37.98475497824085,-120.37980694800358,37.98440272,-120.37953865,SUBSTATION,
pge,DOS PALOS,36.97511066443014,-120.63479080838368,36.97476396,-120.63520411,SUBSTATION,Operational
pge,LERDO,35.500438317703164,-119.15186971490876,35.50036107,-119.15181482,SUBSTATION,Operational
pge,SAN ARDO,36.073430288905165,-120.93646564476516,36.07368955,-120.93679272,SUBSTATION,Operational
pge,MANCHESTER,36.78815334896068,-119.78793761047945,36.78805027,-119.78786617,SUBSTATION,Operational
pge,NORTH TOWER,38.066339734584254,-122.19598269824904,38.06581598,-122.19631613,SUBSTATION,Operational
pge,TRINIDAD,41.06502580500504,-124.12827879249215,41.06473183,-124.12840934,SUBSTATION,Operational
pge,VASCO,37.71097214981069,-121.71567702519704,37.71111425,-121.71586184,SUBSTATION,Operational
pge,SAN JUSTO,36.85649197045642,-121.51264396321426,36.8568618,-121.51197393,SUBSTATION,Operational
pge,ROCKLIN,38.7878362079499,-121.2316984669296,38.78795843,-121.23167882,SUBSTATION,Operational
pge,ORTIGA,36.983443336036615,-120.8198332500453,36.98351727,-120.81947625,SUBSTATION,Operational
pge,COLUSA JUNCTION,39.19056773290833,-121.99053805724722,39.19110378,-121.99044393,SUBSTATION,Operational
pge,CATLETT,38.80879690086217,-121.5164995196137,38.80884291,-121.51640082,SUBSTATION,Operational
pge,MIRA VISTA,37.938513118125606,-122.3247799791383,37.93854579,-122.32460968,SUBSTATION,Operational
pge,WALDO,37.909212124547615,-122.3064730075285,37.90942097,-122.30686441,SUBSTATION,Operational
pge,TULARE LAKE,36.00355985886542,-119.9497300197778,36.00344781,-119.9494707,SUBSTATION,Operational
pge,LAWRENCE,37.39719513054225,-122.0100946003828,37.39720119,-122.01031639,SUBSTATION,Operational
pge,EDENVALE,37.24486514436606,-121.79536211168684,37.24455865,-121.79505232,SUBSTATION,Operational
pge,KETTLEMAN HILLS,36.043228470347096,-120.11027046537308,36.0435895,-120.11137898,SUBSTATION,Operational
pge,EAST STOCKTON,37.96312284092296,-121.26093352398566,37.96292895,-121.26162196,SUBSTATION,Operational
pge,SALMON CREEK,38.343512395969725,-123.04470594130596,38.34344107,-123.0447446,SUBSTATION,Operational
pge,IGNACIO,38.075692626064345,-122.53961816606646,38.07692364,-122.54055045,SUBSTATION,Operational
pge,EAST QUINCY,39.93825707055911,-120.91057480535616,39.93855743,-120.91068897,SUBSTATION,Operational
pge,STELLING,37.33589708085293,-122.04301499076,37.33599008,-122.0431639,SUBSTATION,Operational
pge,HAYWARD O,37.68617570872579,-122.10256842334825,37.68638414,-122.10217552,SUBSTATION,Operational
pge,CASSERLY,36.96982661403625,-121.7670741950634,36.96958541,-121.7670088,SUBSTATION,
pge,FORT ROSS,38.539950114554514,-123.22321445936709,38.53958806,-123.22368859,SUBSTATION,Operational
pge,YOSEMITE,37.72932287844001,-122.39705250965748,37.7294929,-122.39684471,SUBSTATION,
pge,TIVY VALLEY,36.770688020428544,-119.39266766293925,36.77054394,-119.39330035,SUBSTATION,Operational
pge,SHEPHERD,36.87266718173742,-119.69451127750511,36.87308148,-119.6939931,SUBSTATION,
pge,PACIFIC GROVE,36.61716803226243,-121.9191911959669,36.61738581,-121.91901669,SUBSTATION,Operational
pge,CAROLANDS,37.552816739650304,-122.3759674032582,37.55280007,-122.37629883,SUBSTATION,Operational
pge,CAMP EVERS,37.04175134982072,-122.02549688702273,37.04188344,-122.02512354,SUBSTATION,Operational
pge,GLENN,39.77771129658629,-122.14217762044808,39.77790792,-122.14289063,SUBSTATION,Operational
pge,MONTICELLO,38.50914491487987,-122.21449434653393,38.50851157,-122.21445037,SUBSTATION,Operational
pge,RANCHERS COTTON,36.70069654914869,-119.7539900369112,36.70056248,-119.75447628,SUBSTATION,Operational
pge,MADISON,38.6702386370396,-121.968225369872,38.67068096,-121.96933373,SUBSTATION,Operational
pge,LAYTONVILLE,39.68493707127593,-123.47704802021951,39.6845815,-123.47720937,SUBSTATION,Operational
pge,HOOPA,41.0562197839853,-123.6821751759544,41.0564603,-123.68209508,SUBSTATION,Operational
pge,MADERA,36.92328166223725,-120.05507066657292,36.92349561,-120.05537424,SUBSTATION,Operational
pge,OREGON TRAIL,40.61899130155303,-122.3221442755599,40.61904041,-122.32204667,SUBSTATION,Operational
pge,PENNGROVE,38.31542240187963,-122.68088467235825,38.31550359,-122.68111816,SUBSTATION,Operational
pge,COTTLE,37.772814224827606,-120.826244610004,37.77265169,-120.82644581,SUBSTATION,Operational
pge,SAN BRUNO,37.62096289057508,-122.42531311330475,37.620952,-122.42510127,SUBSTATION,Operational
pge,EL PATIO,37.29163644525506,-121.93561870955156,37.29202746,-121.93575283,SUBSTATION,Operational
pge,OCEANO,35.10171002130732,-120.58099919103158,35.10170656,-120.58097843,SUBSTATION,Operational
pge,LOYOLA,37.36101855697285,-122.09928092012728,37.36105344,-122.09969526,SUBSTATION,Operational
pge,MIRABEL,38.48962828607511,-122.89415788279445,38.48950237,-122.89416935,SUBSTATION,Operational
pge,MENDOCINO,39.25063932695956,-123.19762575124754,39.25047853,-123.19637708,SUBSTATION,Operational
pge,BURNS,37.09517776069064,-122.14368831593914,37.09532709,-122.14427417,SUBSTATION,Operational
pge,WILLOWS A,39.53184406918284,-122.18627003440444,39.53167089,-122.18611054,SUBSTATION,Operational
pge,MOLINO,38.425711114587386,-122.83287143283748,38.42528304,-122.83231264,SUBSTATION,Operational
pge,WARD,37.7223556609754,-122.16118821037313,37.72238596,-122.16161574,SUBSTATION,Operational
pge,DALY CITY,37.69202059210078,-122.45565658797352,37.69167461,-122.4559247,SUBSTATION,Operational
pge,BIOLA,36.79252636020794,-120.11415824294244,36.79273485,-120.11413385,SUBSTATION,Operational
pge,BROWNS VALLEY,39.22604998760262,-121.42343570527576,39.22586431,-121.42275985,SUBSTATION,Operational
pge,JUDAH,37.76070385654141,-122.493499260624,37.76074,-122.4935766,SUBSTATION,
pge,MC KEE,37.36629769546083,-121.84378234897032,37.36624846,-121.84333939,SUBSTATION,Operational
pge,CAYUCOS,35.44897550448366,-120.87040792910972,35.44869846,-120.87034699,SUBSTATION,Operational
pge,WEST POINT,38.42091643492973,-120.5488378291623,38.42100991,-120.54976067,SUBSTATION,Operational
pge,WILLIAMS,39.15751081265503,-122.14773879689832,39.15748258,-122.14769871,SUBSTATION,Operational
pge,KIRKER,38.02096833726849,-121.90608941215515,38.02078399,-121.90594183,SUBSTATION,Operational
pge,MERCED FALLS,37.52304085412926,-120.33024521668725,37.52318667,-120.33033166,SUBSTATION,Operational
pge,REDWOOD CITY,37.49079641984113,-122.21284294525265,37.49046173,-122.21305076,SUBSTATION,Operational
pge,METTLER,38.07824965745363,-121.28692033613773,38.07791732,-121.28688861,SUBSTATION,Operational
pge,RIVER OAKS,37.41128179639234,-121.92707411842656,37.41116626,-121.92766569,SUBSTATION,Operational
pge,DOBBINS,39.340076339250025,-121.19541552842642,39.33987135,-121.19491402,SUBSTATION,Operational
pge,DIAMOND SPRINGS,38.69335810297077,-120.82605011972905,38.69340715,-120.82588173,SUBSTATION,Operational
pge,WESTLAKE,37.69887646243163,-122.48018281387162,37.69830643,-122.48008891,SUBSTATION,
pge,MC MULLIN,36.593617549943424,-119.9886805783096,36.59336415,-119.98869566,SUBSTATION,Operational
pge,VINA,39.94149064179132,-122.04133725359485,39.94163191,-122.04168807,SUBSTATION,Operational
pge,STAGG,37.99168060969362,-121.34788419136744,37.99229399,-121.34861425,SUBSTATION,Operational
pge,STOCKTON ACRES,37.9630980647908,-121.3237146106475,37.96330706,-121.32341813,SUBSTATION,Operational
pge,BIG RIVER,39.31134527209194,-123.78666920979292,39.31140662,-123.7865272,SUBSTATION,Operational
pge,NORIEGA,37.752473274537806,-122.50475444624009,37.75273816,-122.50475895,SUBSTATION,
pge,SOBRANTE,37.90535027631521,-122.20813319872327,37.90545308,-122.20808187,SUBSTATION,Operational
pge,HAAS,36.92739381730309,-119.02017254615168,36.92739041,-119.02079625,SUBSTATION,Operational
pge,CLAYTON,37.94428985556829,-121.96926364911442,37.94409526,-121.96909398,SUBSTATION,Operational
pge,SOLANO,37.89093964397114,-122.29229298057712,37.89085384,-122.29219653,SUBSTATION,Operational
pge,NAPA,38.29522583876939,-122.27848498957331,38.29544687,-122.27890179,SUBSTATION,Operational
pge,ARBUCKLE,39.01767623855932,-122.0610830521299,39.01747461,-122.06138151,SUBSTATION,Operational
pge,BELLEVUE,38.37873966235465,-122.7127531517697,38.37896858,-122.71252628,SUBSTATION,Operational
pge,SNEATH LANE,37.62198851913939,-122.44686234566812,37.62202708,-122.44678978,SUBSTATION,Operational
pge,MERIDIAN,39.14481683871717,-121.91109944135476,39.14494855,-121.91051777,SUBSTATION,Operational
pge,INDIAN FLAT,37.66553336561797,-119.84124163589712,37.66478936,-119.84121503,SUBSTATION,Operational
pge,RESERVATION ROAD,36.62420269765867,-121.68862755200468,36.62403847,-121.68804744,SUBSTATION,Operational
pge,RADUM,37.67228311817145,-121.85958601044506,37.67255004,-121.8595149,SUBSTATION,Operational
pge,COTATI,38.30980554981653,-122.73175577070296,38.30955404,-122.73163467,SUBSTATION,Operational
pge,VIRGINIA,37.924728371508415,-122.35950190637028,37.92471914,-122.35937816,SUBSTATION,Operational
pge,WHITMORE,40.6295221042704,-121.91545710136442,40.62902865,-121.91580456,SUBSTATION,Operational
pge,SYCAMORE CREEK,39.76887891514183,-121.82323209706044,39.76875591,-121.82401501,SUBSTATION,Operational
pge,MT EDEN,37.63195322408561,-122.1023291475442,37.63205515,-122.10183496,SUBSTATION,Operational
pge,NOTRE DAME,39.73006455906166,-121.79624495707743,39.73014868,-121.79635166,SUBSTATION,Operational
pge,CORTINA,39.12085903691983,-122.22397933722276,39.12053967,-122.22332156,SUBSTATION,Operational
pge,WALL,37.92740629292976,-122.31817641662892,37.9271892,-122.31827069,SUBSTATION,
pge,WYANDOTTE,39.49164315311975,-121.54096296885037,39.49169511,-121.54093339,SUBSTATION,Operational
pge,RIPON,37.75576421896199,-121.14626329694828,37.75580471,-121.14650732,SUBSTATION,Operational
pge,NORTECH,37.42095169352169,-121.9604588755621,37.42069816,-121.95985677,SUBSTATION,Operational
pge,OAKHURST,37.321751489665104,-119.63425437090476,37.32194926,-119.63431883,SUBSTATION,Operational
pge,STONE CORRAL,36.4725997946069,-119.18808580526532,36.47210872,-119.18799796,SUBSTATION,Operational
pge,SAN LEANDRO U,37.710671483216295,-122.14868122906188,37.71061982,-122.14817516,SUBSTATION,Operational
pge,PLAINFIELD,38.6182663711888,-121.79358211851525,38.61925895,-121.79444809,SUBSTATION,Operational
pge,STONE,37.30430354718722,-121.8681773963203,37.30399905,-121.86770291,SUBSTATION,Operational
pge,ELK,39.129493032948936,-123.71168466277476,39.1292551,-123.71172138,SUBSTATION,Operational
pge,ROB ROY,36.97944444856634,-121.86712902180676,36.97922218,-121.8672366,SUBSTATION,Operational
pge,JANES CREEK,40.90518967567011,-124.07217770855576,40.90513278,-124.07233311,SUBSTATION,Operational
pge,MC ARTHUR,41.0514109866347,-121.40819070502693,41.05123372,-121.40824747,SUBSTATION,Operational
pge,MIDDLE RIVER,37.93681260482009,-121.52887983580312,37.93695234,-121.52919896,SUBSTATION,Operational
pge,MILPITAS,37.41557922482778,-121.88806969825762,37.41537753,-121.88835951,SUBSTATION,Operational
pge,HARTLEY,39.07670414389441,-122.93340708386404,39.07720906,-122.9325544,SUBSTATION,Operational
pge,JACINTO,39.58288667011789,-122.01062919339816,39.58278052,-122.01045854,SUBSTATION,Operational
pge,EAST GRAND,37.65396784266645,-122.40420306125036,37.65380745,-122.40315206,SUBSTATION,Operational
pge,VINEYARD,37.66981508616917,-121.85487819350168,37.66968432,-121.85442448,SUBSTATION,Operational
pge,LOS MOLINOS,40.03430703089894,-122.09587413860588,40.03419473,-122.09610432,SUBSTATION,Operational
pge,ATASCADERO,35.4651926369646,-120.6714179229173,35.46546732,-120.67142898,SUBSTATION,Operational
pge,NOVATO,38.10854640016638,-122.56790709808408,38.10860944,-122.56822994,SUBSTATION,Operational
pge,SANGER,36.70772235449084,-119.61086419533504,36.70938156,-119.6110322,SUBSTATION,Operational
pge,OAKLAND L,37.810340376987845,-122.27159254723468,37.81030904,-122.27139981,SUBSTATION,Operational
pge,POINT PINOLE,37.995974173346816,-122.34791448274218,37.99591662,-122.34808991,SUBSTATION,Operational
pge,WINDSOR,38.56592444445207,-122.83240176689247,38.56593061,-122.83232619,SUBSTATION,
pge,TEMBLOR,35.383198949735814,-119.6964252470037,35.38274321,-119.69617506,SUBSTATION,Operational
pge,SUNOL,37.58689135859106,-121.86962721571362,37.58689769,-121.86967089,SUBSTATION,Operational
pge,TAMARACK,39.31400206641118,-120.49620864570748,39.31387464,-120.49690754,SUBSTATION,Operational
pge,FELLOWS,35.19473434349657,-119.58611007274465,35.19517289,-119.58528194,SUBSTATION,Operational
pge,JACOBS CORNER,36.22220579820744,-119.77959785166227,36.22240612,-119.77990125,SUBSTATION,Operational
pge,FRENCH GULCH,40.6868686177047,-122.6404649477137,40.6868943,-122.64112433,SUBSTATION,Operational
pge,CANTUA,36.429254389544624,-120.3414752851558,36.42930859,-120.34164301,SUBSTATION,Operational
pge,MCKITTRICK,35.29701832939979,-119.6266169615922,35.29689072,-119.62635607,SUBSTATION,Operational
pge,WOODLAND,38.67836096439384,-121.75921270604204,38.67863264,-121.76002753,SUBSTATION,Operational
pge,BLACKWELL,35.61426839081551,-119.8538757564631,35.61461731,-119.85369858,SUBSTATION,Operational
pge,DUNLAP,36.70967604208161,-119.0292556541925,36.70934769,-119.02894301,SUBSTATION,Operational
pge,TARAVAL,37.74199971120542,-122.49319808254324,37.74202654,-122.49336224,SUBSTATION,
pge,SANTA MARIA,34.95030148149897,-120.44405177080088,34.95025794,-120.44413702,SUBSTATION,Operational
pge,POINT MORETTI,37.03115942213585,-122.1886952521402,37.03106358,-122.18816022,SUBSTATION,Operational
pge,OAKLAND C,37.79750313857218,-122.28100831632332,37.79786105,-122.28199282,SUBSTATION,Operational
pge,FLORENCE,37.83612012296221,-122.2202658186114,37.83631534,-122.21999137,SUBSTATION ASSUMED,Operational
pge,RESERVE OIL,36.27603890498239,-119.65340386371432,36.27632842,-119.65359929,SUBSTATION,Operational
pge,WOODSIDE,37.437220837862704,-122.24226770027914,37.43707568,-122.24218129,SUBSTATION,Operational
pge,OAKLAND J,37.76329902345095,-122.21419146834046,37.76299331,-122.21448164,SUBSTATION,Operational
pge,BIG MEADOWS,40.17150258367834,-121.08392810254136,40.17155206,-121.08532321,SUBSTATION,Operational
pge,PARSONS,37.702249031979264,-122.08272925560476,37.70186581,-122.08278634,SUBSTATION,Operational
pge,GRANT,37.67180204255067,-122.15958413255876,37.67126309,-122.15952551,SUBSTATION,Operational
pge,EEL RIVER,40.60254042515516,-124.20988251695042,40.6026178,-124.21011898,SUBSTATION,Operational
pge,CARNERAS,35.5408527000329,-119.80462245906078,35.54109503,-119.805218,SUBSTATION,Operational
pge,WATERSHED,37.48720723663254,-122.31003681213176,37.48729227,-122.31120638,SUBSTATION,Operational
pge,CALPELLA,39.19727795800626,-123.1925392202005,39.19724466,-123.19240457,SUBSTATION,Operational
pge,BAYWOOD,35.36100149108163,-120.8115828504644,35.36124137,-120.81142116,SUBSTATION,Operational
pge,BURLINGAME,37.589994031230255,-122.3628212137506,37.58991921,-122.36336086,SUBSTATION,Operational
