sap_substation_name,lcr_area,city_served,division,owner,n_city_rows,match_type,match_score,basin_name,basin_norm_name,basin_lat,basin_lon
7TH STANDARD SUB,Kern,Bakersfield,KERN,PGE,1,unmatched,0.0,,,,
ACTON SUB,Greater Bay Area,Daly City; San Francisco,SAN FRANCISCO,PGE,2,fuzzy,76.92307692307692,Peachton,PEACHTON,39.37824172207953,-121.68509451825736
ADAMS EAST SOLAR SUB,Greater Fresno,San Joaquin County,YOSEMITE,nonPGE,1,unmatched,0.0,,,,
ADVANCED MICRO DEVICES SUB,Greater Bay Area,Sunnyvale,DE ANZA,nonPGE,1,unmatched,0.0,,,,
AEC SITE 300 SUB,Stockton,Tracy,STOCKTON,nonPGE,1,unmatched,0.0,,,,
AG WISHON PH SUB,Greater Fresno,Fresno County,FRESNO,PGE,1,unmatched,0.0,,,,
AIR PRODUCTS SUB,Greater Fresno,Fresno County,FRESNO,nonPGE,1,unmatched,0.0,,,,
AIRWAYS SUB,Greater Fresno,Clovis; Fresno,FRESNO,PGE,2,exact,100.0,Airways,AIRWAYS,36.77800449376864,-119.6737997732644
ALHAMBRA SUB,Greater Bay Area,Martinez; Pleasant Hill,DIABLO,PGE,2,exact,100.0,Alhambra,ALHAMBRA,37.9939232223922,-122.13011557123694
ALLEGHANY SUB,Sierra,Alleghany,SIERRA,PGE,1,exact,100.0,Alleghany,ALLEGHANY,39.46548155585289,-120.84480093929696
ALMADEN SUB,Greater Bay Area,San Jose,SAN JOSE,PGE,1,exact,100.0,Almaden,ALMADEN,37.25996121985501,-121.8898983887587
ALTO SUB,North Coast/North Bay,Belvedere; Corte Madera; Kentfield; Larkspur; Mill Valley; Muir Beach; Strawberry; Tamalpais-Homestead Valley; Tiburon,NORTH BAY,PGE,9,exact,100.0,Alto,ALTO,37.898627509040566,-122.5246062288268
AMES DIST SUB,Greater Bay Area,Mountain View,DE ANZA,PGE,1,unmatched,0.0,,,,
AMES TRANS SUB,Greater Bay Area,Mt. View,DE ANZA,PGE,1,unmatched,0.0,,,,
ANGIOLA SUB,Greater Fresno,Alpaugh; Corcoran,FRESNO,PGE,2,exact,100.0,Angiola,ANGIOLA,35.99203333952427,-119.57170833599842
ANNAPOLIS SUB,North Coast/North Bay,Annapolis,NORTH COAST,PGE,1,exact,100.0,Annapolis,ANNAPOLIS,38.6803029150572,-123.31188627934075
ANTIOCH SUB,Greater Bay Area,Antioch,DIABLO,PGE,1,exact,100.0,Antioch,ANTIOCH,38.01351801723007,-121.81555199417708
APPLE HILL SUB,Sierra,Placerville; Pollock Pines,SIERRA,PGE,2,unmatched,0.0,,,,
APPLIED MATERIALS SW STA SUB,Greater Bay Area,Sunnyvale,DE ANZA,PGE,1,unmatched,0.0,,,,
ARBURUA (TEXACO T & T INC.) SUB,Greater Fresno,Merced County,FRESNO,nonPGE,1,unmatched,0.0,,,,
ARCATA SUB,Humboldt,Arcata; Eureka; McKinleyville,HUMBOLDT,PGE,3,exact,100.0,Arcata,ARCATA,40.86708117110176,-124.08842427813433
ARCH ROCK SUB,Greater Fresno,Mariposa County,FRESNO,nonPGE,1,unmatched,0.0,,,,
ARLINGTON SUB,Greater Bay Area,Berkeley,EAST BAY,PGE,1,exact,100.0,Arlington,ARLINGTON,37.88892427650707,-122.2729390429972
ARMSTRONG SUB,Greater Fresno,Hanford,FRESNO,nonPGE,1,unmatched,0.0,,,,
ASHLAN AVE SUB,Greater Fresno,Fresno,FRESNO,PGE,1,exact,100.0,Ashlan Ave,ASHLAN AVE,36.79289039579161,-119.82800800955027
ASHLAN AVENUE SUB,Greater Fresno,Fresno,FRESNO,PGE,1,fuzzy,86.95652173913044,Ashlan Ave,ASHLAN AVE,36.79289039579161,-119.82800800955027
ATLANTIC SUB,Sierra,Roseville,SIERRA,PGE,1,exact,100.0,Atlantic,ATLANTIC,38.7636275956832,-121.2640322520378
ATWATER SUB,Greater Fresno,Atwater; Winton,YOSEMITE,PGE,2,exact,100.0,Atwater,ATWATER,37.36010093561656,-120.61468476352314
AUBERRY SUB,Greater Fresno,Auberry; Shaver Lake,FRESNO,PGE,2,exact,100.0,Auberry,AUBERRY,37.06798806235496,-119.49571647400064
AUBURN SUB,Sierra,Auburn; North Auburn,SIERRA,PGE,2,exact,100.0,Auburn,AUBURN,38.90349314437346,-121.06982652969592
AVENA SUB,Stockton,Farmington; Manteca,STOCKTON,PGE,2,exact,100.0,Avena,AVENA,37.84226199204446,-121.0541250136846
AVENAL PRISON SUB,Greater Fresno,Kings County,FRESNO,nonPGE,1,unmatched,0.0,,,,
AVENAL SUB,Greater Fresno,Avenal,FRESNO,nonPGE,1,fuzzy,90.9090909090909,Avena,AVENA,37.84226199204446,-121.0541250136846
BABEL SUB,Greater Bay Area,Concord,DIABLO,PGE,1,unmatched,0.0,,,,
BADGER CREEK SUB,Kern,Kern County,KERN,nonPGE,1,exact,100.0,Badger Creek,BADGER CREEK,35.48395557573786,-119.02970274863527
BAHIA SUB,North Coast/North Bay,Benicia,NORTH BAY,PGE,1,exact,100.0,Bahia,BAHIA,38.08087076372414,-122.1373890774632
BAIR SUB,Greater Bay Area,Redwood City,PENINSULA,PGE,1,exact,100.0,Bair,BAIR,37.49770280657784,-122.2140333653122
BAKER CREEK,Humboldt,Humboldt County,HUMBOLDT,nonPGE,1,fuzzy,86.95652173913044,Badger Creek,BADGER CREEK,35.48395557573786,-119.02970274863527
BAKERSFIELD JUNCTION SUB,Kern,Kern County,KERN,PGE,1,unmatched,0.0,,,,
BAKERSFIELD SUB,Kern,Bakersfield,KERN,PGE,1,exact,100.0,Bakersfield,BAKERSFIELD,35.38723247177944,-119.0044360309872
BALCH PH #1 SUB,Greater Fresno,Fresno County,FRESNO,PGE,1,fuzzy,77.77777777777779,Balch 1,BALCH 1,36.920001412286936,-119.08385062336936
BALCH PH #2 SUB,Greater Fresno,Fresno County,FRESNO,PGE,1,fuzzy,77.77777777777779,Balch 2,BALCH 2,36.90898957181731,-119.08759344986868
BALFOUR SUB,Greater Bay Area,Brentwood; Discovery Bay; Knightsen,DIABLO,PGE,3,exact,100.0,Balfour,BALFOUR,37.92583800616787,-121.67827598590216
BANCROFT SUB,Greater Bay Area,Oakland; San Leandro,EAST BAY,PGE,2,exact,100.0,Bancroft,BANCROFT,37.73986963293181,-122.15540723260396
BANGOR SUB,Sierra,Bangor; Challenge-Brownsville; Loma Rica; Palermo,SIERRA,PGE,4,exact,100.0,Bangor,BANGOR,39.38767373773818,-121.40317569925232
BANK OF AMERICA SUB,Greater Bay Area,San Francisco,SAN FRANCISCO,nonPGE,1,unmatched,0.0,,,,
BANTA CARBONA SUB,Stockton,Tracy,STOCKTON,nonPGE,1,unmatched,0.0,,,,
BANTA SUB,Stockton,Lathrop; Tracy,STOCKTON,PGE,2,exact,100.0,Banta,BANTA,37.75292199551821,-121.35060399104756
BARKER SLOUGH SUB,Sierra,Solano County,SACRAMENTO,nonPGE,1,unmatched,0.0,,,,
BARRETT SUB,Greater Bay Area,Richmond,EAST BAY,PGE,1,exact,100.0,Barrett,BARRETT,37.93956363231305,-122.34723449027432
BARRY SUB,Sierra,Barry,SIERRA,PGE,1,exact,100.0,Barry,BARRY,39.06921638560733,-121.6898478161391
BARTON SUB,Greater Fresno,Clovis; Fresno,FRESNO,PGE,2,exact,100.0,Barton,BARTON,36.76424275634893,-119.73491080578825
BASALT SUB,North Coast/North Bay,Napa,NORTH BAY,PGE,1,exact,100.0,Basalt,BASALT,38.26316201235704,-122.2692320112342
BASCOM SUB,Greater Bay Area,San Jose,SAN JOSE,PGE,1,unmatched,0.0,,,,
BAY MEADOWS SUB,Greater Bay Area,Burlingame; Foster City; Highlands-Baywood Park; Hillsborough; San Mateo,PENINSULA,PGE,5,exact,100.0,Bay Meadows,BAY MEADOWS,37.55158035932156,-122.29285775519622
BEACH STREET SUB,Greater Bay Area,San Francisco,SAN FRANCISCO,PGE,1,unmatched,0.0,,,,
BEALE AIR FORCE BASE,Sierra,Marysville,SIERRA,nonPGE,1,unmatched,0.0,,,,
BEAR MOUNTAIN CO-GEN (DESTEC) SUB,Kern,Kern County,KERN,nonPGE,1,unmatched,0.0,,,,
BEAR VALLEY SUB,Greater Fresno,Bear Valley,YOSEMITE,PGE,1,exact,100.0,Bear Valley,BEAR VALLEY,37.58645560462845,-120.1255417263133
BEARDSLEY JCT SUB,Stockton,Strawberry,STOCKTON,PGE,1,fuzzy,81.81818181818181,Beardsley,BEARDSLEY,38.20287088680954,-120.07686006915937
BECK STREET SUB,Greater Bay Area,Oakland,EAST BAY,PGE,1,fuzzy,75.0,Blaine Street,BLAINE STREET,36.981477295057466,-122.02509786705484
BELDEN PH,Sierra,Belden,NORTH VALLEY,PGE,1,fuzzy,80.0,Belden,BELDEN,40.00740568078464,-121.24942204943804
BELL SUB,Sierra,Auburn; North Auburn,SIERRA,PGE,2,exact,100.0,Bell,BELL,38.94679967505984,-121.0916715839996
BELLE HAVEN SUB,Greater Bay Area,Atherton; East Palo Alto; Menlo Park; North Fair Oaks; Palo Alto; Redwood City,PENINSULA,PGE,6,exact,100.0,Belle Haven,BELLE HAVEN,37.47765834121956,-122.1685055498896
BELLEVUE SUB,North Coast/North Bay,Cotati; Rohnert Park; Santa Rosa,NORTH COAST,PGE,3,exact,100.0,Bellevue,BELLEVUE,38.37897355035385,-122.71253961282282
BELLOTA SUB,Stockton,Bellota,STOCKTON,PGE,1,exact,100.0,Bellota,BELLOTA,38.01551233898278,-121.01368657506131
BELMONT SUB,Greater Bay Area,Belmont; Foster City; Redwood City; San Carlos; San Mateo,PENINSULA,PGE,5,exact,100.0,Belmont,BELMONT,37.52346570103678,-122.26523211220224
BERESFORD SUB,Greater Bay Area,Hillsborough; San Mateo,PENINSULA,PGE,2,exact,100.0,Beresford,BERESFORD,37.56489265618386,-122.31931200422642
BERKELEY F SUB,Greater Bay Area,Albany; Berkeley; Oakland,EAST BAY,PGE,4,exact,100.0,Berkeley F,BERKELEY F,37.87242956835905,-122.27816911147052
BERKELEY T SUB,Greater Bay Area,Berkeley; Oakland,EAST BAY,nonPGE,3,fuzzy,90.0,Berkeley F,BERKELEY F,37.87242956835905,-122.27816911147052
BETHEL BANK SUB,Greater Bay Area,Bethel Island,DIABLO,nonPGE,1,unmatched,0.0,,,,
BIG BASIN SUB,Greater Bay Area,Boulder Creek,CENTRAL COAST,PGE,1,exact,100.0,Big Basin,BIG BASIN,37.130888014806175,-122.17214468956844
BIG LAGOON SUB,Humboldt,Big Lagoon Park,HUMBOLDT,PGE,1,exact,100.0,Big Lagoon,BIG LAGOON,41.162714744863706,-124.10200637028775
BIG RIVER SUB,North Coast/North Bay,Mendocino,HUMBOLDT,PGE,1,exact,100.0,Big River,BIG RIVER,39.31141158284998,-123.78654080553652
BIOLA SUB,Greater Fresno,Biola; Fresno,FRESNO,PGE,2,exact,100.0,Biola,BIOLA,36.79273986686032,-120.11414660446664
BIRDS EYE FOODS SUB (AGRILINK FOODS),Greater Bay Area,,CENTRAL COAST,nonPGE,1,unmatched,0.0,,,,
BLUE CHIP MILLING,Humboldt,Humboldt County,HUMBOLDT,nonPGE,1,unmatched,0.0,,,,
BLUE LAKE SUB,Humboldt,Blue Lake; McKinleyville,HUMBOLDT,PGE,2,exact,100.0,Blue Lake,BLUE LAKE,40.87983429974335,-123.98059072697896
BLUFORD CREEK HYDRO,Humboldt,Humboldt County,HUMBOLDT,nonPGE,1,unmatched,0.0,,,,
BOGUE SUB,Sierra,South Yuba City; Yuba City,SIERRA,PGE,2,exact,100.0,Bogue,BOGUE,39.095903402766886,-121.62397928761747
BOLINAS SUB,North Coast/North Bay,Bolinas; Stinson Beach,NORTH BAY,PGE,2,exact,100.0,Bolinas,BOLINAS,37.941212015097584,-122.70614899138528
BOLTHOUSE FARMS SUB,Kern,Kern County,KERN,nonPGE,1,unmatched,0.0,,,,
BONITA SUB,Greater Fresno,Madera,YOSEMITE,PGE,1,exact,100.0,Bonita,BONITA,36.92391823971697,-120.20157965744748
BONNIE NOOK SUB,Sierra,Dutch Flat,SIERRA,PGE,1,exact,100.0,Bonnie Nook,BONNIE NOOK,39.21470786930682,-120.8092924505058
BORDEN SUB,Greater Fresno,Bonadelle Ranchos-Madera Ranchos; Fresno; Madera; Parksdale; Parkwood,YOSEMITE,PGE,5,exact,100.0,Borden,BORDEN,36.92214300830158,-119.98461599164996
BORONDA SUB,Greater Bay Area,Salinas,CENTRAL COAST,PGE,1,exact,100.0,Boronda,BORONDA,36.69028668467311,-121.67925781517144
BOSTON SUB,Greater Bay Area,Oakland,EAST BAY,PGE,1,unmatched,0.0,,,,
BOSWELL SUB,Greater Fresno,Corcoran,FRESNO,PGE,1,exact,100.0,Boswell,BOSWELL,36.08514444248407,-119.55360555310266
BOSWELL TOMATO PLANT SUB,Greater Fresno,Kings County,FRESNO,nonPGE,1,unmatched,0.0,,,,
BOWLES SUB,Greater Fresno,Bowles; Easton,FRESNO,PGE,2,exact,100.0,Bowles,BOWLES,36.6056190151958,-119.77330698067958
BRENTWOOD SUB,Greater Bay Area,Bethel Island; Brentwood; Byron; Discovery Bay; Knightsen; Oakley,DIABLO,PGE,6,exact,100.0,Brentwood,BRENTWOOD,37.91905743453774,-121.6767632027892
BRIDGEVILLE SUB,Humboldt,Bridgeville,HUMBOLDT,PGE,1,exact,100.0,Bridgeville,BRIDGEVILLE,40.47964597017619,-123.78030981845563
BRIGATANO SUB,Greater Bay Area,,CENTRAL COAST,nonPGE,1,unmatched,0.0,,,,
BRIGHTON SUB,Sierra,Sacramento,SACRAMENTO,PGE,1,exact,100.0,Brighton,BRIGHTON,38.54814198372994,-121.40774354112658
BRITTON SUB,Greater Bay Area,Santa Clara; Sunnyvale,DE ANZA,PGE,2,exact,100.0,Britton,BRITTON,37.37456219213301,-122.01636588479026
BROOKSIDE SUB,Greater Bay Area,Richmond; San Pablo,EAST BAY,PGE,2,exact,100.0,Brookside,BROOKSIDE,37.96209565707229,-122.3474106211808
BROWNS VALLEY SUB,Sierra,Loma Rica,SIERRA,PGE,1,fuzzy,100.0,Browns  Valley,BROWNS  VALLEY,39.22586945122523,-121.4227730889153
BRUNSWICK SUB,Sierra,Alta Sierra; Grass Valley; Nevada City,SIERRA,PGE,3,exact,100.0,Brunswick,BRUNSWICK,39.23105001931794,-121.03502608178792
BRYANT SUB,Greater Bay Area,Orinda,DIABLO,PGE,1,unmatched,0.0,,,,
BUCKS CREEK SUB,Sierra,Belden; Bucks Lake; Caribou; Storrie; Tobin,NORTH VALLEY,PGE,5,unmatched,0.0,,,,
BUENA VISTA SUB,Greater Bay Area,Salinas,CENTRAL COAST,PGE,1,exact,100.0,Buena Vista,BUENA VISTA,36.65389082139208,-121.62933839543028
BULLARD SUB,Greater Fresno,Clovis; Fresno,FRESNO,PGE,2,exact,100.0,Bullard,BULLARD,36.82387712081925,-119.76847588716016
BURLINGAME SUB,Greater Bay Area,Burlingame; Hillsborough,PENINSULA,PGE,2,exact,100.0,Burlingame,BURLINGAME,37.58992414455095,-122.36337404834336
BURNS SUB,Greater Bay Area,Santa Cruz,CENTRAL COAST,PGE,1,exact,100.0,Burns,BURNS,37.09533199716804,-122.14428727103169
CAL WATER SUB,Kern,Bakersfield,KERN,nonPGE,1,fuzzy,75.0,Atwater,ATWATER,37.36010093561656,-120.61468476352314
CALERO SUB,Greater Bay Area,San Jose,SAN JOSE,PGE,1,fuzzy,76.92307692307692,Palermo,PALERMO,39.45434305228144,-121.51766154413596
CALFLAX SUB,Greater Fresno,Huron,FRESNO,nonPGE,1,unmatched,0.0,,,,
CALIFORNIA AVE SUB,Greater Fresno,Fresno,FRESNO,PGE,1,exact,100.0,California Ave,CALIFORNIA AVE,36.71951798339581,-119.76418502160708
CALIFORNIA DAIRIES (DANISH CREAMERY) SUB,Greater Fresno,Fresno County,FRESNO,nonPGE,1,unmatched,0.0,,,,
CALISTOGA SUB,North Coast/North Bay,Calistoga,NORTH BAY,PGE,1,exact,100.0,Calistoga,CALISTOGA,38.59208804224296,-122.57861044400111
CALPEAK PANOCHE IPP SUB,Greater Fresno,Fresno County,FRESNO,nonPGE,1,unmatched,0.0,,,,
CALPELLA SUB,North Coast/North Bay,Calpella,NORTH COAST,PGE,1,exact,100.0,Calpella,CALPELLA,39.19724965871583,-123.19241807516715
CALVO SUB,Stockton,Tracy,STOCKTON,PGE,1,exact,100.0,Calvo,CALVO,37.74748343400993,-121.32673399046512
CAMANCHE PP SUB,Stockton,Lockeford,STOCKTON,nonPGE,1,unmatched,0.0,,,,
CAMDEN SUB,Greater Fresno,Lanare; Laton; Riverdale,FRESNO,PGE,3,exact,100.0,Camden,CAMDEN,36.44598609096055,-119.79896661374448
CAMP EVERS SUB,Greater Bay Area,Santa Cruz,CENTRAL COAST,PGE,1,exact,100.0,Camp Evers,CAMP EVERS,37.04188835011482,-122.02513661190704
CAMP FAR WEST,Sierra,Lincoln,SIERRA,nonPGE,1,exact,100.0,Camp Far West,CAMP FAR WEST,39.04890193370489,-121.31692007857608
CAMPHORA JCT,Greater Bay Area,,CENTRAL COAST,PGE,1,fuzzy,80.0,Camphora,CAMPHORA,36.468219176509145,-121.39036110711068
CAMPHORA SUB,Greater Bay Area,Soledad,CENTRAL COAST,PGE,1,exact,100.0,Camphora,CAMPHORA,36.468219176509145,-121.39036110711068
CANAL SUB,Greater Fresno,Los Banos,YOSEMITE,PGE,1,exact,100.0,Canal,CANAL,37.06633333339536,-120.83556394913944
CANANDAIGUA WINERY SUB,Greater Fresno,Madera County,FRESNO,nonPGE,1,unmatched,0.0,,,,
CANDLEWICK DIXIE YARN SUB,Greater Fresno,Lemoore,FRESNO,nonPGE,1,unmatched,0.0,,,,
CANTUA SUB,Greater Fresno,Cantua Creek,FRESNO,PGE,1,exact,100.0,Cantua,CANTUA,36.42931356064096,-120.34165575802164
CAPE HORN SUB,Sierra,Colfax,SIERRA,nonPGE,1,unmatched,0.0,,,,
CARBONA SUB,Stockton,Tracy,STOCKTON,PGE,1,exact,100.0,Carbona,CARBONA,37.692239454930416,-121.41668141790986
CARLOTTA SUB,Humboldt,Fortuna; Hydesville,HUMBOLDT,PGE,2,exact,100.0,Carlotta,CARLOTTA,40.54114692359107,-124.06376729572114
CARNATION DAIRY SUB,Kern,Bakersfield,KERN,PGE,1,exact,100.0,Carnation Dairy,CARNATION DAIRY,35.311006076395515,-119.0858066868177
CAROLANDS SUB,Greater Bay Area,Burlingame; Hillsborough; San Mateo,PENINSULA,PGE,3,exact,100.0,Carolands,CAROLANDS,37.55280499465498,-122.37631200928465
CARQUINEZ SUB,North Coast/North Bay,Vallejo,NORTH BAY,PGE,1,exact,100.0,Carquinez,CARQUINEZ,38.09087251077395,-122.24865135326652
CARUTHERS SUB,Greater Fresno,Caruthers,FRESNO,PGE,1,exact,100.0,Caruthers,CARUTHERS,36.5321694559588,-119.8814694502654
CASSIDY SUB,Greater Fresno,Bonadelle Ranchos-Madera Ranchos; Fresno,YOSEMITE,PGE,2,exact,100.0,Cassidy,CASSIDY,36.9235350157937,-119.8126589810418
CASTLE SUB,Greater Fresno,Merced,FRESNO,nonPGE,1,fuzzy,80.0,Newcastle,NEWCASTLE,38.83485899365069,-121.09482099610771
CASTRO SUB,Greater Bay Area,San Francisco,SAN FRANCISCO,PGE,1,unmatched,0.0,,,,
CASTRO VALLEY SUB,Greater Bay Area,Ashland; Castro Valley; Cherryland; Fairview; Hayward; Union City,MISSION,PGE,6,exact,100.0,Castro Valley,CASTRO VALLEY,37.69128098435761,-122.06127739017332
CASTROVILLE SUB,Greater Bay Area,Castroville,CENTRAL COAST,PGE,1,exact,100.0,Castroville,CASTROVILLE,36.76311989630461,-121.73473546336916
CATLETT SUB,Sierra,Pleasant Grove,SIERRA,PGE,1,exact,100.0,Catlett,CATLETT,38.80884800692517,-121.51641401759566
CAWELO B SUB,Kern,Famosa,KERN,PGE,1,exact,100.0,Cawelo B,CAWELO B,35.470765797660405,-119.11831887459046
CAWELO C SUB,Kern,Famosa,KERN,PGE,1,exact,100.0,Cawelo C,CAWELO C,35.570757571696184,-119.11542007329167
CAYETANO SUB,Greater Bay Area,Livermore,MISSION,PGE,1,exact,100.0,Cayetano,CAYETANO,37.7386049986163,-121.77116328727968
CERTAINTEED SUB,Greater Fresno,Madera County,FRESNO,nonPGE,1,unmatched,0.0,,,,
CHALLENGE SUB,Sierra,Brownsville; Challenge; La Porte; Little Grass Valley,NORTH VALLEY,PGE,4,exact,100.0,Challenge,CHALLENGE,39.48525925803122,-121.22031867914004
CHENEY SUB,Greater Fresno,Mendota,YOSEMITE,PGE,1,exact,100.0,Cheney,CHENEY,36.63275971817491,-120.53199354555808
CHERRY SUB,Greater Bay Area,San Leandro,MISSION,PGE,1,exact,100.0,Cherry,CHERRY,37.715813950900895,-122.14392687926076
CHEVRON PIPELINE KETTLEMAN SUB,Greater Fresno,Kings County,FRESNO,nonPGE,1,fuzzy,79.06976744186046,Chevron Kettleman,CHEVRON KETTLEMAN,35.99695673761514,-119.96139709749318
CHEVRON PIPELINE LOS BANOS SUB,Greater Fresno,Merced County,FRESNO,nonPGE,1,unmatched,0.0,,,,
CHILI BAR PH,Sierra,El Dorafo County,SIERRA,PGE,1,unmatched,0.0,,,,
CHOWCHILLA #2 NEO SUB,Greater Fresno,Madera County,FRESNO,PGE,1,unmatched,0.0,,,,
CHOWCHILLA #3 CO-GEN SJVE SUB,Greater Fresno,Madera County,FRESNO,PGE,1,unmatched,0.0,,,,
CHOWCHILLA SUB,Greater Fresno,Chowchilla,YOSEMITE,PGE,1,exact,100.0,Chowchilla,CHOWCHILLA,37.12056168878955,-120.25058468607872
CHRISTIE SUB,Greater Bay Area,Hercules,DIABLO,PGE,1,exact,100.0,Christie,CHRISTIE,38.00286201856196,-122.20836799669176
CLARKSVILLE SUB,Sierra,Cameron Park; El Dorado Hills; Folsom,SIERRA,PGE,3,exact,100.0,Clarksville,CLARKSVILLE,38.65571788293646,-121.0595437331988
CLAYTON SUB,Greater Bay Area,Alamo; Clayton; Concord; Walnut Creek,DIABLO,PGE,4,exact,100.0,Clayton,CLAYTON,37.94410025199704,-121.96910714862464
CLEAR LAKE SUB,North Coast/North Bay,Kelseyville; Lakeport,NORTH COAST,PGE,2,exact,100.0,Clear Lake,CLEAR LAKE,39.00776750858565,-122.89400077129945
CLOVERDALE SUB,North Coast/North Bay,Cloverdale,NORTH COAST,PGE,1,exact,100.0,Cloverdale,CLOVERDALE,38.797151570512106,-123.01028683646923
CLOVIS SUB,Greater Fresno,Clovis; Fresno,FRESNO,PGE,2,exact,100.0,Clovis,CLOVIS,36.8261981070358,-119.68125380958496
COALINGA NO.1 SUB,Greater Fresno,Coalinga,FRESNO,PGE,1,unmatched,0.0,,,,
COALINGA NO.2 SUB,Greater Fresno,Coalinga,FRESNO,PGE,1,unmatched,0.0,,,,
COARSEGOLD SUB,Greater Fresno,Oakhurst; Yosemite Lakes,YOSEMITE,PGE,2,exact,100.0,Coarsegold,COARSEGOLD,37.22747610662805,-119.69074521540252
COLGATE SUB,Sierra,Dobbins,SIERRA,PGE,1,exact,100.0,Colgate,COLGATE,39.33096778898454,-121.19150473735888
COLONY SUB,Stockton,Lockeford,STOCKTON,PGE,1,exact,100.0,Colony,COLONY,38.1902244358813,-121.1818846468171
COLUMBIA HILL SUB,Sierra,Sweetland,SIERRA,PGE,1,exact,100.0,Columbia Hill,COLUMBIA HILL,39.33184021378099,-121.10135032722202
COLUMBUS SUB,Kern,Bakersfield,KERN,PGE,1,exact,100.0,Columbus,COLUMBUS,35.398405555376186,-118.93988055546694
CONCORD SUB,Greater Bay Area,Concord,DIABLO,PGE,1,unmatched,0.0,,,,
CONTADINA SUB,Greater Fresno,Fresno County,FRESNO,nonPGE,1,fuzzy,75.0,Cortina,CORTINA,39.12054473540145,-122.22333491105772
CONTRA COSTA PP SUB,Greater Bay Area,Antioch,DIABLO,nonPGE,1,fuzzy,88.88888888888889,Contra Costa,CONTRA COSTA,37.99955467869259,-121.78282309756756
CONTRA COSTA SUB,Greater Bay Area,Antioch; Brentwood; Oakley,DIABLO,PGE,3,exact,100.0,Contra Costa,CONTRA COSTA,37.99955467869259,-121.78282309756756
COOLEY LANDING SUB,Greater Bay Area,Palo Alto,PENINSULA,PGE,1,exact,100.0,Cooley Landing,COOLEY LANDING,37.47358664232182,-122.12800367278729
COPPERMINE SUB,Greater Fresno,Clovis,FRESNO,PGE,1,exact,100.0,Coppermine,COPPERMINE,36.89581265313488,-119.6647063893895
CORCORAN SUB,Greater Fresno,Corcoran,FRESNO,PGE,1,exact,100.0,Corcoran,CORCORAN,36.10940094533666,-119.55719266405735
CORONA SUB,North Coast/North Bay,Petaluma,NORTH COAST,PGE,1,exact,100.0,Corona,CORONA,38.26501270479249,-122.65736853423064
COTATI SUB,North Coast/North Bay,Bodega Bay; Cotati; Dillon Beach; Rohnert Park; Tomales,NORTH COAST,PGE,5,exact,100.0,Cotati,COTATI,38.30955900237303,-122.73164799441626
COVELO SUB,North Coast/North Bay,Covelo,NORTH COAST,PGE,1,exact,100.0,Covelo,COVELO,39.78611627594674,-123.24854696006476
CPM SUB,Sierra,Clarksville,SIERRA,nonPGE,1,unmatched,0.0,,,,
CRAZY HORSE CANYON SW STA SUB,Greater Bay Area,Salinas,CENTRAL COAST,PGE,1,unmatched,0.0,,,,
CRESSEY SUB,Greater Fresno,Livingston; Winton,YOSEMITE,PGE,2,exact,100.0,Cressey,CRESSEY,37.4284695169969,-120.63852774445644
CRESTA PH SUB,Sierra,Concow,NORTH VALLEY,PGE,1,fuzzy,80.0,Cresta,CRESTA,39.82643415142927,-121.4094876870716
CROCKETT SUB,Greater Bay Area,Crockett,EAST BAY,PGE,1,exact,100.0,Crockett,CROCKETT,38.048589126123005,-122.22169930548776
CROW CREEK SW STA,Stockton,Stomar,STOCKTON,PGE,1,unmatched,0.0,,,,
CROWS LANDING SUB,Stockton,Crows Landing,YOSEMITE,PGE,1,exact,100.0,Crows Landing,CROWS LANDING,37.37738332848153,-121.08590273598206
CRUSHER SUB,Greater Bay Area,Bonny Doon,CENTRAL COAST,PGE,1,exact,100.0,Crusher,CRUSHER,37.025697443617865,-122.1548008548698
CRYSTAL SPRINGS SUB,Greater Bay Area,San Mateo,PENINSULA,PGE,1,exact,100.0,Crystal Springs,CRYSTAL SPRINGS,37.52998866796908,-122.3617254110697
CURTIS SUB,Stockton,Columbia; East Sonora; Groveland-Big Oak Flat; Jamestown; Mono Vista; Phoenix Lake-Cedar Ridge; Sonora; Soulsbyville; Tuolumne City,YOSEMITE,PGE,9,exact,100.0,Curtis,CURTIS,37.9744325633102,-120.31990681792604
City of HEALDSBURG SUB,North Coast/North Bay,Healdsburg,NORTH COAST,PGE,1,unmatched,0.0,,,,
DAIRYLAND SUB,Greater Fresno,Chowchilla,YOSEMITE,PGE,1,exact,100.0,Dairyland,DAIRYLAND,37.054915448421376,-120.31674289512644
DALY CITY SUB,Greater Bay Area,Broadmoor; Colma; Daly City; Pacifica; San Francisco; South San Francisco,PENINSULA,PGE,6,exact,100.0,Daly City,DALY CITY,37.6916795472424,-122.45593791212416
DAVIS SUB,Sierra,Davis,SACRAMENTO,nonPGE,1,fuzzy,76.92307692307692,UC Davis,UC DAVIS,38.52911014688864,-121.7513986700727
DE FRANCESCO SUB,Greater Fresno,Fresno County,FRESNO,PGE,1,exact,100.0,De Francesco,DE FRANCESCO,36.836043915753805,-120.62030735430189
DEADWOOD CREEK,Sierra,Concow,NORTH VALLEY,nonPGE,1,unmatched,0.0,,,,
DEEPWATER SUB,Sierra,West Sacramento,SACRAMENTO,PGE,1,exact,100.0,Deepwater,DEEPWATER,38.55156818452924,-121.56001216502244
DEER CREEK PH,Sierra,Nevada County,SIERRA,PGE,1,unmatched,0.0,,,,
DEL MAR SUB,Sierra,Granite Bay; Lincoln; Loomis; Rocklin,SIERRA,PGE,4,exact,100.0,Del Mar,DEL MAR,38.79881551672975,-121.2213126039165
DEL MONTE SUB,Greater Bay Area,Monterey,CENTRAL COAST,PGE,1,exact,100.0,Del Monte,DEL MONTE,36.59823782593487,-121.8530361578862
DELTA SWITCHING YARD,Greater Bay Area,,,,1,unmatched,0.0,,,,
DERRICK SUB,Greater Fresno,Kettleman,KERN,nonPGE,1,unmatched,0.0,,,,
DEXZEL SUB,Kern,Kern County,KERN,nonPGE,1,unmatched,0.0,,,,
DIAMOND SPRINGS SUB,Sierra,Diamond Springs; Placerville,SIERRA,PGE,2,exact,100.0,Diamond Springs,DIAMOND SPRINGS,38.69341228610576,-120.82589480729813
DINOSAUR POINT SUB,Greater Fresno,Merced County,FRESNO,PGE,1,exact,100.0,Dinosaur Point,DINOSAUR POINT,37.0635983138675,-121.20828426816712
DINUBA ENERGY SUB,Greater Fresno,Dinuba; London; Reedley,FRESNO,nonPGE,3,unmatched,0.0,,,,
DISCOVERY CHEVRON SUB,Kern,Kern County,KERN,nonPGE,1,unmatched,0.0,,,,
DIXON LANDING SUB,Greater Bay Area,Fremont; Milpitas; San Jose,MISSION,PGE,4,exact,100.0,Dixon Landing,DIXON LANDING,37.45755414227556,-121.92127798956194
DOBBINS SUB,Sierra,Dobbins,SIERRA,PGE,1,exact,100.0,Dobbins,DOBBINS,39.33987651538986,-121.1949272411389
DOLAN ROAD SUB,Greater Bay Area,Moss Landing,CENTRAL COAST,PGE,1,exact,100.0,Dolan Road,DOLAN ROAD,36.80022812267143,-121.76907061405304
DOLE PACKAGED FROZEN FOODS INC SUB,Greater Fresno,Merced County,FRESNO,nonPGE,1,unmatched,0.0,,,,
DOS PALOS SUB,Greater Fresno,Dos Palos; South Dos Palos,YOSEMITE,PGE,2,exact,100.0,Dos Palos,DOS PALOS,36.97476896390239,-120.63521695745663
DOUBLE C SUB,Kern,Kern County,KERN,nonPGE,1,unmatched,0.0,,,,
DOW CHEMICAL METERING SUB,Greater Bay Area,Pittsburg,DIABLO,nonPGE,1,unmatched,0.0,,,,
DOWNIEVILLE DIESEL SUB,Sierra,Loyalton,SIERRA,PGE,1,unmatched,0.0,,,,
DRUM PH #1 SUB,Sierra,Colfax,SIERRA,PGE,1,fuzzy,75.0,Drum 1,DRUM 1,39.25666722895088,-120.76679573880246
DUMBARTON SUB,Greater Bay Area,Fremont; Hayward; Newark; Union City,MISSION,PGE,4,exact,100.0,Dumbarton,DUMBARTON,37.556992018214,-122.05794001685494
DUNBAR SUB,North Coast/North Bay,Boyes Hot Springs; Eldridge; Fetters Hot Springs-Agua Caliente; Glen Ellen; Santa Rosa,NORTH COAST,PGE,5,exact,100.0,Dunbar,DUNBAR,38.383395007654975,-122.52790900424829
DUNLAP SUB,Greater Fresno,Squaw Valley,FRESNO,PGE,1,exact,100.0,Dunlap,DUNLAP,36.70935277109184,-119.0289555728194
DUTCH FLAT #1 PH,Sierra,Colfax,SIERRA,PGE,1,unmatched,0.0,,,,
EAGLE ROCK SUB,North Coast/North Bay,Geysers,NORTH COAST,PGE,1,exact,100.0,Eagle Rock,EAGLE ROCK,38.82904835521856,-122.81015215486602
EAST BANK SUB,Greater Fresno,Fresno County,FRESNO,nonPGE,1,unmatched,0.0,,,,
EAST GRAND SUB,Greater Bay Area,Brisbane; Colma; San Bruno; South San Francisco,PENINSULA,PGE,4,exact,100.0,East Grand,EAST GRAND,37.65381238392636,-122.40316525507636
EAST MARYSVILLE SUB,Sierra,Marysville; Yuba City,SIERRA,PGE,2,exact,100.0,East Marysville,EAST MARYSVILLE,39.163437922321634,-121.56105561499616
EAST NICOLAUS SUB,Sierra,E. Nicolaus,SIERRA,PGE,1,exact,100.0,East Nicolaus,EAST NICOLAUS,38.9097025313182,-121.54249826250768
EAST PORTAL SUB,Greater Bay Area,Orinda,DIABLO,PGE,1,exact,100.0,East Portal,EAST PORTAL,37.87595520410172,-122.18704586811504
EASTSHORE SUB,Greater Bay Area,Hayward,MISSION,PGE,1,exact,100.0,Eastshore,EASTSHORE,37.62507858781576,-122.11661121383084
EDENVALE SUB,Greater Bay Area,San Jose,SAN JOSE,PGE,1,exact,100.0,Edenvale,EDENVALE,37.24456359512649,-121.7950653785124
EDES SUB,Greater Bay Area,Oakland; San Leandro,EAST BAY,PGE,2,exact,100.0,Edes,EDES,37.7386895431528,-122.19379906549648
EEL RIVER SUB,Humboldt,Ferndale; Humboldt Hill,HUMBOLDT,PGE,2,exact,100.0,Eel River,EEL RIVER,40.60262281321588,-124.21013282987988
EIGHTEENTH STREET SUB,Greater Bay Area,San Francisco,SAN FRANCISCO,PGE,1,unmatched,0.0,,,,
EIGHTH AVE SUB,Greater Bay Area,Oakland,EAST BAY,PGE,1,unmatched,0.0,,,,
EL CAPITAN SUB,Greater Fresno,Merced,YOSEMITE,PGE,1,exact,100.0,El Capitan,EL CAPITAN,37.3358510420461,-120.5054697961686
EL CERRITO G SUB,Greater Bay Area,Albany; Berkeley; East Richmond Heights; El Cerrito; Kensington; Richmond; Rollingwood; San Pablo,EAST BAY,PGE,9,fuzzy,75.0,El Cerrito Station G,EL CERRITO STATION G,37.9162522425779,-122.30222220257755
EL DORADO PH,Sierra,Pollock Pines,SIERRA,nonPGE,1,unmatched,0.0,,,,
EL NIDO SUB,Greater Fresno,Merced,YOSEMITE,PGE,1,exact,100.0,El Nido,EL NIDO,37.12063344519221,-120.47269727142356
EL PATIO SUB,Greater Bay Area,Burbank; Campbell; Fruitdale; San Jose; Santa Clara,DE ANZA,PGE,5,exact,100.0,El Patio,EL PATIO,37.29203239473645,-121.9357659123516
EL PECO SUB,Greater Fresno,Madera,YOSEMITE,PGE,1,exact,100.0,El Peco,EL PECO,36.88073633628072,-120.16442581399936
ELK SUB,North Coast/North Bay,Elk,NORTH COAST,PGE,1,exact,100.0,Elk,ELK,39.12926005444285,-123.7117349541515
ELLIS SUB,Stockton,Tracy,STOCKTON,nonPGE,1,unmatched,0.0,,,,
EMERALD LAKE SUB,Greater Bay Area,Emerald Lake Hills; Redwood City; Woodside,PENINSULA,PGE,3,exact,100.0,Emerald Lake,EMERALD LAKE,37.46167499319351,-122.27734441979476
ENCINAL SUB,Sierra,Live Oak,SIERRA,PGE,1,exact,100.0,Encinal,ENCINAL,39.24756793906181,-121.63713575572008
ERTA SUB,Greater Bay Area,Watsonville,CENTRAL COAST,PGE,1,exact,100.0,Erta,ERTA,36.93038172667928,-121.76424019825812
ESSEX JUNCT SUB,Humboldt,Blue Lake,HUMBOLDT,PGE,1,unmatched,0.0,,,,
ESTUDILLO SUB,Greater Bay Area,Oakland; San Leandro,MISSION,PGE,2,unmatched,0.0,,,,
EUREKA A SUB,Humboldt,Eureka,HUMBOLDT,PGE,1,unmatched,0.0,,,,
EUREKA E SUB,Humboldt,Bayview; Cutten; Eureka; Pine Hills,HUMBOLDT,PGE,4,unmatched,0.0,,,,
EVERGREEN SUB,Greater Bay Area,San Jose; Seven Trees,SAN JOSE,PGE,2,exact,100.0,Evergreen,EVERGREEN,37.30332426454305,-121.84011095738254
EXCELSIOR SW STA,Greater Fresno,Mendota,YOSEMITE,PGE,1,unmatched,0.0,,,,
EXCHEQUER PH SUB,Greater Fresno,Snelling,FRESNO,nonPGE,1,fuzzy,85.71428571428572,Exchequer,EXCHEQUER,37.58414783238076,-120.2725504841966
FAIRHAVEN SUB,Humboldt,Fairhaven,HUMBOLDT,PGE,1,exact,100.0,Fairhaven,FAIRHAVEN,40.80046703945119,-124.19629383745486
FAIRMONT SUB,Greater Bay Area,Albany; El Cerrito; Richmond,EAST BAY,PGE,3,exact,100.0,Fairmont,FAIRMONT,37.90223219996787,-122.29662994323913
FAIRVIEW SUB,Greater Bay Area,Crockett; Martinez; Port Costa; Rodeo; Vine Hill,DIABLO,PGE,5,exact,100.0,Fairview,FAIRVIEW,38.01608705182072,-122.11628728147318
FIGARDEN SUB,Greater Fresno,Fresno,FRESNO,PGE,1,fuzzy,88.88888888888889,Fig Garden,FIG GARDEN,36.82191866501834,-119.85892793129833
FIGAS CONSTRUCTION (HUMBOLDT FLAKEBOARD),Humboldt,Humboldt County,HUMBOLDT,nonPGE,1,unmatched,0.0,,,,
FIREBAUGH SUB,Greater Fresno,Firebaugh; Mendota,YOSEMITE,PGE,2,exact,100.0,Firebaugh,FIREBAUGH,36.85058109750191,-120.46637233049564
FIRESTONE SUB,Greater Bay Area,,,nonPGE,1,fuzzy,77.77777777777779,Limestone,LIMESTONE,38.634932901836,-120.9801827876812
FIRESTONE SW STA,Greater Bay Area,Salinas,CENTRAL COAST,PGE,1,unmatched,0.0,,,,
FITCH MOUNTAIN SUB,North Coast/North Bay,Healdsburg; Windsor,NORTH COAST,PGE,2,unmatched,0.0,,,,
FIVE POINTS SW STA,Greater Fresno,Five Points,FRESNO,PGE,1,unmatched,0.0,,,,
FLINT SUB,Sierra,Auburn,SIERRA,PGE,1,exact,100.0,Flint,FLINT,38.88492040725154,-121.0671416240988
FLORENCE SUB,Greater Bay Area,Oakland; Piedmont,EAST BAY,PGE,2,fuzzy,75.0,Lawrence,LAWRENCE,37.39720613760379,-122.01032950183628
FMC SUB,Greater Bay Area,San Jose; Santa Clara,SAN JOSE,PGE,2,exact,100.0,FMC,FMC,37.34735122617952,-121.92191123495176
FORBESTOWN PH,Sierra,Forbestown,NORTH VALLEY,nonPGE,1,fuzzy,86.95652173913044,Forbestown,FORBESTOWN,39.55100299250648,-121.2785865669752
FORESTHILL SUB,Sierra,Foresthill,SIERRA,PGE,1,exact,100.0,Foresthill,FORESTHILL,39.01930166874294,-120.83024524168704
FORMICA,Sierra,Lincoln,SIERRA,nonPGE,1,unmatched,0.0,,,,
FORT BRAGG A SUB,North Coast/North Bay,Fort Bragg,NORTH COAST,PGE,1,fuzzy,90.9090909090909,Fort Bragg,FORT BRAGG,39.434829296251486,-123.799384023294
FORT ORD SUB,Greater Bay Area,Fort Ord,CENTRAL COAST,PGE,1,exact,100.0,Fort Ord,FORT ORD,36.64341665332674,-121.79252517166388
FORT ROSS SUB,North Coast/North Bay,Fort Ross,NORTH COAST,PGE,1,exact,100.0,Fort Ross,FORT ROSS,38.53959300252851,-123.22370201479188
FORT SEWARD SUB,Humboldt,Fort Seward,HUMBOLDT,PGE,1,exact,100.0,Fort Seward,FORT SEWARD,40.21377701409556,-123.59638439474168
FRANKLIN SUB,Greater Bay Area,Crockett; Hercules; Pinole; Rodeo,EAST BAY,PGE,4,exact,100.0,Franklin,FRANKLIN,38.01210700210434,-122.26432998479756
FREMONT SUB,Greater Bay Area,Fremont; Sunol,MISSION,PGE,2,exact,100.0,Fremont,FREMONT,37.54136311404011,-121.96195742157144
FRESH EXPRESS SUB,Greater Bay Area,,CENTRAL COAST,nonPGE,1,unmatched,0.0,,,,
FRESNO WASTE WATER SUB,Greater Fresno,Fresno County,FRESNO,nonPGE,1,unmatched,0.0,,,,
FROGTOWN SUB,Stockton,Angels City; Copperopolis; Mountain Ranch; Murphys; Vallecito,STOCKTON,PGE,5,exact,100.0,Frogtown,FROGTOWN,38.05715279971415,-120.53397105129636
FRUITLAND SUB,Humboldt,Myers Flat,HUMBOLDT,PGE,1,exact,100.0,Fruitland,FRUITLAND,40.28584174156862,-123.8373077081287
FRUITVALE SUB,Kern,Bakersfield; Rosedale,KERN,PGE,2,exact,100.0,Fruitvale,FRUITVALE,35.37726759509589,-119.09268803960424
FULTON SUB,North Coast/North Bay,Larkfield-Wikiup; Santa Rosa; Windsor,NORTH COAST,PGE,3,exact,100.0,Fulton,FULTON,38.49781842377962,-122.76066894697142
GABILAN SUB,Greater Bay Area,Salinas,CENTRAL COAST,PGE,1,exact,100.0,Gabilan,GABILAN,36.73130337624566,-121.61331164213672
GALLO SUB,Greater Fresno,Livingston,YOSEMITE,PGE,1,exact,100.0,Gallo,GALLO,37.37941115394823,-120.80951946311409
GARBERVILLE SUB,Humboldt,Redway,HUMBOLDT,PGE,1,exact,100.0,Garberville,GARBERVILLE,40.10300785982294,-123.79287741477847
GARCIA SUB,North Coast/North Bay,Point Arena,NORTH COAST,PGE,1,exact,100.0,Garcia,GARCIA,38.88919144009038,-123.55087111021663
GATES SUB,Greater Fresno,Avenal; Coalinga; Huron,FRESNO,PGE,3,exact,100.0,Gates,GATES,36.14024498483854,-120.12546365722362
GATES WELLHEAD SUB,Greater Fresno,Fresno County,FRESNO,PGE,1,exact,100.0,Gates Wellhead,GATES WELLHEAD,36.152521067376654,-120.14781934255424
GEARY SUB,Greater Bay Area,Pleasant Hill; Walnut Creek,DIABLO,PGE,2,exact,100.0,Geary,GEARY,37.92661520036147,-122.074943599322
GEYSERVILLE SUB,North Coast/North Bay,Geyserville,NORTH COAST,PGE,1,exact,100.0,Geyserville,GEYSERVILLE,38.70981339234968,-122.9079796468376
GIFFEN SUB,Greater Fresno,Cantua Creek,FRESNO,PGE,1,exact,100.0,Giffen,GIFFEN,36.54514360185848,-120.33477561137126
GILL RANCH SUB,Greater Fresno,Madera County,FRESNO,nonPGE,1,unmatched,0.0,,,,
GILL SUB,Greater Bay Area,Concord,DIABLO,PGE,1,exact,100.0,Gill,GILL,37.986768207370986,-122.04026889673518
GLASS SUB,Greater Fresno,Madera,YOSEMITE,nonPGE,1,unmatched,0.0,,,,
GLENWOOD SUB,Greater Bay Area,Atherton; Menlo Park; North Fair Oaks,PENINSULA,PGE,3,exact,100.0,Glenwood,GLENWOOD,37.457155571098994,-122.18692221960626
GOLD HILL SUB,Sierra,Folsom,SIERRA,PGE,1,exact,100.0,Gold Hill,GOLD HILL,38.65748758790568,-121.13675733267137
GOLDEN STATE METALS (EISEN) SUB,Kern,Kern County,KERN,nonPGE,1,unmatched,0.0,,,,
GONZALES,Greater Bay Area,Gonzales,CENTRAL COAST,PGE,1,exact,100.0,Gonzales,GONZALES,36.50886506696333,-121.44689042031597
GRAND ISLAND SUB,Sierra,Isleton; Rio Vista,SACRAMENTO,PGE,2,exact,100.0,Grand Island,GRAND ISLAND,38.23156044070725,-121.59041520934294
GRANITE CONSTRUCTION SUB,North Coast/North Bay,Lake County,NORTH COAST,nonPGE,1,unmatched,0.0,,,,
GRANITE ROCK SUB,Greater Bay Area,Oromas,CENTRAL COAST,nonPGE,1,unmatched,0.0,,,,
GRANT SUB,Greater Bay Area,Ashland; Cherryland; Hayward; San Leandro,MISSION,PGE,4,exact,100.0,Grant,GRANT,37.67126803925739,-122.15953867436106
GRASS VALLEY SUB,Sierra,Grass Valley,SIERRA,PGE,1,exact,100.0,Grass Valley,GRASS VALLEY,39.20905548676379,-121.06136091053834
GREEN VALLEY SUB,Greater Bay Area,Watsonville,CENTRAL COAST,PGE,1,exact,100.0,Green Valley,GREEN VALLEY,36.95194003570028,-121.76029691983965
GREENBRAE SUB,North Coast/North Bay,Corte Madera; Kentfield; Larkspur; Tiburon,NORTH BAY,PGE,4,exact,100.0,Greenbrae,GREENBRAE,37.93787270382002,-122.51419760633036
GREGG SUB,Greater Fresno,Madera,YOSEMITE,PGE,1,exact,100.0,Gregg,GREGG,36.852809641082125,-119.9170803954647
GRIMMWAY-MALAGA SUB,Kern,Kern County,KERN,nonPGE,1,unmatched,0.0,,,,
GRIZZLY SUB,Greater Bay Area,Berkeley,EAST BAY,nonPGE,1,exact,100.0,Grizzly,GRIZZLY,39.910969838998064,-121.32758041656646
GRONEMEYER SUB,Stockton,Lathrop,STOCKTON,nonPGE,1,unmatched,0.0,,,,
GUALALA SUB,North Coast/North Bay,Gualala,NORTH COAST,PGE,1,exact,100.0,Gualala,GUALALA,38.78617977578909,-123.52209765733848
GUARDIAN SUB,Greater Fresno,Kings County,FRESNO,nonPGE,1,unmatched,0.0,,,,
GUERNSEY SUB,Greater Fresno,Hanford,FRESNO,PGE,1,exact,100.0,Guernsey,GUERNSEY,36.226313369169056,-119.65522471160294
GUSTINE SUB,Stockton,Gustine,YOSEMITE,PGE,1,exact,100.0,Gustine,GUSTINE,37.25323614332989,-121.01304169556924
GWF HANFORD SUB,Greater Fresno,Kings County,FRESNO,nonPGE,1,unmatched,0.0,,,,
GWF HANFORD SW STA SUB,Greater Fresno,Kings County,FRESNO,nonPGE,1,unmatched,0.0,,,,
HAAS PH SUB,Greater Fresno,Fresno County,FRESNO,PGE,1,unmatched,0.0,,,,
HALF MOON BAY SUB,Greater Bay Area,El Granada; Half Moon Bay; Montara; Moss Beach,PENINSULA,PGE,4,unmatched,0.0,,,,
HALSEY PH SUB,Sierra,Auburn; Meadow Vista; North Auburn,SIERRA,PGE,3,fuzzy,80.0,Halsey,HALSEY,38.95692847708868,-121.04223033527708
HAMILTON FIELD SUB,North Coast/North Bay,Novato,NORTH BAY,PGE,1,fuzzy,75.0,Hamilton A,HAMILTON A,39.74641854176892,-122.01136933547082
HAMMONDS SUB,Greater Fresno,Fresno,YOSEMITE,PGE,1,exact,100.0,Hammonds,HAMMONDS,36.72023521859973,-120.60331078826115
HANFORD SWITCHING STATION SUB,Greater Fresno,Kings County,FRESNO,PGE,1,unmatched,0.0,,,,
HARDWICK SUB,Greater Fresno,Hanford; Laton,FRESNO,PGE,2,exact,100.0,Hardwick,HARDWICK,36.4041265497173,-119.68584894432465
HARKINS,Greater Bay Area,Salinas,CENTRAL COAST,PGE,1,fuzzy,76.92307692307692,Harris,HARRIS,40.780914589124485,-124.13185342405006
HARRIS SUB,Humboldt,Cutten; Eureka; Myrtletown; Pine Hills,HUMBOLDT,PGE,4,exact,100.0,Harris,HARRIS,40.780914589124485,-124.13185342405006
HARTER SUB,Sierra,South Yuba City; Sutter; Tierra Buena; Yuba City,SIERRA,PGE,4,exact,100.0,Harter,HARTER,39.14328190436777,-121.64801526159908
HARTLEY SUB,North Coast/North Bay,Lakeport; North Lakeport,NORTH COAST,PGE,2,exact,100.0,Hartley,HARTLEY,39.077214070382624,-122.93256785221448
HATTON SUB,Greater Bay Area,Carmel Valley,CENTRAL COAST,PGE,1,exact,100.0,Hatton,HATTON,36.556860720745206,-121.8979239294068
HAYWARD O SUB,Greater Bay Area,Ashland; Cherryland; Hayward,MISSION,PGE,3,exact,100.0,Hayward O,HAYWARD O,37.68638909966676,-122.10218867840564
HEINZ SUB,Stockton,Tracy,STOCKTON,nonPGE,1,unmatched,0.0,,,,
HELM SUB,Greater Fresno,San Joaquin,FRESNO,PGE,1,exact,100.0,Helm,HELM,36.59142343169017,-120.17619876604118
HELMS PGP SUB,Greater Fresno,Fresno County,FRESNO,PGE,1,unmatched,0.0,,,,
HENRIETTA SUB,Greater Fresno,Lemoore Station,FRESNO,PGE,1,exact,100.0,Henrietta,HENRIETTA,36.24191955475813,-119.90327197289793
HERNDON SUB,Greater Fresno,Herndon,FRESNO,PGE,1,exact,100.0,Herndon,HERNDON,36.844717860538495,-119.922134727871
HICKS SUB,Greater Bay Area,Cambrian Park; Los Gatos; San Jose,SAN JOSE,PGE,3,exact,100.0,Hicks,HICKS,37.233713452707946,-121.90106831081536
HIGGINS SUB,Sierra,Alta Sierra; Lake of the Pines,SIERRA,PGE,2,exact,100.0,Higgins,HIGGINS,39.04404057010053,-121.09069254692402
HIGH ST SUB,Greater Bay Area,Oakland,EAST BAY,PGE,1,unmatched,0.0,,,,
HIGHLANDS SUB,North Coast/North Bay,Clearlake; Hidden Valley Lake; Lower Lake,NORTH COAST,PGE,3,exact,100.0,Highlands,HIGHLANDS,38.93706128927308,-122.60890848746357
HIGHWAY 70 INDUSTRIAL PARK (LOUISIANA PACIFIC),Sierra,Oroville,NORTH VALLEY,nonPGE,1,unmatched,0.0,,,,
HIGHWAY SUB,North Coast/North Bay,American Canyon; Vallejo,NORTH BAY,PGE,2,exact,100.0,Highway,HIGHWAY,38.16621801651261,-122.2536210070525
HILLSDALE SUB,Greater Bay Area,Belmont; Hillsborough; San Mateo,PENINSULA,PGE,3,exact,100.0,Hillsdale,HILLSDALE,37.53658611345428,-122.32205000420552
HJ HEINZ,Stockton,Tracy,STOCKTON,nonPGE,1,unmatched,0.0,,,,
HOLLISTER SUB,Greater Bay Area,Hollister,CENTRAL COAST,PGE,1,exact,100.0,Hollister,HOLLISTER,36.86284609293578,-121.40601088934692
HOLLYWOOD SUB,Greater Bay Area,Oakland; Piedmont,EAST BAY,PGE,2,unmatched,0.0,,,,
HOMESTAKE SUB,North Coast/North Bay,,NORTH COAST,PGE,1,unmatched,0.0,,,,
HONCUT SUB,Sierra,Gridley; Loma Rica,NORTH VALLEY,PGE,2,exact,100.0,Honcut,HONCUT,39.32058027310813,-121.59532768391398
HOOPA SUB,Humboldt,Hoopa,HUMBOLDT,PGE,1,exact,100.0,Hoopa,HOOPA,41.056465389372136,-123.6821089188975
HOPLAND SUB,North Coast/North Bay,Hopland,NORTH BAY,PGE,1,exact,100.0,Hopland,HOPLAND,38.97279313501813,-123.0811217825633
HORSESHOE SUB,Sierra,Folsom; Granite Bay; Loomis; Roseville,SIERRA,PGE,4,exact,100.0,Horseshoe,HORSESHOE,38.74431606810035,-121.16164253935796
HOWLAND ROAD SUB,Stockton,Manteca,STOCKTON,PGE,1,exact,100.0,Howland Road,HOWLAND ROAD,37.80878549138279,-121.27657128699784
HUMBOLDT BAY GEN STA SUB,Humboldt,Bayview; Eureka; Humboldt Hill; Pine Hills,HUMBOLDT,PGE,5,fuzzy,75.0,Humboldt Bay,HUMBOLDT BAY,40.7403252642439,-124.20965592244193
HUMBOLDT SUB,Humboldt,Eureka,HUMBOLDT,PGE,1,exact,100.0,Humboldt,HUMBOLDT,40.78258457560753,-124.11238002277976
HURON SUB,Greater Fresno,Huron,FRESNO,PGE,1,exact,100.0,Huron,HURON,36.18606391411192,-120.10391112178026
IGNACIO SUB,North Coast/North Bay,Black Point-Green Point; Lucas Valley-Marinwood; Novato,NORTH BAY,PGE,3,exact,100.0,Ignacio,IGNACIO,38.07692860079395,-122.54056371767577
IMHOFF SUB,Greater Bay Area,Martinez,DIABLO,PGE,1,exact,100.0,Imhoff,IMHOFF,38.00163656751872,-122.0672556867176
INDIAN FLAT SUB,Greater Fresno,Incline,YOSEMITE,PGE,1,exact,100.0,Indian Flat,INDIAN FLAT,37.66479447681744,-119.8412278307714
INDIAN VALLEY SUB,North Coast/North Bay,,NORTH COAST,PGE,1,unmatched,0.0,,,,
INDUSTRIAL ACRES SUB,Greater Bay Area,Salinas,CENTRAL COAST,PGE,1,exact,100.0,Industrial Acres,INDUSTRIAL ACRES,36.66378718640669,-121.62859499820712
INDUSTRIAL SUB,Stockton,Lodi,STOCKTON,PGE,1,exact,100.0,Industrial,INDUSTRIAL,38.12992771852424,-121.25156189484872
INGRAM CREEK SUB,Stockton,Stanislaus County,YOSEMITE,nonPGE,1,fuzzy,78.26086956521739,Tiger Creek,TIGER CREEK,38.449175243866094,-120.49227690773776
IUKA SUB,Greater Bay Area,Pleasanton,MISSION,PGE,1,fuzzy,75.0,Luka,LUKA,37.66794608367032,-121.83187681050428
J.R. WOOD SUB,Greater Fresno,Merced County,FRESNO,nonPGE,1,unmatched,0.0,,,,
JACALITO SUB,Greater Fresno,Fresno County,FRESNO,nonPGE,1,fuzzy,80.0,Jacinto,JACINTO,39.58278563658707,-122.01047191610203
JACOBS CORNER SUB,Greater Fresno,Lemoore; Lemoore Station; Stratford,FRESNO,PGE,3,exact,100.0,Jacobs Corner,JACOBS CORNER,36.22241110449142,-119.77991388320748
JANES CREEK SUB,Humboldt,Arcata; McKinleyville,HUMBOLDT,PGE,2,exact,100.0,Janes Creek,JANES CREEK,40.90513782437269,-124.07234698514996
JARVIS SUB,Greater Bay Area,Fremont; Hayward; Union City,MISSION,PGE,3,unmatched,0.0,,,,
JEFFERSON SUB,Greater Bay Area,Redwood City,PENINSULA,PGE,1,exact,100.0,Jefferson,JEFFERSON,37.45761682162042,-122.28637093369755
JR WOOD SUB,Greater Fresno,Atwater,YOSEMITE,nonPGE,1,unmatched,0.0,,,,
JUDAH SUB,Greater Bay Area,San Francisco,SAN FRANCISCO,PGE,1,unmatched,0.0,,,,
KAMM (TEXACO) SUB,Greater Fresno,Fresno County,FRESNO,nonPGE,1,unmatched,0.0,,,,
KANAKA SUB,Sierra,Feather Falls,NORTH VALLEY,nonPGE,1,unmatched,0.0,,,,
KANSAS SOLAR SUB,Greater Fresno,Lemoore,FRESNO,nonPGE,1,unmatched,0.0,,,,
KANSAS SOUTH SUB,Greater Fresno,Lemoore,FRESNO,nonPGE,1,unmatched,0.0,,,,
KASSON SUB,Stockton,Tracy,STOCKTON,PGE,1,exact,100.0,Kasson,KASSON,37.745890432836354,-121.34118738096768
KEARNEY (NEW) SUB,Greater Fresno,Easton; Fresno; Fresno County,FRESNO,PGE,3,exact,100.0,Kearney (New),KEARNEY (NEW),36.70562289159689,-119.8828650242258
KEARNY (OLD) SUB,Greater Fresno,Fresno County,FRESNO,PGE,1,fuzzy,96.0,Kearney (Old),KEARNEY (OLD),36.70679399597088,-119.880022999056
KEKAWAKA,Humboldt,,HUMBOLDT,nonPGE,1,exact,100.0,Kekawaka,KEKAWAKA,40.0940307349166,-123.50918679640904
KELSO SUB,Greater Bay Area,Tracy,STOCKTON,PGE,1,exact,100.0,Kelso,KELSO,37.79748936963168,-121.60331055402354
KERCKHOFF #1 PH SUB,Greater Fresno,Fresno County,FRESNO,PGE,1,fuzzy,80.0,Kerchoff 1,KERCHOFF 1,37.09224609880732,-119.55266643410953
KERCKHOFF #2 PH SUB,Greater Fresno,Fresno County,FRESNO,PGE,1,fuzzy,80.0,Kerchoff 2,KERCHOFF 2,37.07187751488886,-119.55803699738144
KERMAN SUB,Greater Fresno,Kerman,FRESNO,PGE,1,exact,100.0,Kerman,KERMAN,36.691535007009925,-120.06008299787214
KERN FRONT SUB,Kern,Kern County,KERN,nonPGE,1,exact,100.0,Kern Front,KERN FRONT,35.50944486622697,-119.0305111790723
KERN OIL SUB,Kern,Bakersfield; Oildale,KERN,PGE,2,exact,100.0,Kern Oil,KERN OIL,35.4407056097126,-119.02073606106468
KERN PP SUB,Kern,Bakersfield,KERN,PGE,1,unmatched,0.0,,,,
KERNWATER SUB,Kern,Kern County,KERN,PGE,1,exact,100.0,Kernwater,KERNWATER,35.40105742857489,-119.0353929898614
KETTLEMAN HILLS SUB,Greater Fresno,Avenal,FRESNO,PGE,1,exact,100.0,Kettleman Hills,KETTLEMAN HILLS,36.04359444768913,-120.1113916540389
KINGS RIVER PH SUB,Greater Fresno,Fresno County,FRESNO,PGE,1,fuzzy,88.0,Kings River,KINGS RIVER,36.88826814707661,-119.15947456727572
KINGSBURG SUB,Greater Fresno,Kingsburg; London; Selma; Traver,FRESNO,PGE,4,exact,100.0,Kingsburg,KINGSBURG,36.48843212335158,-119.58249021621556
KIRKER SUB,Greater Bay Area,Antioch; Bay Point; Pittsburg,DIABLO,PGE,3,exact,100.0,Kirker,KIRKER,38.02078899146564,-121.90595499339868
KNIGHTS LANDING SUB,Sierra,Knights Landing,SACRAMENTO,PGE,1,exact,100.0,Knights Landing,KNIGHTS LANDING,38.80928378458452,-121.74509479848558
KONOCTI SUB,North Coast/North Bay,Cobb; Kelseyville; Lower Lake,HUMBOLDT,PGE,3,exact,100.0,Konocti,KONOCTI,38.93233036162131,-122.74100628988566
LAGUNA SECA SUB,North Coast/North Bay,Salinas,NORTH COAST,PGE,1,unmatched,0.0,,,,
LAGUNITAS SUB,Greater Bay Area,Salinas,CENTRAL COAST,PGE,1,exact,100.0,Lagunitas,LAGUNITAS,36.74876122594697,-121.60598856689566
LAKEVILLE SUB,North Coast/North Bay,Petaluma,NORTH COAST,PGE,1,exact,100.0,Lakeville,LAKEVILLE,38.25095566704731,-122.58164540213878
LAKEWOOD SUB,Greater Bay Area,Alamo; Lafayette; Pleasant Hill; Waldon; Walnut Creek,DIABLO,PGE,5,exact,100.0,Lakewood,LAKEWOOD,37.90841012924259,-122.05733485714823
LAMBIE SW STA SUB,Greater Bay Area,Rio Vista,SACRAMENTO,PGE,1,unmatched,0.0,,,,
LAMMERS SUB,Stockton,Tracy,STOCKTON,PGE,1,exact,100.0,Lammers,LAMMERS,37.71296547424562,-121.47752769056574
LAMONT SUB,Kern,Bakersfield; Lamont; Weedpatch,KERN,PGE,3,exact,100.0,Lamont,LAMONT,35.29677424643295,-118.86143242707536
LAS AROMAS SUB,Greater Bay Area,Orinda,DIABLO,PGE,1,unmatched,0.0,,,,
LAS GALLINAS A SUB,North Coast/North Bay,Lucas Valley-Marinwood; San Rafael; Santa Venetia,NORTH BAY,PGE,3,fuzzy,92.3076923076923,Las Gallinas,LAS GALLINAS,38.02243332549303,-122.53794071204062
LAS PALMAS SUB,Greater Fresno,Fresno County,FRESNO,nonPGE,1,fuzzy,80.0,Las Pulgas,LAS PULGAS,37.46284167816763,-122.22790555904724
LAS POSITAS SUB,Greater Bay Area,Livermore; Pleasanton,MISSION,PGE,2,exact,100.0,Las Positas,LAS POSITAS,37.70082423282943,-121.73324446912255
LAS PULGAS SUB,Greater Bay Area,Atherton; Redwood City,PENINSULA,PGE,2,exact,100.0,Las Pulgas,LAS PULGAS,37.46284167816763,-122.22790555904724
LAURELES JCT,Greater Bay Area,,CENTRAL COAST,PGE,1,fuzzy,80.0,Laureles,LAURELES,36.47770202544918,-121.7272208311117
LAURELES SUB,Greater Bay Area,Carmel,CENTRAL COAST,PGE,1,exact,100.0,Laureles,LAURELES,36.47770202544918,-121.7272208311117
LAWNDALE SUB,Greater Bay Area,South San Francisco,PENINSULA,PGE,1,exact,100.0,Lawndale,LAWNDALE,37.66252369636041,-122.44259458446248
LAWRENCE SUB,Greater Bay Area,San Jose; Santa Clara; Sunnyvale,DE ANZA,PGE,3,exact,100.0,Lawrence,LAWRENCE,37.39720613760379,-122.01032950183628
LAYTONVILLE SUB,North Coast/North Bay,Laytonville,NORTH COAST,PGE,1,exact,100.0,Laytonville,LAYTONVILLE,39.684586506278166,-123.47722297792636
LE GRAND SUB,Greater Fresno,Le Grand,YOSEMITE,PGE,1,exact,100.0,Le Grand,LE GRAND,37.18497687324676,-120.2739550698558
LEARNER SUB,Stockton,Stockton,STOCKTON,,1,unmatched,0.0,,,,
LEMOORE NAS SUB,Greater Fresno,Kings County,FRESNO,PGE,1,fuzzy,88.0,Lemoore N.A.S.,LEMOORE N.A.S.,36.2645077950768,-119.90627589005264
LEMOORE SUB,Greater Fresno,Lemoore,FRESNO,PGE,1,exact,100.0,Lemoore,LEMOORE,36.309333811206585,-119.79830060208944
LEPRINO FOODS LEEMORE SUB,Greater Fresno,Kings County,FRESNO,nonPGE,1,unmatched,0.0,,,,
LEPRINO FOODS TRACY SUB,Stockton,Tracy,STOCKTON,nonPGE,1,unmatched,0.0,,,,
LEPRINO SUB,Greater Fresno,Kings County,FRESNO,nonPGE,1,unmatched,0.0,,,,
LERDO SUB,Kern,Shafter,KERN,PGE,1,exact,100.0,Lerdo,LERDO,35.500366029903,-119.15182728465126
LIMESTONE SUB,Sierra,Shingle Springs,SIERRA,PGE,1,exact,100.0,Limestone,LIMESTONE,38.634932901836,-120.9801827876812
LINCOLN SUB,Sierra,Lincoln,SIERRA,PGE,1,exact,100.0,Lincoln,LINCOLN,38.90052330344682,-121.29409397354496
LIVE OAK SUB,Sierra,Live Oak,SIERRA,PGE,1,exact,100.0,Live Oak,LIVE OAK,39.2763900097432,-121.66029985888775
LIVERMORE SUB,Greater Bay Area,Livermore,MISSION,PGE,1,exact,100.0,Livermore,LIVERMORE,37.68002780796131,-121.78050482975056
LIVINGSTON SUB,Greater Fresno,Livingston; Winton,YOSEMITE,PGE,2,exact,100.0,Livingston,LIVINGSTON,37.36342701655074,-120.76039099415776
LLAGAS SUB,Greater Bay Area,Gilroy; San Martin,SAN JOSE,PGE,2,exact,100.0,Llagas,LLAGAS,37.0072629332842,-121.55724432477602
LOCKHEED #2 SUB,Greater Bay Area,San Jose; Sunnyvale,DE ANZA,PGE,2,unmatched,0.0,,,,
LODI STIG,Sierra,Lodi,STOCKTON,nonPGE,1,unmatched,0.0,,,,
LODI SUB,Stockton,Lodi; North Woodbridge; South Woodbridge,STOCKTON,PGE,3,unmatched,0.0,,,,
LONE STAR SUB,Greater Bay Area,Santa Cruz County,CENTRAL COAST,nonPGE,1,fuzzy,77.77777777777779,Lone Tree,LONE TREE,37.94623587461143,-121.7597975664782
LONETREE SUB,Greater Bay Area,Antioch; Brentwood; Oakley,DIABLO,PGE,3,fuzzy,94.11764705882352,Lone Tree,LONE TREE,37.94623587461143,-121.7597975664782
LOS ALTOS SUB,Greater Bay Area,Los Altos; Los Altos Hills; Mountain View; Palo Alto,DE ANZA,PGE,4,exact,100.0,Los Altos,LOS ALTOS,37.39384444710306,-122.11472499894712
LOS BANOS SUB,Greater Fresno,Los Banos,YOSEMITE,PGE,1,exact,100.0,Los Banos,LOS BANOS,37.05351312188253,-121.02110261140248
LOS ESTEROS SUB,Greater Bay Area,San Jose,SAN JOSE,PGE,1,exact,100.0,Los Esteros,LOS ESTEROS,37.42747021425644,-121.9329308886194
LOS GATOS SUB,Greater Bay Area,Lexington Hills; Los Gatos; Monte Sereno,DE ANZA,PGE,3,exact,100.0,Los Gatos,LOS GATOS,37.22643981154891,-121.97735216024137
LOUISE SUB,Stockton,Manteca,STOCKTON,nonPGE,1,unmatched,0.0,,,,
LOUISIANA PACIFIC ARCATA,Humboldt,Arcata,HUMBOLDT,nonPGE,1,unmatched,0.0,,,,
LOWER LAKE SUB,North Coast/North Bay,Lower Lake,NORTH COAST,PGE,1,exact,100.0,Lower Lake,LOWER LAKE,38.91064070236071,-122.61736744765246
LOYOLA SUB,Greater Bay Area,Los Altos; Los Altos Hills; Loyola; Mountain View; Palo Alto,DE ANZA,PGE,5,exact,100.0,Loyola,LOYOLA,37.36105837680576,-122.0997083840317
LUCERNE SUB,North Coast/North Bay,Lucerne; Nice; North Lakeport; Upper Lake,NORTH COAST,PGE,4,exact,100.0,Lucerne,LUCERNE,39.11038685603239,-122.81283817023412
MABURY SUB,Greater Bay Area,San Jose,SAN JOSE,PGE,1,exact,100.0,Mabury,MABURY,37.36081517235132,-121.86415760519633
MADERA JCT SUB,Greater Fresno,Madera,FRESNO,nonPGE,1,unmatched,0.0,,,,
MADERA POWER SUB,Greater Fresno,Madera,FRESNO,nonPGE,1,unmatched,0.0,,,,
MADERA SUB,Greater Fresno,Madera; Parkwood,YOSEMITE,nonPGE,2,unmatched,0.0,,,,
MALAGA POWER LLC (KRCD PEAKER),Greater Fresno,Fresno County,FRESNO,nonPGE,1,unmatched,0.0,,,,
MALAGA SUB,Greater Fresno,Calwa; Easton; Fowler; Fresno,FRESNO,PGE,4,exact,100.0,Malaga,MALAGA,36.69325501803404,-119.72653397903986
MANCHESTER SUB,Greater Fresno,Fresno,FRESNO,PGE,1,exact,100.0,Manchester,MANCHESTER,36.78805531433461,-119.78787886781062
MANTECA SUB,Stockton,Manteca,STOCKTON,PGE,1,exact,100.0,Manteca,MANTECA,37.801133988578215,-121.22386999463303
MAPLE CREEK SUB,Humboldt,Blue Lake,HUMBOLDT,PGE,1,exact,100.0,Maple Creek,MAPLE CREEK,40.76789910706237,-123.873700206482
MAPLE SUB,Greater Bay Area,Oakland,EAST BAY,PGE,1,unmatched,0.0,,,,
MARIPOSA SUB,Greater Fresno,Bootjack; Mariposa,YOSEMITE,PGE,2,exact,100.0,Mariposa,MARIPOSA,37.50444462762693,-120.00778324285658
MARKHAM SUB,Greater Bay Area,San Jose,SAN JOSE,PGE,1,unmatched,0.0,,,,
MARSH SUB,Greater Bay Area,Brentwood,DIABLO,PGE,1,exact,100.0,Marsh,MARSH,37.90286541425741,-121.72269574977582
MARTINEZ PP SUB,Greater Bay Area,Martinez,DIABLO,PGE,1,fuzzy,84.21052631578947,Martinez,MARTINEZ,38.01494900778573,-122.11623544813986
MARYSVILLE SUB,Sierra,Linda; Marysville; Yuba City,SIERRA,PGE,3,exact,100.0,Marysville,MARYSVILLE,39.14002976308495,-121.5834742691922
MC FARLAND SUB,Kern,McFarland,KERN,PGE,1,exact,100.0,Mc Farland,MC FARLAND,35.6883840601955,-119.2768598083155
MC MULLIN SUB,Greater Fresno,Easton; Raisin City,FRESNO,PGE,2,exact,100.0,Mc Mullin,MC MULLIN,36.59336916065014,-119.9887083695419
MCAVOY TAP SUB,Greater Bay Area,Bay Point,DIABLO,nonPGE,1,unmatched,0.0,,,,
MCCALL SUB,Greater Fresno,Del Rey; Fowler; Parlier; Selma,FRESNO,PGE,4,exact,100.0,McCall,MCCALL,36.61082900597876,-119.63921063456868
MCKEE SUB,Greater Bay Area,Alum Rock; East Foothills; San Jose,SAN JOSE,PGE,3,unmatched,0.0,,,,
MCMULLIN SUB,Greater Fresno,Fresno,FRESNO,PGE,1,fuzzy,94.11764705882352,Mc Mullin,MC MULLIN,36.59336916065014,-119.9887083695419
MEADOW LANE SUB,Greater Bay Area,Concord; Martinez; Pleasant Hill; Waldon; Walnut Creek,DIABLO,PGE,5,exact,100.0,Meadow Lane,MEADOW LANE,37.96324325632197,-122.05225312487916
MELONES SUB,Stockton,Sonora,STOCKTON,PGE,1,unmatched,0.0,,,,
MENDOCINO SUB,North Coast/North Bay,Redwood Valley,NORTH COAST,PGE,1,exact,100.0,Mendocino,MENDOCINO,39.250483534031325,-123.1963905905829
MENDOTA BIOMASS SUB,Greater Fresno,Mendota,FRESNO,nonPGE,1,unmatched,0.0,,,,
MENDOTA SUB,Greater Fresno,Mendota,YOSEMITE,PGE,1,exact,100.0,Mendota,MENDOTA,36.72059631080433,-120.45895510584718
MENLO SUB,Greater Bay Area,Atherton; Los Altos Hills; Menlo Park; Palo Alto; Portola Valley; Redwood City; Stanford; West Menlo Park,PENINSULA,PGE,8,exact,100.0,Menlo,MENLO,37.43280833182845,-122.2027583179545
MERCED FALLS PH SUB,Greater Fresno,Snelling,YOSEMITE,PGE,1,fuzzy,88.88888888888889,Merced Falls,MERCED FALLS,37.5231917383836,-120.33034452620844
MERCED SUB,Greater Fresno,Merced,YOSEMITE,PGE,1,exact,100.0,Merced,MERCED,37.27330800181223,-120.4872390057089
MERCY SPRINGS (SLWD) SUB,Greater Fresno,Merced County,FRESNO,PGE,1,fuzzy,78.78787878787878,Mercy Springs,MERCY SPRINGS,36.936811623753805,-120.8194867965914
METCALF SUB,Greater Bay Area,San Jose,SAN JOSE,PGE,1,fuzzy,87.5,Metcalf 2,METCALF 2,37.22628255275606,-121.74627670579927
METTLER SUB,Stockton,Lodi; Morada; Stockton,STOCKTON,PGE,3,exact,100.0,Mettler,METTLER,38.077922370760064,-121.28690168406489
MI-WUK SUB,Stockton,Mi-Wuk Village; Mono Vista; Phoenix Lake-Cedar Ridge; Soulsbyville; Twain Harte,YOSEMITE,PGE,5,exact,100.0,Mi-Wuk,MI-WUK,38.052894384768784,-120.2171349558828
MIDDLETOWN SUB,North Coast/North Bay,Cobb; Hidden Valley Lake; Middletown,NORTH COAST,PGE,3,exact,100.0,Middletown,MIDDLETOWN,38.75291721241588,-122.60872248884506
MILLBRAE SUB,Greater Bay Area,Burlingame; Millbrae; San Bruno,PENINSULA,PGE,3,exact,100.0,Millbrae,MILLBRAE,37.60593812655228,-122.39189344273694
MILLER SUB,Stockton,Stanislaus County,YOSEMITE,nonPGE,1,unmatched,0.0,,,,
MILPITAS SUB,Greater Bay Area,Milpitas; San Jose,SAN JOSE,PGE,2,exact,100.0,Milpitas,MILPITAS,37.41538248570829,-121.88837260043444
MIRA VISTA SUB,Greater Bay Area,East Richmond Heights; El Cerrito; Richmond,EAST BAY,PGE,3,exact,100.0,Mira Vista,MIRA VISTA,37.93855075112244,-122.32462290119236
MIRABEL SUB,North Coast/North Bay,Forestville; Graton; Guerneville,NORTH COAST,PGE,3,exact,100.0,Mirabel,MIRABEL,38.48950733334947,-122.89418272045346
MODESTO ENERGY SUB,Stockton,Modesto,STOCKTON,nonPGE,1,unmatched,0.0,,,,
MOLINO SUB,North Coast/North Bay,Graton; Occidental; Santa Rosa; Sebastopol,NORTH COAST,PGE,4,exact,100.0,Molino,MOLINO,38.4252880061949,-122.8323259975505
MONROE SUB,North Coast/North Bay,Larkfield-Wikiup; Santa Rosa,NORTH COAST,PGE,2,exact,100.0,Monroe,MONROE,38.453223885544176,-122.74421648741736
MONTA VISTA SUB,Greater Bay Area,Cupertino,DE ANZA,PGE,1,exact,100.0,Monta Vista,MONTA VISTA,37.32391499798285,-122.07315000092498
MONTAGUE SUB,Greater Bay Area,Milpitas; San Jose,SAN JOSE,PGE,2,exact,100.0,Montague,MONTAGUE,37.403332697501774,-121.90599044132966
MONTE RIO SUB,North Coast/North Bay,Guerneville; Monte Rio; Occidental,NORTH COAST,PGE,3,exact,100.0,Monte Rio,MONTE RIO,38.47141397437374,-123.01223630501092
MONTEREY NAVY LAB SUB,Greater Bay Area,Monterey,CENTRAL COAST,PGE,1,fuzzy,91.42857142857143,Monterey Naval Lab,MONTEREY NAVAL LAB,36.58953305992025,-121.86383166309272
MONTEREY SUB,Greater Bay Area,Monterey,CENTRAL COAST,PGE,1,exact,100.0,Monterey,MONTEREY,36.59982742598498,-121.89048372337044
MONTICELLO SUB,North Coast/North Bay,Winters,NORTH BAY,PGE,1,exact,100.0,Monticello,MONTICELLO,38.50851658942113,-122.21446363828817
MORAGA SUB,Greater Bay Area,Lafayette; Moraga; Orinda,DIABLO,PGE,3,exact,100.0,Moraga,MORAGA,37.84776392918334,-122.16083185480454
MORGAN HILL SUB,Greater Bay Area,Morgan Hill; San Jose; San Martin,SAN JOSE,PGE,3,exact,100.0,Morgan Hill,MORGAN HILL,37.12670056195035,-121.6589030313354
MOSCONE SUB,Greater Bay Area,San Francisco,SAN FRANCISCO,nonPGE,1,unmatched,0.0,,,,
MOSS LANDING SUB,Greater Bay Area,Moss Landing,CENTRAL COAST,PGE,1,exact,100.0,Moss Landing,MOSS LANDING,36.80612983039401,-121.77572736481476
MOUNTAIN VIEW SUB,Greater Bay Area,Los Altos; Mountain View; Palo Alto; Sunnyvale,DE ANZA,PGE,4,unmatched,0.0,,,,
MT EDEN SUB,Greater Bay Area,Hayward; Union City,MISSION,PGE,2,fuzzy,93.33333333333333,Mt. Eden,MT. EDEN,37.63206011003971,-122.10184811059204
MT. QUARRIES SUB,Sierra,Georgetown,SIERRA,PGE,1,exact,100.0,Mt. Quarries,MT. QUARRIES,38.9140659675594,-121.01898220192484
MUSTANG SUB,Greater Fresno,,FRESNO,PGE,1,unmatched,0.0,,,,
NAPA SUB,North Coast/North Bay,Green Valley; Napa,NORTH BAY,PGE,2,exact,100.0,Napa,NAPA,38.2954518695612,-122.27891504790612
NARROWS,Sierra,Mooney Flat,SIERRA,PGE,1,exact,100.0,Narrows,NARROWS,39.23512866946219,-121.26863146830156
NARROWS #1 PH,Sierra,Mooney Flat,SIERRA,PGE,1,unmatched,0.0,,,,
NATIVIDAD SW SUB,Greater Bay Area,,CENTRAL COAST,PGE,1,unmatched,0.0,,,,
NAVY SCHOOL SUB,Greater Bay Area,Monterey,CENTRAL COAST,PGE,1,exact,100.0,Navy School,NAVY SCHOOL,36.59960040831284,-121.87688420420542
NESTLE JCT,Greater Bay Area,Salinas,CENTRAL COAST,PGE,1,unmatched,0.0,,,,
NEWARK DIST SUB,Greater Bay Area,Fremont,MISSION,PGE,1,unmatched,0.0,,,,
NEWARK SUB,Greater Bay Area,Fremont; Newark,MISSION,PGE,2,exact,100.0,Newark,NEWARK,37.50087311537809,-121.98626242223652
NEWBURG SUB,Humboldt,Fortuna; Hydesville,HUMBOLDT,PGE,2,exact,100.0,Newburg,NEWBURG,40.59459298156031,-124.1352072063305
NEWCASTLE PH,Sierra,Auburn,SIERRA,PGE,1,fuzzy,85.71428571428572,Newcastle,NEWCASTLE,38.83485899365069,-121.09482099610771
NEWHALL SUB,Greater Fresno,Firebaugh,YOSEMITE,PGE,1,exact,100.0,Newhall,NEWHALL,36.86696373850815,-120.3280422136908
NEWMAN SUB,Stockton,Newman,YOSEMITE,PGE,1,exact,100.0,Newman,NEWMAN,37.315586112666914,-121.01501392854986
NINTH ST JCT,Greater Bay Area,,CENTRAL COAST,PGE,1,unmatched,0.0,,,,
NORIEGA SUB,Greater Bay Area,San Francisco,SAN FRANCISCO,PGE,1,fuzzy,76.92307692307692,Ortiga,ORTIGA,36.98352226268427,-120.81948913475556
NORTECH SUB,Greater Bay Area,San Jose,SAN JOSE,PGE,1,exact,100.0,Nortech,NORTECH,37.42070310255024,-121.95986987419542
NORTH DUBLIN SUB,Greater Bay Area,Dublin; Pleasanton,MISSION,nonPGE,2,unmatched,0.0,,,,
NORTH MERCED,Greater Fresno,,YOSEMITE,PGE,1,unmatched,0.0,,,,
NORTH TOWER SUB,North Coast/North Bay,Benicia; Crockett; Rodeo; Vallejo,NORTH BAY,PGE,4,exact,100.0,North Tower,NORTH TOWER,38.06582096810914,-122.19632934541984
NOVATO SUB,North Coast/North Bay,Black Point-Green Point; Novato,NORTH BAY,PGE,2,exact,100.0,Novato,NOVATO,38.108614398502894,-122.56824321885992
O'NEIL PGP (WPRS) SUB,Greater Fresno,Merced County,FRESNO,nonPGE,1,unmatched,0.0,,,,
OAK SUB,Greater Bay Area,Berkeley; El Cerrito; Kensington,EAST BAY,PGE,3,exact,100.0,Oak,OAK,37.90188336246642,-122.2863009581251
OAKHURST SUB,Greater Fresno,Oakhurst,YOSEMITE,PGE,1,exact,100.0,Oakhurst,OAKHURST,37.32195435968183,-119.63433155980304
OAKLAND C PP SUB,Greater Bay Area,Oakland,EAST BAY,nonPGE,1,fuzzy,85.71428571428572,Oakland C,OAKLAND C,37.79786600794784,-122.28200602092356
OAKLAND D SUB,Greater Bay Area,Berkeley; Emeryville; Oakland,EAST BAY,PGE,3,exact,100.0,Oakland D,OAKLAND D,37.83757074843421,-122.26361185898772
OAKLAND I SUB,Greater Bay Area,Oakland,EAST BAY,PGE,2,exact,100.0,Oakland I,OAKLAND I,37.79743896091407,-122.28073765446842
OAKLAND J SUB,Greater Bay Area,Oakland,EAST BAY,PGE,2,exact,100.0,Oakland J,OAKLAND J,37.76299826428102,-122.21449482097786
OAKLAND K (CLAREMONT) SUB,Greater Bay Area,Berkeley; Oakland,EAST BAY,PGE,3,unmatched,0.0,,,,
OAKLAND L SUB,Greater Bay Area,Emeryville; Oakland,EAST BAY,PGE,3,exact,100.0,Oakland L,OAKLAND L,37.81031399495175,-122.27141300504756
OAKLAND P SUB,Greater Bay Area,Oakland,EAST BAY,PGE,1,exact,100.0,Oakland P,OAKLAND P,37.82101994924655,-122.32872803419949
OAKLAND X SUB,Greater Bay Area,Oakland; Piedmont,EAST BAY,PGE,2,exact,100.0,Oakland X,OAKLAND X,37.805289865997466,-122.23126768762208
OAKMONT NORTH SUB,North Coast/North Bay,Santa Rosa,NORTH COAST,PGE,1,exact,100.0,Oakmont North,OAKMONT NORTH,38.44282578570213,-122.58381376983976
OAKMONT SOUTH SUB,North Coast/North Bay,Santa Rosa,NORTH COAST,PGE,1,exact,100.0,Oakmont South,OAKMONT SOUTH,38.42885652446785,-122.59334347409708
OCEAN AVE SUB,Greater Bay Area,San Francisco,SAN FRANCISCO,PGE,1,unmatched,0.0,,,,
OIL CITY (SHELL OIL CO) SUB,Greater Fresno,Kings County,FRESNO,nonPGE,1,unmatched,0.0,,,,
OLD RIVER SUB,Kern,Knob Hill,KERN,PGE,1,exact,100.0,Old River,OLD RIVER,35.20843056321126,-119.10068620407476
OLEMA SUB,North Coast/North Bay,Inverness; Point Reyes Station,NORTH BAY,PGE,2,exact,100.0,Olema,OLEMA,38.04217884496899,-122.786452187854
OLEUM PP SUB,Greater Bay Area,Rodeo,DIABLO,PGE,1,fuzzy,76.92307692307692,Oleum,OLEUM,38.04448561242868,-122.25701587075334
OLIVEHURST SUB,Sierra,Linda; Olivehurst,SIERRA,PGE,2,exact,100.0,Olivehurst,OLIVEHURST,39.09206971077931,-121.54297320499404
ORICK SUB,Humboldt,Orick,HUMBOLDT,PGE,1,exact,100.0,Orick,ORICK,41.2942870880898,-124.0568713812834
ORINDA SUB,Greater Bay Area,Orinda,DIABLO,PGE,1,exact,100.0,Orinda,ORINDA,37.88360417650063,-122.19347064930142
ORIOLE SUB,Greater Bay Area,Ashland; San Leandro,MISSION,PGE,2,unmatched,0.0,,,,
ORO LOMA SUB,Greater Fresno,South Dos Palos,YOSEMITE,PGE,1,exact,100.0,Oro Loma,ORO LOMA,36.886750573285184,-120.65491603381926
OROSI SUB,Greater Fresno,Cutler; East Orosi; Orosi,FRESNO,PGE,3,exact,100.0,Orosi,OROSI,36.54483612446745,-119.25141944291128
OROVILLE SUB,Sierra,Oroville; Oroville East; South Oroville; Thermalito,NORTH VALLEY,PGE,4,exact,100.0,Oroville,OROVILLE,39.50399794952197,-121.56015501732595
ORTIGA SUB,Greater Fresno,Los Banos,YOSEMITE,PGE,1,exact,100.0,Ortiga,ORTIGA,36.98352226268427,-120.81948913475556
OTTER SUB,Greater Bay Area,Carmel,CENTRAL COAST,PGE,1,exact,100.0,Otter,OTTER,36.38008663965642,-121.8993004698779
OWENS ILLINOIS SUB,Stockton,Tracy,STOCKTON,nonPGE,1,unmatched,0.0,,,,
OXFORD SUB,Greater Fresno,Fresno County,FRESNO,PGE,1,exact,100.0,Oxford,OXFORD,36.71509335421034,-120.70182879867032
P.P.G. SUB,Greater Fresno,Fresno County,FRESNO,nonPGE,1,unmatched,0.0,,,,
PACHECO PUMPING PLANT SUB,Greater Fresno,Merced County,FRESNO,nonPGE,1,unmatched,0.0,,,,
PACHECO WIND POWER,Greater Fresno,Los Banos,YOSEMITE,nonPGE,1,exact,100.0,Pacheco Wind Power,PACHECO WIND POWER,37.04146743265345,-121.01081579813427
PACIFIC LUMBER (CARLOTTA),Humboldt,Humboldt County,HUMBOLDT,nonPGE,1,unmatched,0.0,,,,
PACIFIC LUMBER (SCOTIA),Humboldt,Humboldt County,HUMBOLDT,nonPGE,1,unmatched,0.0,,,,
PACIFIC OROVILLE POWER,Sierra,Oroville,NORTH VALLEY,nonPGE,1,unmatched,0.0,,,,
PACIFICA SUB,Greater Bay Area,Montara; Pacifica,PENINSULA,PGE,2,exact,100.0,Pacifica,PACIFICA,37.59480099325919,-122.48881601975864
PALERMO SUB,Sierra,Palermo,NORTH VALLEY,PGE,1,exact,100.0,Palermo,PALERMO,39.45434305228144,-121.51766154413596
PALO SECO SUB,Greater Bay Area,Oakland; Piedmont,EAST BAY,PGE,2,exact,100.0,Palo Seco,PALO SECO,37.81910650759913,-122.20595533965694
PANAMA SUB,Kern,Bakersfield,KERN,PGE,1,exact,100.0,Panama,PANAMA,35.295556072797815,-119.0216521139904
PANOCHE SUB,Greater Fresno,Mendota,YOSEMITE,PGE,1,exact,100.0,Panoche,PANOCHE,36.65353625161828,-120.5817560649944
PARKWAY SUB,North Coast/North Bay,Vallejo,NORTH BAY,PGE,1,exact,100.0,Parkway,PARKWAY,38.13818918955193,-122.20911047771322
PARLIER SUB,Greater Fresno,Parlier; Selma,FRESNO,PGE,2,exact,100.0,Parlier,PARLIER,36.60755351445216,-119.52131008495267
PARSONS SUB,Greater Bay Area,Castro Valley,MISSION,PGE,1,exact,100.0,Parsons,PARSONS,37.701870770501614,-122.08279949493938
PATTERSON PASS SUB,Greater Bay Area,Livermore,STOCKTON,nonPGE,1,unmatched,0.0,,,,
PAUL SWEET SUB,Greater Bay Area,Santa Cruz,CENTRAL COAST,PGE,1,exact,100.0,Paul Sweet,PAUL SWEET,36.99232273085709,-121.98217929661874
PEASE SUB,Sierra,Sutter; Tierra Buena; Yuba City,SIERRA,PGE,3,exact,100.0,Pease,PEASE,39.170232484388265,-121.66130954428624
PENN ZIER SUB,Greater Fresno,Coalinga,FRESNO,nonPGE,1,unmatched,0.0,,,,
PENNGROVE SUB,North Coast/North Bay,Rohnert Park,NORTH COAST,PGE,1,exact,100.0,Penngrove,PENNGROVE,38.315508557263975,-122.68113148263924
PENRYN SUB,Sierra,Granite Bay; Loomis; Rocklin,SIERRA,PGE,3,exact,100.0,Penryn,PENRYN,38.84450411971604,-121.16656041028244
PEORIA SUB,Stockton,Chinese Camp; Copperopolis; Groveland-Big Oak Flat; Jamestown; Sonora,YOSEMITE,PGE,6,exact,100.0,Peoria,PEORIA,37.90373843285021,-120.49781126746883
PETALUMA A SUB,North Coast/North Bay,Petaluma,NORTH COAST,PGE,1,unmatched,0.0,,,,
PETALUMA C SUB,North Coast/North Bay,Petaluma,NORTH COAST,PGE,1,unmatched,0.0,,,,
PETROL SUB,Kern,Bakersfield,KERN,PGE,1,exact,100.0,Petrol,PETROL,35.45463055696804,-118.99219166849436
PHILO SUB,North Coast/North Bay,Philo,NORTH COAST,PGE,1,exact,100.0,Philo,PHILO,39.06398273628727,-123.4379281431657
PIERCY SUB,Greater Bay Area,San Jose,SAN JOSE,PGE,1,exact,100.0,Piercy,PIERCY,37.26909515749541,-121.78724623859824
PIKE CITY SUB,Sierra,Camptonville,SIERRA,PGE,1,exact,100.0,Pike City,PIKE CITY,39.43810610512932,-120.99609874674582
PINEDALE SUB,Greater Fresno,Clovis; Fresno,FRESNO,PGE,2,exact,100.0,Pinedale,PINEDALE,36.84992908278196,-119.80334504901184
PIPER BANK SUB,Greater Bay Area,Bethel Island,DIABLO,nonPGE,1,unmatched,0.0,,,,
PITTSBURG PP SUB,Greater Bay Area,Pittsburg,DIABLO,nonPGE,1,fuzzy,85.71428571428572,Pittsburg,PITTSBURG,38.03682199694362,-121.89679600317832
PITTSBURG SUB,Greater Bay Area,Pittsburg,DIABLO,PGE,1,exact,100.0,Pittsburg,PITTSBURG,38.03682199694362,-121.89679600317832
PLACER COUNTY SUB,Sierra,Forest Hill,SIERRA,nonPGE,1,unmatched,0.0,,,,
PLACER SUB,Sierra,Auburn; North Auburn,SIERRA,PGE,2,exact,100.0,Placer,PLACER,38.90125522393904,-121.0878584895581
PLACERVILLE SUB,Sierra,Diamond Springs; Georgetown; Placerville,SIERRA,PGE,3,exact,100.0,Placerville,PLACERVILLE,38.73089864212415,-120.78383860827384
PLEASANT GROVE SUB,Sierra,Lincoln; Rocklin; Roseville,SIERRA,PGE,3,exact,100.0,Pleasant Grove,PLEASANT GROVE,38.822090412493125,-121.30654082172713
PLEASANT HILL SUB,Greater Bay Area,Pleasant Hill,DIABLO,PGE,1,exact,100.0,Pleasant Hill,PLEASANT HILL,37.938804248237865,-122.08211356479114
PLUMAS SUB,Sierra,Olivehurst,SIERRA,PGE,1,exact,100.0,Plumas,PLUMAS,39.02624606204569,-121.5430520224537
PLYMOUTH SUB,Greater Bay Area,Daly City; San Francisco,SAN FRANCISCO,PGE,2,unmatched,0.0,,,,
POE PH,Sierra,Concow,NORTH VALLEY,PGE,1,unmatched,0.0,,,,
POINT ARENA SUB,North Coast/North Bay,Point Arena,HUMBOLDT,PGE,1,exact,100.0,Point Arena,POINT ARENA,38.91228990349537,-123.679924033987
POINT MORETTI SUB,Greater Bay Area,Davenport,CENTRAL COAST,PGE,1,exact,100.0,Point Moretti,POINT MORETTI,37.03106847758357,-122.18817332080263
POINT PINOLE SUB,Greater Bay Area,Bayview-Montalvin; Pinole; Richmond; San Pablo; Tara Hills,EAST BAY,PGE,5,exact,100.0,Point Pinole,POINT PINOLE,37.9959215829392,-122.34810313924945
PORT COSTA BRICK SUB,Greater Bay Area,Port Costa,DIABLO,nonPGE,1,unmatched,0.0,,,,
PORTOLA SUB,Greater Bay Area,San Francisco,SAN FRANCISCO,PGE,1,unmatched,0.0,,,,
POSCO SUB,Greater Bay Area,Pittsburg,DIABLO,nonPGE,1,unmatched,0.0,,,,
POSO MOUNTAIN SUB,Kern,Kern,KERN,PGE,1,unmatched,0.0,,,,
POTTER VALLEY PH SUB,North Coast/North Bay,Potter Valley,NORTH COAST,PGE,1,fuzzy,89.65517241379311,Potter Valley,POTTER VALLEY,39.361965280724384,-123.12784074768436
PRAXAIR SUB,Greater Bay Area,Pittsburg,DIABLO,nonPGE,1,unmatched,0.0,,,,
PRUNEDALE SUB,Greater Bay Area,Prunedale,CENTRAL COAST,PGE,1,exact,100.0,Prunedale,PRUNEDALE,36.785381301385314,-121.6711331172012
PUEBLO SUB,North Coast/North Bay,Napa; Yountville,NORTH BAY,PGE,2,exact,100.0,Pueblo,PUEBLO,38.34521980878797,-122.29945343649096
RACETRACK SUB,Stockton,Columbia; Sonora,YOSEMITE,PGE,2,exact,100.0,Racetrack,RACETRACK,37.97991079096231,-120.4141780589576
RADUM SUB,Greater Bay Area,Pleasanton; Sunol,MISSION,PGE,2,exact,100.0,Radum,RADUM,37.672555014651145,-121.85952801975954
RAINBOW SUB,Greater Fresno,Sanger,FRESNO,PGE,1,exact,100.0,Rainbow,RAINBOW,36.71022222303943,-119.53811388808354
RALSTON SUB,Greater Bay Area,Belmont; Highlands-Baywood Park; San Carlos; San Mateo,PENINSULA,PGE,4,exact,100.0,Ralston,RALSTON,37.51131388825796,-122.34012499701088
RANCHERS COTTON SUB,Greater Fresno,Fresno,FRESNO,nonPGE,1,exact,100.0,Ranchers Cotton,RANCHERS COTTON,36.70056751093756,-119.7544889578796
RANDOLPH SUB,Greater Bay Area,San Francisco,SAN FRANCISCO,PGE,1,fuzzy,76.92307692307692,Ralph,RALPH,37.79905698986354,-121.61994380061796
RAVENSWOOD SUB,Greater Bay Area,Menlo Park,PENINSULA,PGE,1,exact,100.0,Ravenswood,RAVENSWOOD,37.49296812408314,-122.13794615040464
RECLAMATION DIST 1500 (CARNACK) SUB,Sierra,Woodland,SACRAMENTO,PGE,1,unmatched,0.0,,,,
REDBUD SUB,North Coast/North Bay,Clearlake; Clearlake Oaks,NORTH COAST,PGE,2,exact,100.0,Redbud,REDBUD,39.0275350391145,-122.66238326015598
REDWOOD CITY SUB,Greater Bay Area,Atherton; North Fair Oaks; Redwood City,PENINSULA,PGE,3,exact,100.0,Redwood City,REDWOOD CITY,37.49046667016374,-122.21306391272245
REEDLEY SUB,Greater Fresno,Dinuba; Orange Cove; Reedley; Squaw Valley,FRESNO,PGE,4,exact,100.0,Reedley,REEDLEY,36.60434719510366,-119.37620837505273
RESEARCH SUB,Greater Bay Area,Danville; San Ramon,DIABLO,PGE,2,unmatched,0.0,,,,
RESERVATION ROAD SUB,Greater Bay Area,Salinas,CENTRAL COAST,PGE,1,exact,100.0,Reservation Road,RESERVATION ROAD,36.62404336583979,-121.68806042023954
RESERVE OIL SUB,Greater Fresno,Hanford,FRESNO,PGE,1,exact,100.0,Reserve Oil,RESERVE OIL,36.27633342399792,-119.65361190916563
RICHMOND Q SUB,Greater Bay Area,Richmond,EAST BAY,PGE,2,exact,100.0,Richmond Q,RICHMOND Q,37.92501343319077,-122.33735061647336
RICHMOND R SUB,Greater Bay Area,El Cerrito; Richmond; Rollingwood; San Pablo,EAST BAY,PGE,5,exact,100.0,Richmond R,RICHMOND R,37.92618059542927,-122.36957712050716
RIDGE SUB,Greater Bay Area,Berkeley,EAST BAY,PGE,1,exact,100.0,Ridge,RIDGE,37.88498247194448,-122.25510573016852
RINCON SUB,North Coast/North Bay,Santa Rosa,NORTH COAST,PGE,1,exact,100.0,Rincon,RINCON,38.49006768021555,-122.66607232599657
RIO BRAVO (FRESNO) SUB,Greater Fresno,Fresno County,FRESNO,nonPGE,1,unmatched,0.0,,,,
RIO BRAVO (ROCKLIN),Sierra,Lincoln,SIERRA,nonPGE,1,unmatched,0.0,,,,
RIO DELL SUB,Humboldt,Rio Dell,HUMBOLDT,PGE,1,exact,100.0,Rio Dell,RIO DELL,40.49538981817036,-124.09926805925724
RIO OSO SUB,Sierra,Rio Oso,SIERRA,PGE,1,exact,100.0,Rio Oso,RIO OSO,38.93517895362423,-121.46684295367594
RIPON SUB,Stockton,Manteca; Ripon,STOCKTON,PGE,2,exact,100.0,Ripon,RIPON,37.75580975020523,-121.14652034365436
RIVER BANK JCT SW STATION,Stockton,Stanislaus County,YOSEMITE,PGE,1,unmatched,0.0,,,,
RIVER OAKS SUB,Greater Bay Area,San Jose,SAN JOSE,PGE,1,exact,100.0,River Oaks,RIVER OAKS,37.41117121224068,-121.92767879187348
RIVER ROCK SUB,Greater Fresno,Fresno,FRESNO,PGE,1,exact,100.0,River Rock,RIVER ROCK,36.90286000596502,-119.77384298675636
RIVERBANK SUB,Stockton,East Oakdale; Escalon; Farmington; Oakdale; Riverbank,YOSEMITE,PGE,5,exact,100.0,Riverbank,RIVERBANK,37.7692030729445,-120.90784477935696
ROB ROY SUB,Greater Bay Area,Watsonville,CENTRAL COAST,PGE,1,exact,100.0,Rob Roy,ROB ROY,36.97922709718958,-121.8672496384155
ROBLES SUB,Greater Bay Area,Alamo,DIABLO,PGE,1,unmatched,0.0,,,,
ROCK CREEK PH,Sierra,Belden,NORTH VALLEY,PGE,1,unmatched,0.0,,,,
ROCKLIN SUB,Sierra,Loomis; Rocklin; Roseville,SIERRA,PGE,3,exact,100.0,Rocklin,ROCKLIN,38.78796354713167,-121.2316919770298
ROSEDALE SUB,Kern,Bakersfield; Oildale,KERN,PGE,2,unmatched,0.0,,,,
ROSSMOOR SUB,Greater Bay Area,Alamo; Lafayette; Moraga; Walnut Creek,DIABLO,PGE,4,exact,100.0,Rossmoor,ROSSMOOR,37.86465421625634,-122.08032327587512
RUCKER SUB,Greater Bay Area,Gilroy,SAN JOSE,PGE,1,unmatched,0.0,,,,
RUSS RANCH SUB,Humboldt,Blue Lake,HUMBOLDT,PGE,1,exact,100.0,Russ Ranch,RUSS RANCH,40.82049761112737,-123.8282375459324
RUSSELL SUB,Greater Bay Area,Berkeley; Oakland,EAST BAY,nonPGE,2,unmatched,0.0,,,,
SAFEWAY SUB,Stockton,Tracy,STOCKTON,nonPGE,1,unmatched,0.0,,,,
SALADO SUB,Stockton,Patterson,YOSEMITE,PGE,1,exact,100.0,Salado,SALADO,37.42194798786807,-121.14748200719993
SALINAS SUB,Greater Bay Area,Salinas,CENTRAL COAST,PGE,1,exact,100.0,Salinas,SALINAS,36.68227571857433,-121.65138546406432
SALMON CREEK SUB,North Coast/North Bay,Bodega Bay,NORTH COAST,PGE,1,exact,100.0,Salmon Creek,SALMON CREEK,38.34344600928007,-123.04475798077164
SAN ANDREAS SUB,Greater Bay Area,Millbrae,PENINSULA,PGE,1,exact,100.0,San Andreas,SAN ANDREAS,37.60403101798599,-122.42315894314376
SAN ANSELMO SUB,North Coast/North Bay,San Anselmo,NORTH BAY,PGE,1,unmatched,0.0,,,,
SAN BENITO SUB,Greater Bay Area,Moss Landing,CENTRAL COAST,PGE,1,fuzzy,75.0,Benton,BENTON,40.562418739683416,-122.3953543399731
SAN BRUNO SUB,Greater Bay Area,San Bruno,PENINSULA,PGE,1,exact,100.0,San Bruno,SAN BRUNO,37.62095692901936,-122.42511447118066
SAN CARLOS SUB,Greater Bay Area,Emerald Lake Hills; Redwood City; San Carlos,PENINSULA,PGE,3,exact,100.0,San Carlos,SAN CARLOS,37.49975329872381,-122.24406340927844
SAN EMIDIO JUNCTION SUB,Kern,Kern County,KERN,PGE,1,unmatched,0.0,,,,
SAN FRAN A (POTRERO PP) SUB,Greater Bay Area,San Francisco,SAN FRANCISCO,PGE,2,unmatched,0.0,,,,
SAN FRAN AIRPORT SUB,Greater Bay Area,San Bruno,PENINSULA,PGE,1,fuzzy,86.48648648648648,San Francisco Airport,SAN FRANCISCO AIRPORT,37.62624530359648,-122.40352407709956
SAN FRAN E SUB,Greater Bay Area,San Francisco,SAN FRANCISCO,PGE,1,unmatched,0.0,,,,
SAN FRAN F (MARINA) SUB,Greater Bay Area,San Francisco,SAN FRANCISCO,PGE,1,unmatched,0.0,,,,
SAN FRAN G SUB,Greater Bay Area,San Francisco,SAN FRANCISCO,PGE,1,unmatched,0.0,,,,
SAN FRAN H (MARTIN) SUB,Greater Bay Area,Brisbane; Daly City; San Francisco,PENINSULA,PGE,3,unmatched,0.0,,,,
SAN FRAN I SUB,Greater Bay Area,San Francisco,SAN FRANCISCO,PGE,1,unmatched,0.0,,,,
SAN FRAN J SUB,Greater Bay Area,San Francisco,SAN FRANCISCO,PGE,1,unmatched,0.0,,,,
SAN FRAN K SUB,Greater Bay Area,San Francisco,SAN FRANCISCO,PGE,1,unmatched,0.0,,,,
SAN FRAN L SUB,Greater Bay Area,San Francisco,SAN FRANCISCO,PGE,1,unmatched,0.0,,,,
SAN FRAN M SUB,Greater Bay Area,San Francisco,SAN FRANCISCO,PGE,1,unmatched,0.0,,,,
SAN FRAN N SUB,Greater Bay Area,San Francisco,SAN FRANCISCO,PGE,1,unmatched,0.0,,,,
SAN FRAN P(HUNTERS POINT) SUB,Greater Bay Area,San Francisco,SAN FRANCISCO,PGE,1,unmatched,0.0,,,,
SAN FRAN W (BAYSHORE) SUB,Greater Bay Area,San Francisco,SAN FRANCISCO,PGE,1,unmatched,0.0,,,,
SAN FRAN X (MISSION) SUB,Greater Bay Area,San Francisco,SAN FRANCISCO,PGE,1,unmatched,0.0,,,,
SAN FRAN Y (LARKIN) SUB,Greater Bay Area,San Francisco,SAN FRANCISCO,PGE,1,unmatched,0.0,,,,
SAN FRAN Z (EMBARCADERO) SUB,Greater Bay Area,San Francisco,SAN FRANCISCO,PGE,1,unmatched,0.0,,,,
SAN JOAQUIN JCT SUB,Greater Fresno,Fresno County,FRESNO,PGE,1,fuzzy,85.71428571428572,San Joaquin 2,SAN JOAQUIN 2,37.20359878008065,-119.49689024306964
SAN JOAQUIN SUB,Greater Fresno,San Joaquin; Tranquillity,FRESNO,PGE,2,exact,100.0,San Joaquin,SAN JOAQUIN,36.620936147425546,-120.17835130169104
SAN JOSE A SUB,Greater Bay Area,Buena Vista; Burbank; San Jose; Sunol-Midtown,SAN JOSE,PGE,4,unmatched,0.0,,,,
SAN JOSE B SUB,Greater Bay Area,Buena Vista; Burbank; San Jose,SAN JOSE,PGE,3,unmatched,0.0,,,,
SAN LEANDRO U SUB,Greater Bay Area,Ashland; Castro Valley; Cherryland; Oakland; San Leandro; San Lorenzo,MISSION,PGE,6,exact,100.0,San Leandro U,SAN LEANDRO U,37.71062477494543,-122.14818833093142
SAN LORENZO SUB,Greater Bay Area,San Lorenzo,MISSION,PGE,1,exact,100.0,San Lorenzo,SAN LORENZO,37.68021007110539,-122.12625635713135
SAN LUIS #3 SUB,Greater Fresno,Los Banos,YOSEMITE,PGE,1,fuzzy,95.23809523809523,San Luis 3,SAN LUIS 3,36.862073444276895,-120.77728656533732
SAN LUIS #5 SUB,Greater Fresno,Los Banos,YOSEMITE,PGE,1,fuzzy,95.23809523809523,San Luis 5,SAN LUIS 5,36.78002057787478,-120.72974401420127
SAN MARTIN SUB,Greater Bay Area,San Martin,SAN JOSE,PGE,1,fuzzy,76.19047619047619,Santa Maria,SANTA MARIA,34.950262762178305,-120.44414964714996
SAN MATEO SUB,Greater Bay Area,Burlingame; Foster City; Hillsborough; San Mateo,PENINSULA,PGE,4,exact,100.0,San Mateo,SAN MATEO,37.58307460925212,-122.31866392138384
SAN PABLO SUB,Greater Bay Area,El Sobrante; Pinole; Richmond; Rollingwood; San Pablo,EAST BAY,PGE,5,exact,100.0,San Pablo,SAN PABLO,37.98529640750591,-122.33682526254108
SAN RAFAEL SUB,North Coast/North Bay,Fairfax; Kentfield; Larkspur; Ross; San Anselmo; San Rafael; Santa Venetia,NORTH BAY,PGE,7,exact,100.0,San Rafael,SAN RAFAEL,37.97057814841819,-122.5272159897048
SAN RAMON SUB,Greater Bay Area,Alamo; Castro Valley; Danville; Dublin; Pleasanton; San Ramon,MISSION,PGE,6,exact,100.0,San Ramon,SAN RAMON,37.74472575304592,-121.93590980356208
SANBORN JCT,Greater Bay Area,Salinas,CENTRAL COAST,PGE,1,unmatched,0.0,,,,
SAND CREEK SUB,Greater Fresno,Squaw Valley,FRESNO,PGE,1,exact,100.0,Sand Creek,SAND CREEK,36.64478731397589,-119.16049811199976
SAND DRAG PV SOLAR SUB,Greater Fresno,Avenal,FRESNO,nonPGE,1,unmatched,0.0,,,,
SANGER SUB,Greater Fresno,Del Rey; Fresno; Kingsburg; Sanger,FRESNO,PGE,4,exact,100.0,Sanger,SANGER,36.70722322080933,-119.61090006390856
SANTA FE-KERN RIVER SUB,Kern,Kern County,KERN,nonPGE,1,unmatched,0.0,,,,
SANTA NELLA SUB,Greater Fresno,Santa Nella,YOSEMITE,PGE,1,exact,100.0,Santa Nella,SANTA NELLA,37.085841857403146,-121.01322547094186
SANTA RITA SUB,Greater Fresno,Dos Palos,YOSEMITE,PGE,1,exact,100.0,Santa Rita,SANTA RITA,37.05464719500596,-120.63399444296688
SANTA ROSA A SUB,North Coast/North Bay,Roseland; Santa Rosa,NORTH COAST,PGE,2,exact,100.0,Santa Rosa A,SANTA ROSA A,38.43677550701216,-122.7134328571638
SANTA ROSA B SUB,North Coast/North Bay,Santa Rosa,NORTH COAST,PGE,1,fuzzy,91.66666666666666,Santa Rosa A,SANTA ROSA A,38.43677550701216,-122.7134328571638
SANTA TERESA SUB,Greater Bay Area,San Jose,SAN JOSE,PGE,1,unmatched,0.0,,,,
SARANAP SUB,Greater Bay Area,Walnut Creek,DIABLO,PGE,1,exact,100.0,Saranap,SARANAP,37.89510413784193,-122.07372832288436
SARATOGA SUB,Greater Bay Area,Campbell; Cupertino; Los Gatos; Monte Sereno; San Jose; Saratoga,DE ANZA,PGE,6,exact,100.0,Saratoga,SARATOGA,37.28103662677783,-122.01521981672684
SAUSALITO SUB,North Coast/North Bay,Sausalito; Tamalpais-Homestead Valley,NORTH BAY,PGE,2,exact,100.0,Sausalito,SAUSALITO,37.86356845628652,-122.49885083123884
SAXON CREEK SUB,Greater Fresno,Madera County,FRESNO,nonPGE,1,fuzzy,86.95652173913044,Salmon Creek,SALMON CREEK,38.34344600928007,-123.04475798077164
SC JOHNSON WAX SUB,Greater Fresno,Fresno County,FRESNO,nonPGE,1,unmatched,0.0,,,,
SCHINDLER SUB,Greater Fresno,Five Points,FRESNO,PGE,1,exact,100.0,Schindler,SCHINDLER,36.401944424908194,-120.1387222013054
SCHULTE SWITCHING STATION,Stockton,N/A,STOCKTON,PGE,1,unmatched,0.0,,,,
SEMINARY SUB,Greater Bay Area,Oakland,EAST BAY,PGE,1,unmatched,0.0,,,,
SENTER SUB,Greater Bay Area,San Jose,SAN JOSE,PGE,1,unmatched,0.0,,,,
SERRAMONTE SUB,Greater Bay Area,Daly City; Pacifica; San Bruno; South San Francisco,PENINSULA,PGE,4,exact,100.0,Serramonte,SERRAMONTE,37.65079991874742,-122.4542630438474
SHADY GLEN SUB,Sierra,Colfax,SIERRA,PGE,1,exact,100.0,Shady Glen,SHADY GLEN,39.11534451385823,-120.95294531231836
SHARON PRISON SUB,Greater Fresno,Madera County,FRESNO,PGE,1,unmatched,0.0,,,,
SHEPHERD SUB,Greater Fresno,Clovis,FRESNO,PGE,1,unmatched,0.0,,,,
SHINGLE SPRINGS SUB,Sierra,Cameron Park; Shingle Springs,SIERRA,PGE,2,exact,100.0,Shingle Springs,SHINGLE SPRINGS,38.659297687416505,-120.94723810852622
SHORE ACRES BANK SUB,Greater Bay Area,Bay Point,DIABLO,nonPGE,1,unmatched,0.0,,,,
SHREDDER SUB,Greater Bay Area,Redwood City,PENINSULA,PGE,1,exact,100.0,Shredder,SHREDDER,37.51141770427968,-122.20758081766444
SIERRA PACIFIC (LINCOLN),Sierra,Lincoln,SIERRA,nonPGE,1,unmatched,0.0,,,,
SIERRA PACIFIC INDUSTRIES CHINESE STATION SUB,Stockton,Stanislaus County,YOSEMITE,nonPGE,1,unmatched,0.0,,,,
SIERRA PACIFIC LUMBER,Humboldt,Humboldt County,HUMBOLDT,nonPGE,1,unmatched,0.0,,,,
SIERRA PINE SUB,Sierra,Loomis,SIERRA,nonPGE,1,unmatched,0.0,,,,
SIERRA ULTRA CHINESE STATION SUB,Stockton,Stanislaus County,YOSEMITE,nonPGE,1,unmatched,0.0,,,,
SILVER (AVENUE) SUB,Greater Bay Area,San Francisco,SAN FRANCISCO,PGE,1,unmatched,0.0,,,,
SILVERADO SUB,North Coast/North Bay,Angwin; Deer Park; St. Helena,NORTH BAY,PGE,3,exact,100.0,Silverado,SILVERADO,38.49981793855024,-122.45911067581191
SIMPSON HUMBOLDT,Humboldt,Fairhaven,HUMBOLDT,nonPGE,1,unmatched,0.0,,,,
SIMPSON-KORBEL (BLUE LAKE),Humboldt,Humboldt County,HUMBOLDT,nonPGE,1,unmatched,0.0,,,,
SINCLAIR SUB,Greater Bay Area,Concord,DIABLO,PGE,1,unmatched,0.0,,,,
SIXTH AVE SUB,Greater Bay Area,San Francisco,SAN FRANCISCO,PGE,1,unmatched,0.0,,,,
SJ NO.1A PH SUB,Greater Fresno,Madera County,FRESNO,PGE,1,unmatched,0.0,,,,
SJ NO.2 PH SUB,Greater Fresno,Madera County,FRESNO,PGE,1,unmatched,0.0,,,,
SJ NO.3 PH SUB,Greater Fresno,Madera County,FRESNO,PGE,1,unmatched,0.0,,,,
SJVE EL NIDO SUB,Greater Fresno,Merced County,FRESNO,nonPGE,1,unmatched,0.0,,,,
SKAGGS ISLAND SUB,North Coast/North Bay,Skaggs Island,NORTH BAY,PGE,1,exact,100.0,Skaggs Island,SKAGGS ISLAND,38.1613610947696,-122.38101854538714
SMARTVILLE SUB,Sierra,Smartville,SIERRA,PGE,1,fuzzy,95.23809523809523,Smartsville,SMARTSVILLE,39.20900552958486,-121.30326908384752
SNEATH LANE SUB,Greater Bay Area,Daly City; Pacifica; San Bruno; South San Francisco,PENINSULA,PGE,4,exact,100.0,Sneath Lane,SNEATH LANE,37.62203201200436,-122.44680297920873
SOBRANTE SUB,Greater Bay Area,Lafayette; Orinda,DIABLO,PGE,2,exact,100.0,Sobrante,SOBRANTE,37.905458048175525,-122.20809506910524
SOLANO SUB,Greater Bay Area,Albany; Berkeley,EAST BAY,PGE,2,exact,100.0,Solano,SOLANO,37.89085880175824,-122.29220973770788
SOLEDAD JCT,Greater Bay Area,,CENTRAL COAST,PGE,1,fuzzy,77.77777777777779,Soledad,SOLEDAD,36.4296388113508,-121.33249626729054
SOLEDAD SUB,Greater Bay Area,Soledad,CENTRAL COAST,PGE,1,exact,100.0,Soledad,SOLEDAD,36.4296388113508,-121.33249626729054
SONOMA A SUB,North Coast/North Bay,Boyes Hot Springs; El Verano; Fetters Hot Springs-Agua Caliente; Sonoma; Temelec,NORTH COAST,PGE,5,fuzzy,87.5,Sonoma 3,SONOMA 3,38.79008048113569,-122.75682000346043
SOTO SUB,Greater Bay Area,Cherryland; Hayward,MISSION,PGE,2,unmatched,0.0,,,,
SOUTH KERN SOLAR SUB,Kern,Maricopa,KERN,nonPGE,1,unmatched,0.0,,,,
SPAULDING PH #1 SUB,Sierra,Truckee,SIERRA,PGE,1,unmatched,0.0,,,,
SPENCE SUB,Greater Bay Area,Salinas,CENTRAL COAST,PGE,1,exact,100.0,Spence,SPENCE,36.61375279893127,-121.56713328671503
SPRING GAP PH SUB,Stockton,Tuolumne County,YOSEMITE,PGE,1,fuzzy,86.95652173913044,Spring Gap,SPRING GAP,38.1865924012224,-120.11194736598286
SPRUCE SUB,Greater Bay Area,Berkeley; Kensington,EAST BAY,PGE,2,unmatched,0.0,,,,
SRI SUB,Greater Bay Area,Menlo Park,PENINSULA,PGE,1,exact,100.0,Sri,SRI,37.45537671251861,-122.17828672892516
STAFFORD SUB,North Coast/North Bay,Novato,NORTH BAY,PGE,1,exact,100.0,Stafford,STAFFORD,38.11991638969132,-122.61401508372496
STAGG SUB,Stockton,Country Club; Lincoln Village; Stockton,STOCKTON,PGE,3,exact,100.0,Stagg,STAGG,37.99229903158738,-121.34862733050988
STANISLAUS CO. RESOURCE RECOVERY,Stockton,Stanislaus County,YOSEMITE,nonPGE,1,unmatched,0.0,,,,
STANISLAUS PH SUB,Stockton,Arnold; Avery; Forest Meadows; Murphys,STOCKTON,PGE,5,unmatched,0.0,,,,
STARWOOD POWER MIDWAY LLC SUB,Greater Fresno,Fresno County,FRESNO,nonPGE,1,unmatched,0.0,,,,
STATION MA SUB,Greater Bay Area,Millbrae,PENINSULA,nonPGE,1,unmatched,0.0,,,,
STAUFFER SUB,Greater Bay Area,Martinez,DIABLO,PGE,1,fuzzy,75.0,Stafford,STAFFORD,38.11991638969132,-122.61401508372496
STELLING SUB,Greater Bay Area,Cupertino; Los Altos; Loyola; Mountain View; San Jose; Sunnyvale,DE ANZA,PGE,6,exact,100.0,Stelling,STELLING,37.335995015082055,-122.04317701163414
STOCKDALE SUB,Kern,Bakersfield,KERN,PGE,1,exact,100.0,Stockdale,STOCKDALE,35.317056923008494,-119.06763425730595
STONE CORRAL SUB,Greater Fresno,Squaw Valley,FRESNO,PGE,1,exact,100.0,Stone Corral,STONE CORRAL,36.472113770589765,-119.18801052757304
STONE SUB,Greater Bay Area,San Jose,SAN JOSE,PGE,1,exact,100.0,Stone,STONE,37.30400399503388,-121.86771598785953
STONY POINT SUB,North Coast/North Bay,Roseland,NORTH COAST,nonPGE,1,fuzzy,76.19047619047619,West Point,WEST POINT,38.42101504600821,-120.54977367107364
STOREY SUB,Greater Fresno,Bonadelle Ranchos-Madera Ranchos; Madera; Madera Acres; Parksdale,YOSEMITE,PGE,4,exact,100.0,Storey,STOREY,36.983142164277794,-120.0335837764216
STROUD SUB,Greater Fresno,Helm,FRESNO,PGE,1,exact,100.0,Stroud,STROUD,36.53108764192172,-120.10450647672408
STUART SUB,Greater Bay Area,Berkeley; Oakland,EAST BAY,PGE,2,exact,100.0,Stuart,STUART,37.85804465342326,-122.26868745271749
SULLIVAN SUB,Greater Bay Area,Broadmoor; Daly City,PENINSULA,PGE,2,unmatched,0.0,,,,
SUMMIT SUB (PG&E),Sierra,Placer County,SIERRA,PGE,1,unmatched,0.0,,,,
SUN CITY PV SOLAR SUB,Greater Fresno,Avenal,FRESNO,nonPGE,1,unmatched,0.0,,,,
SUN MAID SUB,Greater Fresno,Fresno County,FRESNO,nonPGE,1,unmatched,0.0,,,,
SUNOL SUB,Greater Bay Area,Fremont; Pleasanton; Sunol,MISSION,PGE,3,exact,100.0,Sunol,SUNOL,37.58690265828723,-121.8696840010358
SWIFT SUB,Greater Bay Area,San Jose,SAN JOSE,PGE,1,exact,100.0,Swift,SWIFT,37.322568019299865,-121.79695998817743
TAMARAK SUB,Sierra,Placer County,SIERRA,PGE,1,fuzzy,93.33333333333333,Tamarack,TAMARACK,39.31387986258088,-120.4969206510396
TAR FLAT SUB,Stockton,Sonora,YOSEMITE,PGE,1,unmatched,0.0,,,,
TARAVAL SUB,Greater Bay Area,San Francisco,SAN FRANCISCO,PGE,1,unmatched,0.0,,,,
TASSAJARA SUB,Greater Bay Area,Alamo; Blackhawk-Camino Tassajara; Danville; Diablo; San Ramon; Walnut Creek,DIABLO,PGE,6,exact,100.0,Tassajara,TASSAJARA,37.7999449878799,-121.90785395711802
TAYLOR RD STATION,Sierra,Rocklin,SIERRA,nonPGE,1,unmatched,0.0,,,,
TEICHERT SUB,Stockton,Tracy,STOCKTON,nonPGE,1,unmatched,0.0,,,,
TEVIS SUB,Kern,Bakersfield; Rosedale,KERN,PGE,2,exact,100.0,Tevis,TEVIS,35.319597002518464,-119.12895222184612
THERMAL SUB,Greater Bay Area,Oakland,EAST BAY,PGE,1,fuzzy,82.35294117647058,Thermalito,THERMALITO,39.51409170250548,-121.63247047599424
TIDEWATER SUB,Greater Bay Area,Bay Point; Clayton; Clyde; Concord; Martinez; Pacheco; Pleasant Hill; Vine Hill,DIABLO,PGE,8,exact,100.0,Tidewater,TIDEWATER,38.01964420411481,-122.06185703349573
TIVY VALLEY SUB,Greater Fresno,Squaw Valley,FRESNO,PGE,1,exact,100.0,Tivy Valley,TIVY VALLEY,36.77054900633203,-119.39331298114485
TOCALOMA SUB,North Coast/North Bay,Tocaloma,NORTH BAY,PGE,1,exact,100.0,Tocaloma,TOCALOMA,38.05486443157044,-122.75986310219042
TOMA-TEK SUB,Greater Fresno,Fresno County,FRESNO,nonPGE,1,unmatched,0.0,,,,
TORNADO (TEXACO TRADING AND TRANSPORTATION C,Greater Fresno,Fresno County,FRESNO,nonPGE,1,unmatched,0.0,,,,
TRACY DEFENSE DEPOT SUB,Stockton,Tracy,STOCKTON,nonPGE,1,exact,100.0,TRACY DEFENSE DEPOT,TRACY DEFENSE DEPOT,37.72172800700287,-121.39194800812216
TRACY SUB,Stockton,Lathrop; Tracy,STOCKTON,PGE,2,exact,100.0,Tracy,TRACY,37.74881850754059,-121.41602183613314
TRANQUILITY #1,Greater Fresno,,YOSEMITE,PGE,1,unmatched,0.0,,,,
TRANQUILITY #2,Greater Fresno,,YOSEMITE,PGE,1,unmatched,0.0,,,,
TRIGO JCT SUB,Greater Fresno,Madera County,FRESNO,PGE,1,unmatched,0.0,,,,
TRIMBLE SUB,Greater Bay Area,San Jose,SAN JOSE,PGE,1,exact,100.0,Trimble,TRIMBLE,37.38206205330404,-121.92724261163217
TRINIDAD SUB,Humboldt,McKinleyville; Trinidad; Westhaven-Moonstone,HUMBOLDT,PGE,3,exact,100.0,Trinidad,TRINIDAD,41.06473688164412,-124.128423239171
TUDOR SUB,Sierra,Tudor,SIERRA,PGE,1,exact,100.0,Tudor,TUDOR,38.98167904921362,-121.63511741419704
TULARE LAKE SUB,Greater Fresno,Kettleman City,FRESNO,PGE,1,exact,100.0,Tulare Lake,TULARE LAKE,36.003452769529034,-119.9494833416532
TULUCAY SUB,North Coast/North Bay,American Canyon; Napa,NORTH BAY,PGE,2,exact,100.0,Tulucay,TULUCAY,38.24782902083961,-122.26794898800048
TWENTY-FIRST AVENUE SUB,Greater Bay Area,San Francisco,SAN FRANCISCO,PGE,1,unmatched,0.0,,,,
UC DAVIS,Sierra,Davis,SACRAMENTO,nonPGE,1,exact,100.0,UC Davis,UC DAVIS,38.52911014688864,-121.7513986700727
UKIAH SUB,North Coast/North Bay,Talmage; Ukiah,NORTH COAST,PGE,2,exact,100.0,Ukiah,UKIAH,39.143149566432285,-123.19181491813512
ULTRA POWER (BLUE LAKE),Humboldt,Blue Lake,HUMBOLDT,nonPGE,1,unmatched,0.0,,,,
ULTRA POWER (OGLE) SUB,Kern,Kern County,KERN,nonPGE,1,fuzzy,75.86206896551724,Ultra Power,ULTRA POWER,40.877934364674815,-123.99463325830364
UPPER LAKE SUB,North Coast/North Bay,Upper Lake,HUMBOLDT,PGE,1,exact,100.0,Upper Lake,UPPER LAKE,39.1457404903959,-122.9166584019911
URICH SUB,Greater Bay Area,Martinez,DIABLO,PGE,1,exact,100.0,Urich,URICH,38.02895500449173,-122.10310098878207
US POST OFFICE SUB,Sierra,West Sacramento,SACRAMENTO,nonPGE,1,unmatched,0.0,,,,
VALLECITOS SUB,Greater Bay Area,Sunol,MISSION,PGE,1,exact,100.0,Vallecitos,VALLECITOS,37.60924398719841,-121.84267101730838
VALLEJO B SUB,North Coast/North Bay,Vallejo,NORTH BAY,PGE,1,exact,100.0,Vallejo B,VALLEJO B,38.10651968498403,-122.2412248775844
VALLEJO C SUB,North Coast/North Bay,Vallejo,NORTH BAY,PGE,1,exact,100.0,Vallejo C,VALLEJO C,38.09847470951672,-122.25317220453654
VALLEY CHILDREN'S HOSPITAL SUB,Greater Fresno,Fresno County,FRESNO,nonPGE,1,unmatched,0.0,,,,
VALLEY HOME SUB,Stockton,Valley Home,YOSEMITE,PGE,1,exact,100.0,Valley Home,VALLEY HOME,37.85642658658715,-120.9444261734473
VALLEY VIEW SUB,Greater Bay Area,El Sobrante; Pinole; Richmond; San Pablo,EAST BAY,PGE,4,exact,100.0,Valley View,VALLEY VIEW,37.96613398470146,-122.27862421739036
VASCO SUB,Greater Bay Area,Livermore,MISSION,PGE,1,exact,100.0,Vasco,VASCO,37.71111924146901,-121.71587494114254
VASONA SUB,Greater Bay Area,Cambrian Park; Campbell; Los Gatos; Monte Sereno; San Jose,DE ANZA,PGE,5,exact,100.0,Vasona,VASONA,37.25376295961767,-121.96627723605908
VEDDER SUB,Kern,Kern County,KERN,nonPGE,1,unmatched,0.0,,,,
VICTOR SUB,Stockton,Lockeford,STOCKTON,PGE,1,exact,100.0,Victor,VICTOR,38.14550601166566,-121.17758098211316
VIEJO SUB,Greater Bay Area,Monterey,CENTRAL COAST,PGE,1,exact,100.0,Viejo,VIEJO,36.57837138389728,-121.90841786106006
VIERRA SUB,Stockton,Lathrop; Manteca,STOCKTON,PGE,2,exact,100.0,Vierra,VIERRA,37.797855016410985,-121.2742169983529
VINEYARD SUB,Greater Bay Area,Dublin; Hayward; Livermore; Pleasanton; Sunol,MISSION,PGE,5,exact,100.0,Vineyard,VINEYARD,37.66968929475397,-121.85443759246584
VIRGINIA SUB,Greater Bay Area,Richmond,EAST BAY,PGE,1,exact,100.0,Virginia,VIRGINIA,37.92472410400429,-122.35939138417984
WAHTOKE SUB,Greater Fresno,Parlier; Reedley,FRESNO,PGE,2,exact,100.0,Wahtoke,WAHTOKE,36.61539070993896,-119.45260870680616
WALDO SUB,Greater Bay Area,El Cerrito; Kensington; Richmond,EAST BAY,PGE,3,exact,100.0,Waldo,WALDO,37.90942593874367,-122.30687762688434
WALL SUB,Greater Bay Area,El Cerrito; Richmond,EAST BAY,PGE,2,unmatched,0.0,,,,
WALNUT CREEK SUB,Greater Bay Area,Walnut Creek,DIABLO,PGE,1,exact,100.0,Walnut Creek,WALNUT CREEK,37.904802047538944,-122.06096087634268
WARD SUB,Greater Bay Area,San Leandro,MISSION,PGE,1,exact,100.0,Ward,WARD,37.72239091971295,-122.16162891461188
WATERSHED SUB,Greater Bay Area,Redwood City,PENINSULA,PGE,1,exact,100.0,Watershed,WATERSHED,37.48729719596609,-122.3112195445634
WATSONVILLE SUB,Greater Bay Area,Watsonville,CENTRAL COAST,PGE,1,exact,100.0,Watsonville,WATSONVILLE,36.90275189090223,-121.75590924656431
WAYNE SUB,Greater Bay Area,Alamo,DIABLO,PGE,1,unmatched,0.0,,,,
WEIMAR SUB,Sierra,Colfax; Meadow Vista,SIERRA,PGE,2,exact,100.0,Weimar,WEIMAR,39.0359625927244,-120.9879836044398
WESIX (WAPA) SUB,Greater Fresno,Fresno County,FRESNO,nonPGE,1,unmatched,0.0,,,,
WEST FRESNO SUB,Greater Fresno,Easton; Fresno,FRESNO,PGE,2,exact,100.0,West Fresno,WEST FRESNO,36.71817366980103,-119.81900447551196
WEST SACRAMENTO SUB,Sierra,W. Sacramento; West Sacramento,SACRAMENTO,PGE,2,exact,100.0,West Sacramento,WEST SACRAMENTO,38.58951498035394,-121.54490113999591
WESTLAKE SUB,Greater Bay Area,Daly City; San Francisco,PENINSULA,PGE,2,fuzzy,80.0,Westley,WESTLEY,37.5795778931092,-121.20596017237388
WESTLANDS #1 RA PP SUB,Greater Fresno,Fresno County,FRESNO,nonPGE,1,unmatched,0.0,,,,
WESTLANDS 16RA SUB,Greater Fresno,Fresno County,FRESNO,nonPGE,1,fuzzy,78.26086956521739,Westlands,WESTLANDS,36.63241753832259,-120.3423122049865
WESTLANDS 18RA SUB,Greater Fresno,Fresno County,FRESNO,nonPGE,1,fuzzy,78.26086956521739,Westlands,WESTLANDS,36.63241753832259,-120.3423122049865
WESTLANDS SUB,Greater Fresno,San Joaquin,YOSEMITE,PGE,1,exact,100.0,Westlands,WESTLANDS,36.63241753832259,-120.3423122049865
WESTLEY SUB,Stockton,Grayson; Westley,YOSEMITE,PGE,2,exact,100.0,Westley,WESTLEY,37.5795778931092,-121.20596017237388
WESTPARK SUB,Kern,Bakersfield; Oildale,KERN,PGE,2,unmatched,0.0,,,,
WHEATLAND SUB,Sierra,Beale AFB; Wheatland,SIERRA,PGE,2,exact,100.0,Wheatland,WHEATLAND,39.01314723169966,-121.418616320747
WHEELER RIDGE JUNCTION SUB,Kern,Kern County,KERN,PGE,1,unmatched,0.0,,,,
WHISMAN SUB,Greater Bay Area,Mountain View; Palo Alto; Sunnyvale,DE ANZA,PGE,3,exact,100.0,Whisman,WHISMAN,37.40499722340614,-122.06855277641526
WHITNEY SUB,Greater Bay Area,Pittsburg,DIABLO,PGE,1,unmatched,0.0,,,,
WILLITS A SUB,North Coast/North Bay,Willits,NORTH COAST,PGE,1,fuzzy,77.77777777777779,Willows A,WILLOWS A,39.5316759967068,-122.1861239374362
WILLOW CREEK SUB,Humboldt,Willow Creek,HUMBOLDT,PGE,1,exact,100.0,Willow Creek,WILLOW CREEK,40.94787589943116,-123.64010616074664
WILLOW PASS SUB,Greater Bay Area,Bay Point; Concord; Pittsburg,DIABLO,PGE,3,exact,100.0,Willow Pass,WILLOW PASS,38.02477032006086,-121.96097329600856
WILSON SUB,Greater Fresno,Merced; Planada,YOSEMITE,PGE,2,exact,100.0,Wilson,WILSON,37.29339508805083,-120.40717388158028
WISE PH SUB,Sierra,Auburn,SIERRA,PGE,1,unmatched,0.0,,,,
WISHON SUB,Greater Fresno,Auberry,YOSEMITE,PGE,1,fuzzy,83.33333333333334,Wilson,WILSON,37.29339508805083,-120.40717388158028
WITCO (OILDALE CO-GEN) SUB,Kern,Kern County,KERN,nonPGE,1,unmatched,0.0,,,,
WITCO REFINERY SUB,Kern,Kern County,KERN,nonPGE,1,unmatched,0.0,,,,
WOHLER SUB,North Coast/North Bay,Healdsburg,NORTH COAST,PGE,1,exact,100.0,Wohler,WOHLER,38.510539298983645,-122.88107929999504
WOLFE SUB,Greater Bay Area,Cupertino; San Jose; Santa Clara; Sunnyvale,DE ANZA,PGE,4,exact,100.0,Wolfe,WOLFE,37.33443633426892,-122.02060640357652
WOOD SUB,Greater Bay Area,Oakland; Piedmont,EAST BAY,PGE,2,unmatched,0.0,,,,
WOODACRE SUB,North Coast/North Bay,Fairfax; Lagunitas-Forest Knolls; San Geronimo; Woodacre,NORTH BAY,PGE,4,exact,100.0,Woodacre,WOODACRE,38.01206225668505,-122.6536699406762
WOODBRIDGE WINERY SUB,Stockton,Lodi,STOCKTON,nonPGE,1,unmatched,0.0,,,,
WOODCHUCK SUB,Greater Fresno,Wilson Village,FRESNO,PGE,1,exact,100.0,Woodchuck,WOODCHUCK,37.00856775260191,-118.98157803897551
WOODLAND BIOMASS,Sierra,Woodland,SACRAMENTO,PGE,1,unmatched,0.0,,,,
WOODLAND SUB,Sierra,Woodland,SACRAMENTO,PGE,2,exact,100.0,Woodland,WOODLAND,38.67863770636255,-121.76004075764016
WOODSIDE SUB,Greater Bay Area,Atherton; Emerald Lake Hills; Menlo Park; Portola Valley; Redwood City; Woodside,PENINSULA,PGE,6,exact,100.0,Woodside,WOODSIDE,37.43708060614827,-122.24219443836604
WOODWARD SUB,Greater Fresno,Clovis; Fresno; Fresno County; Friant,FRESNO,PGE,4,exact,100.0,Woodward,WOODWARD,36.8962770171285,-119.7510009798942
WRIGHT SUB,Greater Fresno,Los Banos,YOSEMITE,PGE,1,exact,100.0,Wright,WRIGHT,37.013411112949264,-120.9452333297489
WYANDOTTE SUB,Sierra,Concow; Oroville; Oroville East; Palermo; South Oroville,NORTH VALLEY,PGE,5,exact,100.0,Wyandotte,WYANDOTTE,39.49170025621256,-121.54094668549344
YANCY SUB,Greater Fresno,Fresno County,FRESNO,PGE,1,unmatched,0.0,,,,
YOSEMITE SUB,Greater Bay Area,San Francisco,SAN FRANCISCO,PGE,1,unmatched,0.0,,,,
YUBA GOLDFIELDS,Sierra,Marysville,SIERRA,PGE,1,unmatched,0.0,,,,
ZAMORA SUB,Sierra,Zamora,SACRAMENTO,PGE,1,exact,100.0,Zamora,ZAMORA,38.77565521973385,-121.85816692262264
