name,owner_raw,owner_std,type,hifld_id,max_voltage_kv,latitude,longitude,county,city,zip_code,source,path
A.P.T. Oro,PG&E,pge,SUBSTATION,302814.0,,39.48122633311454,-121.56548541080676,Butte County,Oroville,95965,CEC,
Adobe,PG&E,pge,SUBSTATION,305025.0,,35.107290520476695,-118.95791665735482,Kern County,Unincorporated,93307,CEC,
Aidlin Geothermal,PG&E,pge,SUBSTATION,305913.0,115.0,38.83403327007486,-122.88123813115068,Sonoma County,Unincorporated,95425,CEC,
Altamont,PG&E,pge,SUBSTATION,306256.0,60.0,37.74837650236422,-121.6772083406546,Alameda County,Unincorporated,94551,CEC,
Amerigas,PG&E,pge,SUBSTATION,309387.0,230.0,38.40329934570463,-121.9226353843564,Solano County,Unincorporated,95688,CEC,15X
Ames Distribution,PG&E,pge,SUBSTATION,310434.0,115.0,37.41853022786698,-122.06761586680192,Santa Clara County,Mountain View,94043,CEC,
Amfor,PG&E,pge,SUBSTATION,306187.0,60.0,38.40876699943021,-120.82209798939095,Amador County,Unincorporated,95685,CEC,
Angels,PG&E,pge,SUBSTATION,307553.0,115.0,38.07183279950617,-120.53935679326852,Calaveras County,Angels,95222,CEC,
Angiola,PG&E,pge,SUBSTATION,303505.0,60.0,35.99203333952427,-119.57170833599842,Kings County,Unincorporated,93239,CEC,
Antioch,PG&E,pge,SUBSTATION,305643.0,60.0,38.01351801723007,-121.81555199417708,Contra Costa County,Antioch,94509,CEC,
Arco,PG&E,pge,SUBSTATION,306367.0,230.0,35.77552239736215,-119.91360382886036,Kern County,Unincorporated,93249,CEC,
Arkansas,PG&E,pge,SUBSTATION,305625.0,230.0,39.36528231138363,-122.26384366237554,Colusa County,Unincorporated,95979,CEC,
Atlantic,PG&E,pge,SUBSTATION,300087.0,,38.7636275956832,-121.2640322520378,Placer County,Roseville,95678,CEC,
Aurora,PG&E,pge,SUBSTATION,306498.0,,37.96116500699628,-121.28151443378567,San Joaquin County,Stockton,95202,CEC,
Badger Creek,PG&E,pge,SUBSTATION,303310.0,115.0,35.48395557573786,-119.02970274863527,Kern County,Unincorporated,93308,CEC,
Badger Hill Pumps,PG&E,pge,SUBSTATION,308184.0,,35.83498773451544,-119.94261537810964,Kings County,Unincorporated,93204,CEC,
Barker Slough Pumping Station,PG&E,pge,SUBSTATION,305783.0,115.0,38.2764758192872,-121.79678467503042,Solano County,Unincorporated,94571,CEC,
Bay Point,PG&E,pge,SUBSTATION,306546.0,,38.041664539520085,-122.02933383964545,Contra Costa County,Unincorporated,94520,CEC,
Bayshore ,PG&E,pge,SUBSTATION,303231.0,115.0,37.74602981587972,-122.40337211093212,San Francisco County,San Francisco,94124,CEC,
Bear Canyon,PG&E,pge,SUBSTATION,306974.0,230.0,38.76261420268487,-122.69243671177964,Lake County,Unincorporated,95461,CEC,
Beardsley,PG&E,pge,SUBSTATION,308371.0,115.0,38.20287088680954,-120.07686006915937,Tuolumne County,Unincorporated,95335,CEC,
Belden,PG&E,pge,SUBSTATION,303336.0,230.0,40.00740568078464,-121.24942204943804,Plumas County,Unincorporated,95984,CEC,H10
Bellota,PG&E,pge,SUBSTATION,305708.0,230.0,38.01551233898278,-121.01368657506131,San Joaquin County,Unincorporated,95236,CEC,H3
Belridge 1A,PG&E,pge,SUBSTATION,303489.0,115.0,35.456220202874995,-119.63191776219676,Kern County,Unincorporated,93251,CEC,
Belridge 1B,PG&E,pge,SUBSTATION,301994.0,115.0,35.44395129589508,-119.66099011487482,Kern County,Unincorporated,93251,CEC,
Benton,PG&E,pge,SUBSTATION,301267.0,115.0,40.562418739683416,-122.3953543399731,Shasta County,Redding,96001,CEC,
Berrenda A,PG&E,pge,SUBSTATION,303384.0,70.0,35.711600795171336,-120.0111956132608,Kern County,Unincorporated,93249,CEC,
Berrenda C,PG&E,pge,SUBSTATION,300599.0,70.0,35.65850145399845,-120.0424297367336,Kern County,Unincorporated,93249,CEC,
Berry,PG&E,pge,SUBSTATION,307592.0,70.0,35.089804481514875,-119.44122704526774,Kern County,Unincorporated,93252,CEC,
Berry Petroleum,PG&E,pge,SUBSTATION,301560.0,70.0,35.09322909516888,-119.4438304395185,Kern County,Unincorporated,93252,CEC,
Big Creek,PG&E,pge,SUBSTATION,309532.0,60.0,40.64683178879263,-123.49791000274436,Trinity County,Unincorporated,96046,CEC,
Big Geysers,PG&E,pge,SUBSTATION,301072.0,230.0,38.77326501136692,-122.7293104593692,Lake County,Unincorporated,95461,CEC,
Black Butte,PG&E,pge,SUBSTATION,303309.0,,39.81515338942084,-122.33251725889922,Tehama County,Unincorporated,95963,CEC,
Blaine Street,PG&E,pge,SUBSTATION,309413.0,60.0,36.981477295057466,-122.02509786705484,Santa Cruz County,Santa Cruz,95060,CEC,
Bluestone,PG&E,pge,SUBSTATION,301417.0,70.0,35.707562384908705,-120.0841888400976,Kern County,Unincorporated,93249,CEC,
Bonita Tap,PG&E,pge,SUBSTATION,304045.0,70.0,36.967724032752265,-120.2026749282796,Madera County,Unincorporated,93637,CEC,
Boswell,PG&E,pge,SUBSTATION,305860.0,,36.08514444248407,-119.55360555310266,Kings County,Unincorporated,93212,CEC,
Boswell Dairy Ave.,PG&E,pge,SUBSTATION,304599.0,60.0,36.068742345554014,-119.57167549512612,Kings County,Unincorporated,93212,CEC,
Brighton,PG&E,pge,SUBSTATION,304301.0,115.0,38.54814198372994,-121.40774354112658,Sacramento County,Sacramento,95826,CEC,
Buena Vista Pumps,PG&E,pge,SUBSTATION,303320.0,,35.158007860457275,-119.34889697276218,Kern County,Unincorporated,93268,CEC,
Butt Valley,PG&E,pge,SUBSTATION,307174.0,115.0,40.17581924598903,-121.1907463469757,Plumas County,Unincorporated,95923,CEC,H10
Byron Bethany,PG&E,pge,SUBSTATION,308431.0,60.0,37.81698935517064,-121.587145694383,Contra Costa County,Unincorporated,94514,CEC,
Cache Slough,PG&E,pge,SUBSTATION,304360.0,60.0,38.29639271612527,-121.74816138446602,Solano County,Unincorporated,95620,CEC,
Cadet,PG&E,pge,SUBSTATION,306815.0,70.0,35.10678049294684,-119.40354531110331,Kern County,Taft,93268,CEC,
Cal Mat,PG&E,pge,SUBSTATION,302782.0,60.0,37.67389352715204,-121.8356310136024,Alameda County,Unincorporated,94588,CEC,
California Energy Tesla,PG&E,pge,SUBSTATION,307043.0,60.0,37.74908911357867,-121.64949359323576,Alameda County,Unincorporated,94514,CEC,
California Mens Colony,PG&E,pge,,,60.0,35.320571370723165,-120.69316410654736,San Luis Obispo County,Unincorporated,93405,CEC,
Calistoga 19,PG&E,pge,SUBSTATION,309686.0,230.0,38.78946872627556,-122.7444447495616,Lake County,Unincorporated,95461,CEC,
Callendar,PG&E,pge,SUBSTATION,308836.0,115.0,35.04694436661621,-120.58610556426706,San Luis Obispo County,Unincorporated,93420,CEC,
Calpeak Power Vaca Dixon 1,PG&E,pge,SUBSTATION,305757.0,500.0,38.40518842401202,-121.9181113738112,Solano County,Unincorporated,95688,CEC,15X
Calvo,PG&E,pge,SUBSTATION,308573.0,60.0,37.74748343400993,-121.32673399046512,San Joaquin County,Unincorporated,95304,CEC,
Cambria,PG&E,pge,SUBSTATION,301027.0,60.0,35.60042605491833,-121.11537922011534,San Luis Obispo County,Unincorporated,93428,CEC,
Camp Far West,PG&E,pge,SUBSTATION,306630.0,,39.04890193370489,-121.31692007857608,Placer County,Unincorporated,95681,CEC,
Capco,PG&E,pge,SUBSTATION,309400.0,115.0,37.1085921242984,-120.24831911270276,Madera County,Chowchilla,93610,CEC,
Capco Madera,PG&E,pge,SUBSTATION,304454.0,60.0,36.83609272115688,-120.44955676579076,Fresno County,Firebaugh,93622,CEC,
Capitola,PG&E,pge,SUBSTATION,302932.0,60.0,36.97642408125738,-121.98014968416922,Santa Cruz County,Unincorporated,95062,CEC,
Carberry,PG&E,pge,SUBSTATION,300064.0,230.0,40.85915010843056,-121.75278628602968,Shasta County,Unincorporated,96013,CEC,H12
Caribou 2,PG&E,pge,SUBSTATION,309781.0,230.0,40.08612756790898,-121.14869302914649,Plumas County,Unincorporated,95984,CEC,H10
Carmel,PG&E,pge,SUBSTATION,304563.0,60.0,36.56082724799605,-121.91966287972927,Monterey County,Carmel-by-the-Sea,93923,CEC,
Carnation Dairy,PG&E,pge,SUBSTATION,305663.0,70.0,35.311006076395515,-119.0858066868177,Kern County,Bakersfield,93313,CEC,
Cascade,PG&E,pge,SUBSTATION,304988.0,115.0,40.6521977312861,-122.33420112618268,Shasta County,Unincorporated,96003,CEC,25
Cawelo B,PG&E,pge,SUBSTATION,309030.0,70.0,35.470765797660405,-119.11831887459046,Kern County,Unincorporated,93308,CEC,
Cawelo C,PG&E,pge,SUBSTATION,300633.0,115.0,35.570757571696184,-119.11542007329167,Kern County,Unincorporated,93308,CEC,
Centerville,PG&E,pge,SUBSTATION,306251.0,115.0,39.78844891485908,-121.65734663756552,Butte County,Unincorporated,95928,CEC,
Chalk,PG&E,pge,SUBSTATION,304735.0,70.0,35.09714151424839,-119.42941895416924,Kern County,Unincorporated,93252,CEC,
Cheney,PG&E,pge,SUBSTATION,304203.0,,36.63275971817491,-120.53199354555808,Fresno County,Unincorporated,93640,CEC,
Cherry,PG&E,pge,SUBSTATION,310352.0,60.0,37.715813950900895,-122.14392687926076,Alameda County,San Leandro,94578,CEC,
Chevron Kettleman,PG&E,pge,SUBSTATION,306041.0,,35.99695673761514,-119.96139709749318,Kings County,Unincorporated,93239,CEC,
Chinese Station,PG&E,pge,SUBSTATION,308754.0,115.0,37.87474608832639,-120.4785168258194,Tuolumne County,Unincorporated,95327,CEC,H2
Christie,PG&E,pge,SUBSTATION,300153.0,115.0,38.00286201856196,-122.20836799669176,Contra Costa County,Unincorporated,94553,CEC,
Chualar,PG&E,pge,TAP,310598.0,60.0,36.57244588451994,-121.52050158247106,Monterey County,Unincorporated,93908,CEC,
Cisco Grove,PG&E,pge,SUBSTATION,307047.0,60.0,39.30962787094344,-120.54834221528311,Placer County,Unincorporated,95724,CEC,24
Claremont,PG&E,pge,SUBSTATION,303608.0,115.0,37.84737345521274,-122.22858507586392,Alameda County,Oakland,94618,CEC,
Cliff Drive,PG&E,pge,SUBSTATION,310441.0,60.0,36.96014422074194,-122.05249231141376,Santa Cruz County,Santa Cruz,95060,CEC,
Coalinga Cogen,PG&E,pge,SUBSTATION,306404.0,60.0,36.18093632930731,-120.38792969092,Fresno County,Unincorporated,93210,CEC,
Cobb Creek,PG&E,pge,SUBSTATION,304629.0,230.0,38.80531010470983,-122.78386017768248,Sonoma County,Unincorporated,95441,CEC,North Bay
Coburn,PG&E,pge,SUBSTATION,307786.0,230.0,36.26513885600068,-121.14583686925218,Monterey County,Unincorporated,93930,CEC,
Coleman Hatchery,PG&E,pge,SUBSTATION,303314.0,,40.40095412133911,-122.14105921429234,Shasta County,Unincorporated,96007,CEC,
Colgate,PG&E,pge,SUBSTATION,309538.0,230.0,39.33096778898454,-121.19150473735888,Yuba County,Unincorporated,95935,CEC,
Contra Costa Power,PG&E,pge,SUBSTATION,305718.0,230.0,38.01528972980356,-121.76230276116462,Contra Costa County,Antioch,94509,CEC,
Cooley Landing,PG&E,pge,SUBSTATION,300115.0,115.0,37.47358664232182,-122.12800367278729,San Mateo County,East Palo Alto,94303,CEC,
Cove Road,PG&E,pge,SUBSTATION,309215.0,230.0,40.87766972857932,-121.9286997342485,Shasta County,Unincorporated,96065,CEC,
Cow Creek,PG&E,pge,SUBSTATION,302346.0,60.0,40.57186647034807,-122.0203827065687,Shasta County,Unincorporated,96062,CEC,
Creed Energy,PG&E,pge,SUBSTATION,301175.0,60.0,38.24122070720033,-121.85575393461002,Solano County,Unincorporated,94585,CEC,
Crockett,PG&E,pge,SUBSTATION,308554.0,,38.048589126123005,-122.22169930548776,Contra Costa County,Unincorporated,94525,CEC,
Crusher,PG&E,pge,SUBSTATION,303484.0,60.0,37.025697443617865,-122.1548008548698,Santa Cruz County,Unincorporated,95060,CEC,
Crystal Springs,PG&E,pge,SUBSTATION,308210.0,60.0,37.52998866796908,-122.3617254110697,San Mateo County,Unincorporated,94019,CEC,
Dai/Oildale Cogen,PG&E,pge,SUBSTATION,305485.0,115.0,35.44042076314727,-119.01330614773951,Kern County,Unincorporated,93308,CEC,
De Francesco,PG&E,pge,SUBSTATION,307108.0,,36.836043915753805,-120.62030735430189,Fresno County,Unincorporated,93622,CEC,
Delta Energy,PG&E,pge,SUBSTATION,304072.0,,38.017483303193934,-121.84660946931412,Contra Costa County,Pittsburg,94509,CEC,
Diablo Canyon,PG&E,pge,SUBSTATION,307300.0,500.0,35.21629198772879,-120.84738797907124,San Luis Obispo County,Unincorporated,93424,CEC,
Dinosaur Point,PG&E,pge,SUBSTATION,307709.0,115.0,37.0635983138675,-121.20828426816712,Merced County,Unincorporated,93635,CEC,
Dome Project,PG&E,pge,SUBSTATION,307026.0,70.0,35.22527531197844,-119.55949744740808,Kern County,Unincorporated,93224,CEC,
Donnells-Curtis,PG&E,pge,SUBSTATION,309372.0,115.0,38.246450076997306,-120.03384241420105,Tuolumne County,Unincorporated,95335,CEC,H2
Drake,PG&E,pge,SUBSTATION,302981.0,60.0,38.969822765902975,-122.04333217073216,Colusa County,Unincorporated,95912,CEC,
Dyer Rd. Altamont,PG&E,pge,SUBSTATION,309511.0,60.0,37.75530193403383,-121.66003603983911,Alameda County,Unincorporated,94514,CEC,
Eagle Rock,PG&E,pge,SUBSTATION,308881.0,,38.82904835521856,-122.81015215486602,Sonoma County,Unincorporated,95441,CEC,
East Portal,PG&E,pge,SUBSTATION,301921.0,115.0,37.87595520410172,-122.18704586811504,Contra Costa County,Orinda,94563,CEC,
Eastshore,PG&E,pge,SUBSTATION,301389.0,230.0,37.62507858781576,-122.11661121383084,Alameda County,Hayward,94545,CEC,East Bay
Edward C Hyatt,PG&E,pge,SUBSTATION,304479.0,230.0,39.53267590770114,-121.48622940663633,Butte County,Unincorporated,95966,CEC,
Edward Pike,PG&E,pge,SUBSTATION,301421.0,60.0,36.62623670695044,-121.58764169449204,Monterey County,Unincorporated,93908,CEC,
Eisen,PG&E,pge,SUBSTATION,303798.0,,35.35577971540057,-118.97177120256912,Kern County,Unincorporated,93307,CEC,
Elk Hills Cogen 1,PG&E,pge,SUBSTATION,308208.0,115.0,35.28134075980005,-119.46992125210744,Kern County,Unincorporated,93251,CEC,
Elk Hills Cogen 2,PG&E,pge,SUBSTATION,304411.0,115.0,35.281177682288366,-119.4728704495776,Kern County,Unincorporated,93251,CEC,
Elk Hills Cogen 3,PG&E,pge,SUBSTATION,307340.0,,35.27863670288552,-119.46418022953011,Kern County,Unincorporated,93268,CEC,
Embarcadero,PG&E,pge,SUBSTATION,305027.0,230.0,37.78753484078519,-122.3934471224645,San Francisco County,San Francisco,94105,CEC,
Encinal,PG&E,pge,SUBSTATION,302047.0,60.0,39.24756793906181,-121.63713575572008,Sutter County,Unincorporated,95953,CEC,
Exchequer,PG&E,pge,SUBSTATION,309058.0,115.0,37.58414783238076,-120.2725504841966,Mariposa County,Unincorporated,95369,CEC,L2
Fayette,PG&E,pge,SUBSTATION,306374.0,60.0,37.72019332141996,-121.595291781209,Alameda County,Unincorporated,95377,CEC,
Fibreboard,PG&E,pge,SUBSTATION,304242.0,115.0,38.01599633726957,-121.77391862069334,Contra Costa County,Antioch,94509,CEC,
Forbestown,PG&E,pge,SUBSTATION,308326.0,115.0,39.55100299250648,-121.2785865669752,Butte County,Unincorporated,95941,CEC,
Forest,PG&E,pge,SUBSTATION,304313.0,,36.59011835032979,-121.94428070965672,Monterey County,Unincorporated,93953,CEC,
Frankenheimer,PG&E,pge,SUBSTATION,308742.0,,37.83028071657743,-120.80706886219784,Stanislaus County,Unincorporated,95361,CEC,
French Meadows,PG&E,pge,SUBSTATION,300321.0,60.0,39.07795141419384,-120.40623558923149,Placer County,Unincorporated,95631,CEC,PCWA
Frick Green Ridge Power,PG&E,pge,SUBSTATION,306456.0,60.0,37.72974170599196,-121.68775323355932,Alameda County,Unincorporated,94551,CEC,
Fumarole,PG&E,pge,SUBSTATION,304020.0,230.0,38.79597899954995,-122.76700668231793,Sonoma County,Unincorporated,95441,CEC,North Bay
GWF 4,PG&E,pge,SUBSTATION,302041.0,60.0,38.01049964693561,-121.75626962499425,Contra Costa County,Antioch,94509,CEC,
GWF Tracy,PG&E,pge,SUBSTATION,300644.0,115.0,37.71036085561445,-121.48995755444668,San Joaquin County,Unincorporated,95377,CEC,
Gallo,PG&E,pge,SUBSTATION,308513.0,115.0,37.37941115394823,-120.80951946311409,Merced County,Unincorporated,95334,CEC,
Garcia,PG&E,pge,SUBSTATION,303227.0,60.0,38.88919144009038,-123.55087111021663,Mendocino County,Unincorporated,95468,CEC,
Gates Wellhead,PG&E,pge,SUBSTATION,301242.0,60.0,36.152521067376654,-120.14781934255424,Fresno County,Unincorporated,93234,CEC,
Geary,PG&E,pge,SUBSTATION,304356.0,60.0,37.92661520036147,-122.074943599322,Contra Costa County,Pleasant Hill,94523,CEC,
Geysers Unit 3,PG&E,pge,SUBSTATION,306868.0,115.0,38.80570439815968,-122.81497922510012,Sonoma County,Unincorporated,95441,CEC,
Gish,PG&E,pge,SUBSTATION,300614.0,115.0,37.354105537770565,-121.9126432499342,Santa Clara County,San Jose,95110,CEC,
Gold Hill,PG&E,pge,SUBSTATION,300336.0,230.0,38.65748758790568,-121.13675733267137,Sacramento County,Folsom,95630,CEC,
Goose Haven,PG&E,pge,SUBSTATION,303640.0,60.0,38.2265928409433,-121.84418359857176,Solano County,Unincorporated,94585,CEC,
Grant 20,PG&E,pge,SUBSTATION,310367.0,230.0,38.77873092391764,-122.7552260401703,Sonoma County,Unincorporated,95441,CEC,
Green Ridge Services,PG&E,pge,SUBSTATION,304893.0,60.0,37.76124998638339,-121.69074599267692,Alameda County,Unincorporated,94551,CEC,
Greenville,PG&E,pge,,,,40.15069113252434,-121.0812444159536,Plumas County,Unincorporated,95947,CEC,
Gregg,PG&E,pge,SUBSTATION,306523.0,230.0,36.852809641082125,-119.9170803954647,Madera County,Unincorporated,93636,CEC,H4
Guadalupe,PG&E,pge,SUBSTATION,307535.0,,37.21421780228547,-121.89523561623888,Santa Clara County,San Jose,95120,CEC,
Halls Flat,PG&E,pge,SUBSTATION,300245.0,60.0,40.74489222104015,-121.27800013479624,Lassen County,Unincorporated,96056,CEC,
Hamilton Wetlands,PG&E,pge,SUBSTATION,309445.0,,38.07814447902148,-122.5258099661144,Marin County,Unincorporated,94949,CEC,
Harrington,PG&E,pge,SUBSTATION,307397.0,60.0,38.96922396253317,-122.07046838073256,Colusa County,Unincorporated,95912,CEC,
Hat Creek 2,PG&E,pge,SUBSTATION,300796.0,,40.96098323587359,-121.54859854432516,Shasta County,Unincorporated,96028,CEC,H12
Hatchet Ridge Wind,PG&E,pge,SUBSTATION,309110.0,230.0,40.890280860279,-121.79689340038198,Shasta County,Unincorporated,96065,CEC,
Haypress Lower,PG&E,pge,,,,39.56572141599132,-120.59692740405366,Sierra County,Unincorporated,96124,CEC,
Haypress Middle,PG&E,pge,SUBSTATION,305066.0,,39.5655500979152,-120.58161088145356,Sierra County,Unincorporated,96124,CEC,
Headgate,PG&E,pge,SUBSTATION,303881.0,60.0,39.78927916022522,-122.05131036075431,Glenn County,Unincorporated,95963,CEC,
Helm,PG&E,pge,SUBSTATION,303306.0,230.0,36.59142343169017,-120.17619876604118,Fresno County,Unincorporated,93660,CEC,
Helm's Pumped Storage,PG&E,pge,SUBSTATION,307044.0,230.0,37.03911799154098,-118.9636949815482,Fresno County,Unincorporated,93664,CEC,H4
Henning,PG&E,pge,SUBSTATION,301513.0,60.0,38.11600960870221,-121.29044203727057,San Joaquin County,Lodi,95242,CEC,
Hercules Ms,PG&E,pge,SUBSTATION,308363.0,60.0,38.01534433202982,-122.28722980312868,Contra Costa County,Hercules,94547,CEC,
Herndon,PG&E,pge,SUBSTATION,302888.0,230.0,36.844717860538495,-119.922134727871,Fresno County,Fresno,93722,CEC,15
Hershey,PG&E,pge,SUBSTATION,302240.0,115.0,37.75093426151019,-120.84529498667897,Stanislaus County,Oakdale,95361,CEC,
High Line,PG&E,pge,SUBSTATION,304084.0,60.0,39.76192786067611,-122.19754636048349,Glenn County,Unincorporated,95963,CEC,
Hillsdale Junction,PG&E,pge,SUBSTATION,309336.0,60.0,37.52507891871521,-122.3562982414704,San Mateo County,Unincorporated,94402,CEC,
Howland Road,PG&E,pge,SUBSTATION,310473.0,,37.80878549138279,-121.27657128699784,San Joaquin County,Lathrop,95330,CEC,
Humboldt,PG&E,pge,SUBSTATION,303673.0,115.0,40.78258457560753,-124.11238002277976,Humboldt County,Unincorporated,95503,CEC,
Imhoff,PG&E,pge,SUBSTATION,303584.0,115.0,38.00163656751872,-122.0672556867176,Contra Costa County,Unincorporated,94553,CEC,
Industrial,PG&E,pge,SUBSTATION,303458.0,60.0,38.12992771852424,-121.25156189484872,San Joaquin County,Lodi,95240,CEC,
Inskip,PG&E,pge,SUBSTATION,307181.0,60.0,40.40132957916039,-121.9651053658046,Tehama County,Unincorporated,96075,CEC,
International Turbine Research,PG&E,pge,SUBSTATION,308744.0,115.0,37.04729946348425,-121.19502784277223,Merced County,Unincorporated,93635,CEC,
James B. Black,PG&E,pge,SUBSTATION,303958.0,230.0,40.99253305530018,-121.97460152736431,Shasta County,Unincorporated,96065,CEC,
Jefferson,PG&E,pge,SUBSTATION,304264.0,230.0,37.45761682162042,-122.28637093369755,San Mateo County,Unincorporated,94062,CEC,
Kasson,PG&E,pge,SUBSTATION,303339.0,115.0,37.745890432836354,-121.34118738096768,San Joaquin County,Unincorporated,95304,CEC,
Kekawaka,PG&E,pge,SUBSTATION,307419.0,60.0,40.0940307349166,-123.50918679640904,Trinity County,Unincorporated,95595,CEC,
Kelso,PG&E,pge,SUBSTATION,303352.0,,37.79748936963168,-121.60331055402354,Alameda County,Unincorporated,94514,CEC,
Kent,PG&E,pge,SUBSTATION,300729.0,60.0,36.22180016814646,-119.9059874779485,Kings County,Unincorporated,93245,CEC,
Kern Canyon,PG&E,pge,SUBSTATION,302229.0,70.0,35.440564603595185,-118.79675290206322,Kern County,Bakersfield,93306,CEC,
Kern Front,PG&E,pge,SUBSTATION,300211.0,115.0,35.50944486622697,-119.0305111790723,Kern County,Unincorporated,93308,CEC,
Kern Pp Dist.,PG&E,pge,,,115.0,35.37805279157113,-119.09539444390688,Kern County,Bakersfield,93312,CEC,
Kernridge,PG&E,pge,SUBSTATION,303203.0,115.0,35.44250986128924,-119.73962988016642,Kern County,Unincorporated,93251,CEC,
Kernwater,PG&E,pge,SUBSTATION,306377.0,,35.40105742857489,-119.0353929898614,Kern County,Unincorporated,93308,CEC,
Kilarc,PG&E,pge,SUBSTATION,306515.0,60.0,40.67817555451951,-121.87309246356546,Shasta County,Unincorporated,96096,CEC,
King Ellis,PG&E,pge,SUBSTATION,303390.0,,35.470181446427794,-119.75103090486408,Kern County,Unincorporated,93251,CEC,
Kings River,PG&E,pge,SUBSTATION,304409.0,,36.88826814707661,-119.15947456727572,Fresno County,Unincorporated,93664,CEC,H5
Kings River Consrv.,PG&E,pge,SUBSTATION,300957.0,115.0,36.69045427413424,-119.74041806567574,Fresno County,Unincorporated,93725,CEC,
Lagunitas,PG&E,pge,SUBSTATION,302946.0,,36.74876122594697,-121.60598856689566,Monterey County,Unincorporated,93908,CEC,
Lake Mendocino,PG&E,pge,,,,39.1973260281907,-123.18544350176862,Mendocino County,Unincorporated,95482,CEC,
Lake View,PG&E,pge,SUBSTATION,309734.0,230.0,38.823891032848216,-122.7813164581537,Sonoma County,Unincorporated,95441,CEC,
Lambie Energy,PG&E,pge,SUBSTATION,308802.0,230.0,38.22145764864739,-121.86692486766052,Solano County,Unincorporated,94585,CEC,15X
Larkin,PG&E,pge,SUBSTATION,300046.0,115.0,37.78365956601328,-122.41700936897736,San Francisco County,San Francisco,94109,CEC,
Las Perillas Pumps,PG&E,pge,SUBSTATION,303799.0,,35.84304303394568,-119.90838164091288,Kings County,Unincorporated,93204,CEC,
Lawrence Livermore Laboratory,PG&E,pge,SUBSTATION,302026.0,115.0,37.68223894665222,-121.70528803545147,Alameda County,Livermore,94550,CEC,
Learner,PG&E,pge,,,60.0,37.93857199698007,-121.32909398034434,San Joaquin County,Stockton,95203,CEC,
Lee,PG&E,pge,SUBSTATION,307599.0,,37.73190953444461,-121.11624636332134,San Joaquin County,Ripon,95366,CEC,
Lemoore N.A.S.,PG&E,pge,SUBSTATION,310107.0,60.0,36.2645077950768,-119.90627589005264,Kings County,Unincorporated,93246,CEC,
Lime Saddle,PG&E,pge,SUBSTATION,301841.0,,39.69860048748614,-121.57141148770287,Butte County,Unincorporated,95969,CEC,
Limestone,PG&E,pge,SUBSTATION,310069.0,,38.634932901836,-120.9801827876812,El Dorado County,Unincorporated,95682,CEC,
Linde,PG&E,pge,,,,38.02639866516522,-121.8496279282101,Contra Costa County,Pittsburg,94565,CEC,
Lompoc - Control Building,PG&E,pge,SUBSTATION,303684.0,115.0,34.64277780330332,-120.45484655597544,Santa Barbara County,Lompoc,93436,CEC,
Los Banos,PG&E,pge,SUBSTATION,310440.0,500.0,37.05351312188253,-121.02110261140248,Merced County,Unincorporated,95322,CEC,"15X,15"
Los Esteros,PG&E,pge,SUBSTATION,310258.0,230.0,37.42747021425644,-121.9329308886194,Santa Clara County,San Jose,95134,CEC,
Lost Hills,PG&E,pge,SUBSTATION,301793.0,60.0,35.785731893981215,-119.866283479829,Kern County,Unincorporated,93249,CEC,
Loveridge Road,PG&E,pge,SUBSTATION,308706.0,60.0,38.03040028127549,-121.8694190811146,Contra Costa County,Pittsburg,94565,CEC,
Lower Lake,PG&E,pge,SUBSTATION,303121.0,115.0,38.91064070236071,-122.61736744765246,Lake County,Unincorporated,95457,CEC,
Luka,PG&E,pge,SUBSTATION,308301.0,60.0,37.66794608367032,-121.83187681050428,Alameda County,Unincorporated,94566,CEC,
Magnesium,PG&E,pge,,,,37.31772836573991,-122.0887268467429,Santa Clara County,Unincorporated,95014,CEC,
Malin,PG&E,pge,,,500.0,42.00661230121407,-121.316599524345,,,97623,CEC,66
Manzanita,PG&E,pge,SUBSTATION,306342.0,,36.61454768813276,-121.83354489066902,Monterey County,Seaside,93955,CEC,
Markham,PG&E,pge,,,115.0,37.336272248366704,-121.87817612582194,Santa Clara County,San Jose,95192,CEC,
Marsh,PG&E,pge,SUBSTATION,303575.0,60.0,37.90286541425741,-121.72269574977582,Contra Costa County,Brentwood,94513,CEC,
Martinez,PG&E,pge,SUBSTATION,301223.0,115.0,38.01494900778573,-122.11623544813986,Contra Costa County,Unincorporated,94553,CEC,
Mc Donald,PG&E,pge,SUBSTATION,303689.0,,37.99144842676079,-121.47887583957504,San Joaquin County,Unincorporated,95206,CEC,
Mccabe,PG&E,pge,SUBSTATION,305906.0,230.0,38.80562000315504,-122.80822213335718,Sonoma County,Unincorporated,95441,CEC,
Meder,PG&E,pge,SUBSTATION,300935.0,60.0,36.97465605014043,-122.05696753197005,Santa Cruz County,Santa Cruz,95060,CEC,
Mercy Springs,PG&E,pge,SUBSTATION,300625.0,,36.936811623753805,-120.8194867965914,Merced County,Unincorporated,93635,CEC,
Metcalf 1,PG&E,pge,SUBSTATION,301570.0,,37.22438647477061,-121.74191085622988,Santa Clara County,Unincorporated,95013,CEC,
Metcalf 2,PG&E,pge,SUBSTATION,309386.0,,37.22628255275606,-121.74627670579927,Santa Clara County,Unincorporated,95013,CEC,
Metcalf Energy Center,PG&E,pge,SUBSTATION,309434.0,230.0,37.22141403525465,-121.7465990269561,Santa Clara County,San Jose,95013,CEC,
Middle Fork,PG&E,pge,SUBSTATION,309436.0,230.0,39.024247428028936,-120.59641017110816,Placer County,Unincorporated,95631,CEC,PCWA
Midway Green Ridge Services,PG&E,pge,,,,37.726530802418,-121.58725934901273,Alameda County,Unincorporated,95377,CEC,
Midway-Sunset Cogen 2,PG&E,pge,SUBSTATION,310433.0,,35.22648337090991,-119.63085280152517,Kern County,Unincorporated,93224,CEC,
Midway-Sunset Cogen 3,PG&E,pge,SUBSTATION,303113.0,,35.2255805690481,-119.62976389920804,Kern County,Unincorporated,93224,CEC,
Midway-Sunset Cogeneration,PG&E,pge,SUBSTATION,309535.0,,35.22732221964842,-119.63101111071208,Kern County,Unincorporated,93224,CEC,
Monta Vista,PG&E,pge,SUBSTATION,308542.0,,37.32391499798285,-122.07315000092498,Santa Clara County,Cupertino,95014,CEC,
Monta Vista (Upper),PG&E,pge,SUBSTATION,305804.0,230.0,37.32640766491489,-122.07542609827172,Santa Clara County,Cupertino,95014,CEC,
Monterey,PG&E,pge,SUBSTATION,304111.0,60.0,36.59982742598498,-121.89048372337044,Monterey County,Monterey,93940,CEC,
Monterey Naval Lab,PG&E,pge,SUBSTATION,301692.0,60.0,36.58953305992025,-121.86383166309272,Monterey County,Monterey,93940,CEC,
Moss Landing,PG&E,pge,SUBSTATION,301760.0,500.0,36.80612983039401,-121.77572736481476,Monterey County,Unincorporated,95039,CEC,
Mt. Gate,PG&E,pge,SUBSTATION,301993.0,,40.73723942472659,-122.32249810228689,Shasta County,Unincorporated,96003,CEC,
Mt. Gate Junction,PG&E,pge,SUBSTATION,300872.0,,40.74435042460144,-122.30831628967974,Shasta County,Unincorporated,96003,CEC,25
Mt. House,PG&E,pge,SUBSTATION,300904.0,60.0,37.79421735104328,-121.5595701644619,Alameda County,Unincorporated,95391,CEC,
Murphy,PG&E,pge,SUBSTATION,308813.0,115.0,38.14698707252699,-120.44641944391417,Calaveras County,Unincorporated,95247,CEC,
NCPA 1&2,PG&E,pge,SUBSTATION,304033.0,230.0,38.752277648346734,-122.71954930248444,Sonoma County,Unincorporated,95461,CEC,
NCPA 3&4,PG&E,pge,SUBSTATION,300833.0,230.0,38.74876308393582,-122.71157637006174,Sonoma County,Unincorporated,95448,CEC,
Navy School,PG&E,pge,SUBSTATION,303987.0,60.0,36.59960040831284,-121.87688420420542,Monterey County,Monterey,93943,CEC,
New Hogan,PG&E,pge,SUBSTATION,307201.0,60.0,38.14960442552077,-120.81487685984266,Calaveras County,Unincorporated,95252,CEC,
Newark-Sierra-Paperbroad,PG&E,pge,SUBSTATION,303073.0,115.0,37.94316146427212,-121.30118949605078,San Joaquin County,Stockton,95203,CEC,
Newby Island I,PG&E,pge,SUBSTATION,306695.0,,37.454759299452746,-121.93555105344583,Santa Clara County,San Jose,95134,CEC,
Newcastle,PG&E,pge,SUBSTATION,306130.0,115.0,38.83485899365069,-121.09482099610771,Placer County,Unincorporated,95658,CEC,
North Generator,PG&E,pge,SUBSTATION,310300.0,115.0,35.57820273141215,-119.54425997739465,Kern County,Unincorporated,93249,CEC,
North Midway,PG&E,pge,SUBSTATION,302904.0,,35.27635813221335,-119.59888631120108,Kern County,Unincorporated,93224,CEC,
Oak Park,PG&E,pge,SUBSTATION,303417.0,60.0,37.98051100923031,-121.29854501283836,San Joaquin County,Stockton,95204,CEC,
Oakland P,PG&E,pge,SUBSTATION,303482.0,,37.82101994924655,-122.32872803419949,Alameda County,Oakland,94607,CEC,
Oakmont North,PG&E,pge,SUBSTATION,307357.0,230.0,38.44282578570213,-122.58381376983976,Sonoma County,Santa Rosa,95409,CEC,North Bay
Oakmont South,PG&E,pge,SUBSTATION,309048.0,230.0,38.42885652446785,-122.59334347409708,Sonoma County,Santa Rosa,95409,CEC,North Bay
Oleum,PG&E,pge,SUBSTATION,301016.0,115.0,38.04448561242868,-122.25701587075334,Contra Costa County,Unincorporated,94572,CEC,
Opal Cliffs,PG&E,pge,SUBSTATION,307834.0,60.0,36.97633055345885,-121.96465485909064,Santa Cruz County,Capitola,95010,CEC,
Orchard Street,PG&E,pge,SUBSTATION,307597.0,115.0,39.14379081953796,-123.198878900639,Mendocino County,Ukiah,95482,CEC,
Orinda,PG&E,pge,SUBSTATION,308977.0,,37.88360417650063,-122.19347064930142,Contra Costa County,Unincorporated,94563,CEC,
Oxford,PG&E,pge,SUBSTATION,306180.0,500.0,36.71509335421034,-120.70182879867032,Fresno County,Unincorporated,93640,CEC,15
PG&E Pumping Station,PG&E,pge,SUBSTATION,307253.0,60.0,38.21807754072103,-122.15847906827008,Solano County,Unincorporated,94503,CEC,
Pacheco Wind Power,PG&E,pge,SUBSTATION,309344.0,230.0,37.04146743265345,-121.01081579813427,Merced County,Unincorporated,95322,CEC,
Palermo,PG&E,pge,SUBSTATION,307680.0,230.0,39.45434305228144,-121.51766154413596,Butte County,Unincorporated,95966,CEC,
Pardee,PG&E,pge,SUBSTATION,300030.0,60.0,38.25707835599408,-120.85038224817522,Calaveras County,Unincorporated,95640,CEC,
Park,PG&E,pge,SUBSTATION,301526.0,,38.77949830211822,-121.28274135487744,Placer County,Roseville,95678,CEC,
Parks,PG&E,pge,SUBSTATION,305695.0,,37.71164362479632,-121.8938503914868,Alameda County,Dublin,94568,CEC,
Petrol,PG&E,pge,SUBSTATION,304929.0,115.0,35.45463055696804,-118.99219166849436,Kern County,Unincorporated,93308,CEC,
Pine Flat,PG&E,pge,SUBSTATION,300052.0,230.0,36.83274726809918,-119.32680087985766,Fresno County,Unincorporated,93657,CEC,
Pit 4,PG&E,pge,SUBSTATION,304331.0,230.0,40.98709395894264,-121.84930328788134,Shasta County,Unincorporated,96065,CEC,
Pit 6,PG&E,pge,SUBSTATION,308747.0,230.0,40.92227055364233,-121.99234538707358,Shasta County,Unincorporated,96065,CEC,
Pit 7,PG&E,pge,SUBSTATION,300142.0,230.0,40.84661625517677,-121.99107242931848,Shasta County,Unincorporated,96065,CEC,
Pleasant Hill,PG&E,pge,SUBSTATION,300840.0,60.0,37.938804248237865,-122.08211356479114,Contra Costa County,Pleasant Hill,94523,CEC,
Poe,PG&E,pge,SUBSTATION,304253.0,230.0,39.723536736556646,-121.46997108966632,Butte County,Unincorporated,95965,CEC,H10
Polonio Pass,PG&E,pge,SUBSTATION,307440.0,70.0,35.73093259648137,-120.20779772837156,San Luis Obispo County,Unincorporated,93461,CEC,
Potter Valley,PG&E,pge,SUBSTATION,309613.0,60.0,39.361965280724384,-123.12784074768436,Mendocino County,Unincorporated,95469,CEC,
Provident,PG&E,pge,,,60.0,39.55776855036031,-122.00470373938784,Glenn County,Unincorporated,95943,CEC,
Quicksilver,PG&E,pge,SUBSTATION,308511.0,,38.76615971602122,-122.70744191805696,Lake County,Unincorporated,95461,CEC,
Ragu,PG&E,pge,SUBSTATION,301903.0,60.0,37.96810648140888,-121.26869653727908,San Joaquin County,Unincorporated,95205,CEC,
Ralph,PG&E,pge,SUBSTATION,302831.0,,37.79905698986354,-121.61994380061796,Alameda County,Unincorporated,94514,CEC,
Ravenswood,PG&E,pge,SUBSTATION,308197.0,230.0,37.49296812408314,-122.13794615040464,San Mateo County,Menlo Park,94025,CEC,
Red Bank,PG&E,pge,SUBSTATION,303143.0,60.0,40.14574121874566,-122.1994669205267,Tehama County,Unincorporated,96080,CEC,
Reta,PG&E,pge,SUBSTATION,304920.0,,37.45439248575215,-120.4900540217868,Merced County,Unincorporated,95388,CEC,
Ridge Cabin,PG&E,pge,,,,40.72891925469917,-123.66977850927016,Humboldt County,Unincorporated,95550,CEC,
Ridge Line,PG&E,pge,SUBSTATION,303978.0,115.0,38.81471408642573,-122.80203918048647,Sonoma County,Unincorporated,95441,CEC,
Rio Bravo Fresno,PG&E,pge,SUBSTATION,301816.0,115.0,36.68886004102305,-119.72371782540635,Fresno County,Unincorporated,93725,CEC,
Rio Bravo Poso,PG&E,pge,SUBSTATION,304418.0,115.0,35.57653240954226,-119.00652720623208,Kern County,Unincorporated,93308,CEC,
Rio Bravo Rocklin,PG&E,pge,SUBSTATION,300044.0,60.0,38.83187125290999,-121.31400271572043,Placer County,Unincorporated,95648,CEC,
Rio Del Mar,PG&E,pge,SUBSTATION,305943.0,60.0,36.97546947545002,-121.8942992611325,Santa Cruz County,Unincorporated,95003,CEC,
Rio Dell Tap,PG&E,pge,TAP,310755.0,60.0,40.551248789422594,-124.07921547141898,Humboldt County,Unincorporated,95547,CEC,
Rio Oso,PG&E,pge,SUBSTATION,304864.0,230.0,38.93517895362423,-121.46684295367594,Sutter County,Unincorporated,95674,CEC,
Rio Vista,PG&E,pge,SUBSTATION,304327.0,,38.16004971772207,-121.6965001010822,Solano County,Rio Vista,94571,CEC,
River Rock,PG&E,pge,SUBSTATION,304800.0,60.0,36.90286000596502,-119.77384298675636,Fresno County,Unincorporated,93730,CEC,
Robertson,PG&E,pge,SUBSTATION,304947.0,60.0,37.94339395521123,-121.3298474259229,San Joaquin County,Stockton,95203,CEC,
Roland,PG&E,pge,SUBSTATION,307329.0,60.0,36.96472779654248,-121.97377831285034,Santa Cruz County,Unincorporated,95062,CEC,
Round Mt.,PG&E,pge,SUBSTATION,303913.0,500.0,40.80747896449215,-121.93581580541282,Shasta County,Unincorporated,96065,CEC,66
Russ Ranch,PG&E,pge,SUBSTATION,308615.0,60.0,40.82049761112737,-123.8282375459324,Humboldt County,Unincorporated,95550,CEC,
S.J. Power,PG&E,pge,,,,37.80650699209757,-121.29089900214474,San Joaquin County,Lathrop,95330,CEC,
Salado,PG&E,pge,SUBSTATION,304632.0,115.0,37.42194798786807,-121.14748200719993,Stanislaus County,Unincorporated,95363,CEC,
San Andreas,PG&E,pge,SUBSTATION,307313.0,60.0,37.60403101798599,-122.42315894314376,San Mateo County,Unincorporated,94030,CEC,
San Francisco Airport,PG&E,pge,SUBSTATION,308409.0,115.0,37.62624530359648,-122.40352407709956,San Mateo County,Unincorporated,94066,CEC,
San Joaquin 1A,PG&E,pge,SUBSTATION,310419.0,60.0,37.158813310923954,-119.49446082423948,Madera County,Unincorporated,93643,CEC,
San Lorenzo,PG&E,pge,SUBSTATION,300818.0,60.0,37.68021007110539,-122.12625635713135,Alameda County,Unincorporated,94580,CEC,
San Luis,PG&E,pge,SUBSTATION,305921.0,230.0,37.06666668816659,-121.07545277410044,Merced County,Unincorporated,93635,CEC,
San Luis 3,PG&E,pge,SUBSTATION,307723.0,230.0,36.862073444276895,-120.77728656533732,Merced County,Unincorporated,93622,CEC,
San Luis 5,PG&E,pge,SUBSTATION,306746.0,,36.78002057787478,-120.72974401420127,Fresno County,Unincorporated,93622,CEC,
Sand Bar,PG&E,pge,SUBSTATION,300109.0,115.0,38.186125561643735,-120.15000199836854,Tuolumne County,Unincorporated,95335,CEC,
Santa Maria Cogen,PG&E,pge,SUBSTATION,308379.0,,34.94478983212465,-120.45777417291836,Santa Barbara County,Santa Maria,93458,CEC,
Santa Rosa B,PG&E,pge,,,,38.44026157785383,-122.70900679710958,Sonoma County,Santa Rosa,95404,CEC,
Santa Ynez Switch,PG&E,pge,SUBSTATION,304838.0,115.0,34.64795679031357,-120.1848072517467,Santa Barbara County,Unincorporated,93427,CEC,
Sausalito Meter,PG&E,pge,SUBSTATION,306024.0,,37.83984214869384,-122.47858416640244,Marin County,Unincorporated,94965,CEC,
Seacliff,PG&E,pge,SUBSTATION,308275.0,60.0,36.98428364209861,-121.91541655936638,Santa Cruz County,Unincorporated,95003,CEC,
Senter,PG&E,pge,,,115.0,37.30049547762674,-121.84474997624127,Santa Clara County,San Jose,95111,CEC,
Sharon,PG&E,pge,SUBSTATION,300642.0,115.0,37.09782627977079,-120.15718387640584,Madera County,Chowchilla,93610,CEC,
Shell Chemical,PG&E,pge,SUBSTATION,306606.0,,38.030833992616856,-121.94602199348677,Contra Costa County,Unincorporated,94565,CEC,
Shiloh II,PG&E,pge,SUBSTATION,300352.0,500.0,38.171320140980406,-121.8464210080862,Solano County,Unincorporated,94571,CEC,15X
Shiloh III,PG&E,pge,,,230.0,38.16952264476485,-121.846916112212,Solano County,Unincorporated,94571,CEC,15X
Shredder,PG&E,pge,SUBSTATION,307611.0,115.0,37.51141770427968,-122.20758081766444,San Mateo County,Redwood City,94063,CEC,
Sierra,PG&E,pge,SUBSTATION,306842.0,115.0,35.515758891424355,-119.04060295449294,Kern County,Unincorporated,93308,CEC,
Signetics,PG&E,pge,SUBSTATION,303084.0,115.0,37.38493422024482,-122.01297825893649,Santa Clara County,Sunnyvale,94085,CEC,
Skaggs Island,PG&E,pge,SUBSTATION,308472.0,115.0,38.1613610947696,-122.38101854538714,Sonoma County,Unincorporated,95476,CEC,
Sly Creek,PG&E,pge,SUBSTATION,301510.0,115.0,39.580401651569936,-121.1196963680714,Butte County,Unincorporated,95941,CEC,
Socrates 18,PG&E,pge,SUBSTATION,308455.0,230.0,38.76859088758865,-122.74829118763498,Sonoma County,Unincorporated,95441,CEC,
Sonoma 3,PG&E,pge,SUBSTATION,310210.0,230.0,38.79008048113569,-122.75682000346043,Sonoma County,Unincorporated,95441,CEC,
Sonora Mining,PG&E,pge,,,,37.96718047107743,-120.38640751228633,Tuolumne County,Sonora,95370,CEC,
South Bay 1,PG&E,pge,SUBSTATION,310124.0,,37.77848161015776,-121.62595134314,Alameda County,Unincorporated,94514,CEC,
South Bay 2,PG&E,pge,SUBSTATION,307226.0,,37.77697496906707,-121.62532386832268,Alameda County,Unincorporated,94514,CEC,
South Belridge Cogen,PG&E,pge,SUBSTATION,306083.0,115.0,35.44866380334264,-119.7339932444599,Kern County,Unincorporated,93251,CEC,
Sri,PG&E,pge,SUBSTATION,308777.0,60.0,37.45537671251861,-122.17828672892516,San Mateo County,Menlo Park,94025,CEC,
Stauffer,PG&E,pge,,,,38.03229043595164,-122.11999248931232,Contra Costa County,Martinez,94553,CEC,
Stockton Cogen,PG&E,pge,SUBSTATION,301985.0,60.0,37.9125559768013,-121.26337159943589,San Joaquin County,Stockton,95206,CEC,
Stony Gorge,PG&E,pge,SUBSTATION,310479.0,,39.587043025553136,-122.53315696653576,Glenn County,Unincorporated,95939,CEC,
Stroud Switching Station,PG&E,pge,SUBSTATION,309046.0,60.0,36.53156657156764,-120.17045479075252,Fresno County,Unincorporated,93660,CEC,
Sulphur Springs,PG&E,pge,SUBSTATION,300152.0,230.0,38.78671169338545,-122.78203219421708,Sonoma County,Unincorporated,95441,CEC,
Sunrise Power,PG&E,pge,SUBSTATION,309622.0,115.0,35.210333339352324,-119.58264443348602,Kern County,Unincorporated,93224,CEC,
Sutter Power,PG&E,pge,SUBSTATION,304115.0,,39.05250879544234,-121.69190423802937,Sutter County,Unincorporated,95993,CEC,
Sysquoc,PG&E,pge,SUBSTATION,306607.0,70.0,35.3198257331365,-119.66232478995532,Kern County,Unincorporated,93251,CEC,
TRACY DEFENSE DEPOT,PG&E,pge,SUBSTATION,301199.0,,37.72172800700287,-121.39194800812216,San Joaquin County,Unincorporated,95304,CEC,
Table Mt.,PG&E,pge,SUBSTATION,300007.0,500.0,39.55528056360781,-121.64478736387608,Butte County,Unincorporated,95965,CEC,66
Technical Ecological Services,PG&E,pge,SUBSTATION,302072.0,230.0,37.78212147519469,-121.96768080127508,Contra Costa County,Danville,94583,CEC,
Tecuya,PG&E,pge,SUBSTATION,305592.0,70.0,35.01965139017872,-118.97963838659624,Kern County,Unincorporated,93313,CEC,
Tesla,PG&E,pge,SUBSTATION,305530.0,500.0,37.71239639315276,-121.56485786768286,Alameda County,Unincorporated,95377,CEC,15X
Texaco,PG&E,pge,SUBSTATION,306341.0,,35.95856111715653,-120.86357779412668,Monterey County,Unincorporated,93450,CEC,
Thermal Energy,PG&E,pge,SUBSTATION,310448.0,115.0,37.72005265740157,-121.48842859533217,San Joaquin County,Unincorporated,95377,CEC,
Thermalito,PG&E,pge,SUBSTATION,302245.0,,39.51409170250548,-121.63247047599424,Butte County,Unincorporated,95965,CEC,
Tiger Creek,PG&E,pge,SUBSTATION,306652.0,230.0,38.449175243866094,-120.49227690773776,Amador County,Unincorporated,95666,CEC,H11
Tocaloma,PG&E,pge,SUBSTATION,303383.0,60.0,38.05486443157044,-122.75986310219042,Marin County,Unincorporated,94946,CEC,
Trans Bay Cable,PG&E,pge,,,,38.0186169128807,-121.85087174624896,Contra Costa County,Pittsburg,94509,CEC,
Trinity,PG&E,pge,SUBSTATION,302403.0,115.0,40.71803009961374,-122.9344308734431,Trinity County,Unincorporated,96093,CEC,
Tulloch,PG&E,pge,SUBSTATION,310532.0,115.0,37.876673141863705,-120.6055921445229,Calaveras County,Unincorporated,95228,CEC,H2
US Wind Power,PG&E,pge,SUBSTATION,304473.0,230.0,37.79142631116007,-121.72777392662525,Contra Costa County,Unincorporated,94514,CEC,
Ultra Power,PG&E,pge,SUBSTATION,308230.0,60.0,40.877934364674815,-123.99463325830364,Humboldt County,Blue Lake,95521,CEC,
Unocal,PG&E,pge,SUBSTATION,308410.0,,38.05340781048908,-122.2345321861037,Contra Costa County,Unincorporated,94525,CEC,
Urich,PG&E,pge,SUBSTATION,308825.0,60.0,38.02895500449173,-122.10310098878207,Contra Costa County,Martinez,94553,CEC,
Vallecitos,PG&E,pge,SUBSTATION,300606.0,,37.60924398719841,-121.84267101730838,Alameda County,Unincorporated,94586,CEC,
Valley Springs,PG&E,pge,SUBSTATION,303253.0,,38.21658505767753,-120.76401047642304,Calaveras County,Unincorporated,95252,CEC,
Valpredo,PG&E,pge,SUBSTATION,309576.0,70.0,35.06401415861526,-119.06182678719854,Kern County,Unincorporated,93313,CEC,
Wasco Prison,PG&E,pge,SUBSTATION,307829.0,115.0,35.6009110506618,-119.4030330094133,Kern County,Wasco,93280,CEC,
Waukena,PG&E,pge,SUBSTATION,309872.0,115.0,36.13838950645197,-119.57721400910224,Kings County,Unincorporated,93230,CEC,
Welport,PG&E,pge,SUBSTATION,302212.0,,35.363481802893084,-119.67550066129364,Kern County,Unincorporated,93251,CEC,
West Ford Flat,PG&E,pge,SUBSTATION,301699.0,230.0,38.78781193979954,-122.72240796958096,Lake County,Unincorporated,95461,CEC,
Westlands,PG&E,pge,SUBSTATION,302217.0,60.0,36.63241753832259,-120.3423122049865,Fresno County,Unincorporated,93668,CEC,
Westside,PG&E,pge,SUBSTATION,302024.0,,37.77683380416322,-121.51762692980812,San Joaquin County,Unincorporated,95304,CEC,
Wind Driven,PG&E,pge,SUBSTATION,301013.0,230.0,37.82124149972409,-121.6609369008515,Contra Costa County,Unincorporated,94514,CEC,
Wintun,PG&E,pge,SUBSTATION,304587.0,60.0,40.5927846816981,-122.36965607440932,Shasta County,Redding,96003,CEC,
Wise,PG&E,pge,SUBSTATION,310078.0,115.0,38.88992635835282,-121.09849583458151,Placer County,Unincorporated,95603,CEC,
Witco,PG&E,pge,SUBSTATION,308807.0,115.0,35.4279569332626,-118.9775055916842,Kern County,Unincorporated,93308,CEC,
Wohler,PG&E,pge,SUBSTATION,302182.0,60.0,38.510539298983645,-122.88107929999504,Sonoma County,Unincorporated,95448,CEC,
Wolfsen Bypass,PG&E,pge,,,115.0,37.09830305123195,-121.0474555478944,Merced County,Unincorporated,95322,CEC,
Woodchuck,PG&E,pge,SUBSTATION,301832.0,,37.00856775260191,-118.98157803897551,Fresno County,Unincorporated,93664,CEC,
Yuba City Station A,PG&E,pge,SUBSTATION,310481.0,60.0,39.13913085687318,-121.63834832423711,Sutter County,Yuba City,95993,CEC,
Yuba City Station B,PG&E,pge,SUBSTATION,307750.0,,39.13843471068189,-121.63850175594216,Sutter County,Yuba City,95993,CEC,
Yuba Gold Fields,PG&E,pge,SUBSTATION,305597.0,60.0,39.20323452757973,-121.41500221303806,Yuba County,Unincorporated,95901,CEC,
Zond Wind,PG&E,pge,SUBSTATION,305011.0,60.0,37.743100065318885,-121.65871992899972,Alameda County,Unincorporated,94550,CEC,
