substation_name,substation_id,division,voltage_kv,num_banks,ungrounded_banks,existing_dg_kw,queued_dg_kw,total_dg_kw,redacted,longitude,latitude
CONCORD NO 1,1296,Diablo,4.16,2.0,,2541,2756,5297,No,-122.02429744721525,37.97581268089191
SAN JOSE B,8226,San Jose,12.0,4.0,,7221,9305,16526,No,-121.901895980367,37.34102949703376
POTTER VALLEY PH,4228,Humboldt,12.0,3.0,,540,90,630,No,-123.12811806063024,39.36111012453688
TAFT,25208,Kern,12.0,2.0,,2363,7876,10239,No,-119.48227773692136,35.13623071502375
TRES PINOS,18322,Central Coast,12.0,1.0,,1079,1275,2354,No,-121.3195803556968,36.78439384314798
SAN JOSE A,8225,San Jose,4.16,4.0,,1335,1397,2732,No,-121.90253619243413,37.328168501922605
PETALUMA C,4263,Sonoma,12.0,4.0,"2,3,4",3946,4749,8695,No,-122.63676111116996,38.23949974182017
ECHO SUMMIT,15803,Sierra,12.0,1.0,,6,6,12,Yes,-120.0284989889445,38.82437656201053
IONE,16388,Stockton,12.0,1.0,1,6740,6903,13643,No,-120.9571666049228,38.37370944252769
OILFIELDS,18239,Central Coast,12.0,2.0,,10410,18053,28463,No,-120.85149439691293,35.956083731993004
EUREKA E,19233,Humboldt,12.0,1.0,,2017,2269,4286,No,-124.17955004886942,40.793699357832445
WESTPARK,25370,Kern,12.0,3.0,,3828,4004,7832,No,-119.04033986202364,35.37405023329696
NEWARK 12KV,1222,Mission,12.0,4.0,,1125,1936,3061,No,-121.98896346778255,37.50151207995332
SF A (POTRERO),2203,San Francisco,12.0,3.0,,692,1352,2044,No,-122.38631343999468,37.75597723579284
BUCKS CREEK,10221,North Valley,12.0,1.0,,3,3,6,No,-121.32682793665592,39.91160243296182
NEWARK 21KV,1223,Mission,21.0,,,13403,32959,46362,No,-121.98163324660962,37.50289932556285
DAVIS,6204,Sacramento,12.0,3.0,,50656,55428,106084,No,-121.7337412213476,38.54537389882344
RESEARCH,1469,Diablo,21.0,1.0,,8800,9393,18193,No,-121.96730288036213,37.7823591848183
POSO MOUNTAIN,25364,Kern,21.0,2.0,,5,5,10,Yes,-118.95782903329666,35.559202917522015
VOLTA,10254,North Valley,12.0,1.0,2,2196,5520,7716,No,-121.8677559059613,40.45943689773459
FIGARDEN,25455,Fresno,21.0,3.0,,5108,6124,11232,No,-119.85912186746845,36.82143004382485
MAPLE,1352,East Bay,4.16,1.0,,424,492,916,No,-122.2057538023828,37.79719717055544
COALINGA NO 2,25238,Fresno,12.0,1.0,,141,10861,11002,No,-120.31459024852086,36.237727890424445
EL CERRITO G,1250,East Bay,12.0,3.0,,10493,11037,21530,No,-122.30263855024612,37.91642199870226
SF H (MARTIN),2210,Peninsula,12.0,8.0,,3023,4966,7989,No,-122.40919513249818,37.70424294017619
MOUNTAIN VIEW,8203,De Anza,12.0,3.0,,1022,1022,2044,No,-122.06962750222034,37.38264012657535
STOCKTON A,16237,Stockton,12.0,5.0,,9780,10474,20254,No,-121.28897066909988,37.94731136404815
LAS GALLINAS A,4299,Sonoma,12.0,3.0,,14532,16055,30587,No,-122.53813147487423,38.02256741456931
VACA DIXON,6359,North Bay,12.0,3.0,,42195,54037,96232,No,-121.920052746684,38.39965913851507
MOUNTAIN QUARRIES,15228,Sierra,21.0,1.0,1,11362,12095,23457,No,-121.01899061136776,38.91439251858
DRUM,15232,Sierra,12.0,1.0,,85,85,170,No,-120.76688167651604,39.25637292962176
COALINGA NO 1,25216,Fresno,12.0,2.0,,8028,8956,16984,No,-120.34415486251105,36.13620074047216
MADERA,25276,Yosemite,12.0,3.0,,13231,15383,28614,No,-120.05507066657292,36.92328166223725
NORTH DUBLIN,1405,Mission,21.0,1.0,,10976,12004,22980,No,-121.85769752164674,37.74483921993783
HOLLYWOOD,1317,East Bay,4.16,1.0,,1716,1915,3631,No,-122.2188198016409,37.81262335848576
FORT BRAGG A,4276,Humboldt,12.0,2.0,,2175,2753,4928,No,-123.79944585942631,39.4353215496146
WILLITS,4266,Humboldt,12.0,2.0,,4332,6014,10346,Yes,-123.32695422926648,39.40550748378168
LOCKHEED NO 2,8300,De Anza,12.0,2.0,,548,1269,1817,Yes,-122.03185703639838,37.41633412032817
JARVIS,1350,Mission,12.0,3.0,,20124,21391,41515,No,-122.01754403270029,37.59533398503197
LOCKHEED NO 1,8299,De Anza,12.0,2.0,,261,261,522,No,-122.03110865958986,37.4097706587578
LODI,16211,Stockton,12.0,2.0,,9038,9922,18960,No,-121.26217434307496,38.137240812553664
HALF MOON BAY,2410,Peninsula,12.0,3.0,"1,2",7084,8013,15097,No,-122.4294538339823,37.46904870806549
HUMBOLDT BAY PP,19234,Humboldt,12.0,1.0,,446,3550,3996,No,-124.20905652543362,40.74070324565622
KEARNEY,25270,Fresno,12.0,2.0,,2751,2884,5635,No,-119.88009059611775,36.706696128628494
PETALUMA A,4212,Sonoma,4.16,1.0,,272,288,560,No,-122.63657806577606,38.23437308284748
ROUGH AND READY ISLA,16308,Stockton,12.0,1.0,1,3200,2190,5390,No,-121.3463583310698,37.94947516937854
DINUBA,25409,Fresno,12.0,2.0,,4648,5474,10122,No,-119.3938871560341,36.520228463825966
POTTER VALLEY P H,4228,Humboldt,12.0,3.0,,540,90,630,No,-123.12811806063024,39.36111012453688
MERIDIAN,6254,Sacramento,12.0,1.0,1,2520,6340,8860,Yes,-121.91109944135476,39.14481683871717
ANITA,10284,North Valley,12.0,2.0,"1,2",11367,17505,28872,No,-121.91991335854588,39.81086776157862
SF X (MISSION),2201,San Francisco,12.0,2.0,,4231,4387,8618,No,-122.41435930467767,37.77752693688508
SMARTVILLE,15379,Sacramento,12.0,1.0,,550,220,770,No,-121.30260526619712,39.20859431679137
SANTA TERESA,8296,San Jose,21.0,,,4411,5189,9600,No,-121.79054338190755,37.238496970450434
OCEAN,2258,San Francisco,4.16,2.0,,1150,130,1280,No,-122.45488992150584,37.72329584444796
SF J,2222,San Francisco,4.16,2.0,,18440,30,18470,Yes,-122.40203090580668,37.794094641981566
TARAVAL,2250,San Francisco,4.16,3.0,,670,50,720,Yes,-122.49319808254324,37.74199971120542
BEN LOMOND,8304,Central Coast,12.0,2.0,,2216,2376,4592,No,-122.09644564945188,37.09229030534265
CASTRO,2248,San Francisco,4.16,2.0,,1050,80,1130,No,-122.43417816629568,37.74941830614643
NORIEGA,2251,San Francisco,4.16,2.0,,280,10,290,No,-122.50475444624009,37.752473274537806
ALPINE,16356,Stockton,12.0,1.0,,55,55,110,Yes,-120.0381940068952,38.46682532572175
ESTUDILLO,1348,Mission,4.16,1.0,,690,774,1464,No,-122.1388744667424,37.72712154609791
SF L,2226,San Francisco,4.16,2.0,,8140,240,8380,Yes,-122.4711019490942,37.73037503356227
SF N,2228,San Francisco,12.0,5.0,,2430,210,2640,Yes,-122.4664254717227,37.76138387988553
21ST AVENUE,2255,San Francisco,4.16,3.0,,970,70,1040,No,-122.47806162171672,37.75449989411368
WOOD,1338,East Bay,4.16,1.0,,2339,2423,4762,No,-122.21614490767148,37.8264060148404
FELTON,8314,Central Coast,4.16,1.0,,0,0,0,Yes,-122.0644545612008,37.04909053509473
EMBARCADERO (Z),2287,San Francisco,12.0,1.0,,8760,310,9070,Yes,-122.39363802548571,37.787578098008446
SF M,2227,San Francisco,4.16,3.0,,3420,220,3640,No,-122.43054770849852,37.733508415379255
RAWSON,10353,North Valley,12.0,1.0,,4440,1140,5580,No,-122.2122547593741,40.14506917599813
OAKLAND K,1210,East Bay,12.0,1.0,,14940,1260,16200,Yes,-122.22891804293768,37.847862884381655
WINDSOR,4350,Sonoma,12.0,1.0,,10260,2300,12560,No,-122.83240176689247,38.56592444445207
CALAVERAS CEMENT,16221,Stockton,12.0,1.0,,5150,4550,9700,No,-120.66845206163632,38.17053149409406
6TH AVENUE,2253,San Francisco,4.16,3.0,,270,20,290,No,-122.4647973814628,37.78165946851242
KANAKA,10322,North Valley,12.0,1.0,1,140,20,160,No,-121.30575066528326,39.57508683288682
FITCH MOUNTAIN,4275,Sonoma,12.0,2.0,"1,2",6963,8864,15827,No,-122.85303132509898,38.606826614556056
EL DORADO PH,15276,Sierra,21.0,1.0,,2385,2712,5097,No,-120.61933508570162,38.79358310217803
RUSSELL,1331,East Bay,4.16,1.0,,634,657,1291,No,-122.27989615948655,37.85452448999599
WHITNEY,1324,Diablo,4.16,1.0,,90,90,180,No,-121.88567049158526,38.02255800796905
KERCKHOFF,25256,Fresno,12.0,1.0,,204,204,408,No,-119.55301276394894,37.09207364074768
18TH STREET,2239,San Francisco,4.16,1.0,,370,20,390,No,-122.4388699445812,37.76111429249559
CHOLAME,18256,Los Padres,12.0,2.0,2,825,12530,13355,No,-120.33615099258384,35.68629650117082
PIT NO 5,10132,North Valley,12.0,1.0,,2057,2062,4119,Yes,-121.97630522163178,40.98670271889426
MIWUK,16366,Yosemite,17.0,1.0,1,4190,350,4540,No,-120.2170845064534,38.05297067526115
PIT NO 3,10373,North Valley,21.0,1.0,,38,38,76,Yes,-121.7472863637594,40.99802297914013
MARINA (F),2278,San Francisco,4.16,3.0,,1210,80,1290,Yes,-122.43292366391157,37.80378471822409
NEW HOPE,16208,Stockton,12.0,1.0,1,860,2514,3374,No,-121.47310289510555,38.226101912543534
FAIRMOUNT,1265,East Bay,4.16,2.0,,923,1038,1961,No,-122.29689529328267,37.90189965591967
CASSERLY,8311,Central Coast,4.16,1.0,,336,355,691,No,-121.7670741950634,36.96982661403625
WISHON,25151,Yosemite,12.0,1.0,,0,0,0,Yes,-119.50518495210504,37.15077516130075
PORTOLA,2261,San Francisco,4.16,2.0,,1380,120,1500,Yes,-122.45297067958056,37.74525528678235
PIT NO 7,10350,North Valley,12.0,1.0,,0,0,0,Yes,-121.9908102636006,40.84883693227003
SHEPHERD,25206,Fresno,21.0,1.0,,12177,13042,25219,No,-119.69451127750511,36.87266718173742
CHICO C,10265,North Valley,4.16,1.0,,410,20,430,No,-121.83856008023211,39.74305713932799
SF K,2213,San Francisco,4.16,5.0,,2620,4610,7230,Yes,-122.4838239209022,37.77662104706635
CRESCENT MILLS,10313,North Valley,21.0,1.0,,0,0,0,No,-120.91070330230104,40.093925518711536
LARKIN (Y),2280,San Francisco,12.0,6.0,,15080,1070,16150,Yes,-122.41709996298523,37.78386895744195
PIT NO 1,10372,North Valley,12.0,1.0,,2230,690,2920,No,-121.49747687310516,40.990515571941216
TULE POWER HOUSE,25859,Fresno,12.0,1.0,,0,0,0,No,-118.7060628045967,36.16309619762456
PLYMOUTH,2268,San Francisco,4.16,1.0,,600,110,710,No,-122.45577702187045,37.71258459729903
ACTON,2247,San Francisco,4.16,2.0,,580,10,590,No,-122.45185131815214,37.70866425535986
SAN BENITO,18274,Central Coast,21.0,1.0,,2676,3041,5717,No,-121.54942913233612,36.86860625244168
SULLIVAN,2285,Peninsula,4.16,1.0,,210,90,300,No,-122.4717637101012,37.68724547633245
WALL,1374,East Bay,4.16,1.0,,965,1047,2012,No,-122.31817641662892,37.92740629292976
RANDOLPH,2259,San Francisco,4.16,3.0,,263,282,545,No,-122.46933508414892,37.7145484958375
CRESTA PH,10225,North Valley,12.0,,,990,990,1980,Yes,-121.4096899580418,39.82649357391756
YOSEMITE,2249,San Francisco,4.16,3.0,,590,20,610,No,-122.39705250965748,37.72932287844001
BEACH (Q),2234,San Francisco,4.16,1.0,,100,0,100,No,-122.41439367858108,37.80767668920345
SILVER,2267,San Francisco,4.16,1.0,,340,20,360,No,-122.41440058169415,37.7292092119054
8TH AVENUE,1267,East Bay,4.16,1.0,,375,378,753,No,-122.24202081133105,37.80064538752543
SPAULDING,15225,Sierra,12.0,1.0,,10,10,20,No,-120.643761373542,39.32583317195124
BERKELEY T,1266,East Bay,4.16,2.0,,520,50,570,No,-122.25905444052576,37.86457393824122
BECK STREET,1264,East Bay,4.16,1.0,,60,60,120,No,-122.17570399534448,37.76624214689912
JUDAH,2240,San Francisco,4.16,2.0,,690,50,740,No,-122.493499260624,37.76070385654141
WESTLAKE,2260,Peninsula,4.16,2.0,,361,384,745,No,-122.48018281387162,37.69887646243163
SF E,2207,San Francisco,12.0,3.0,,5170,690,5860,No,-122.42031135616251,37.75998246201988
SF G,2209,San Francisco,4.16,3.0,,1460,330,1790,Yes,-122.44062610314488,37.78179800978079
CALFLAX,25344,Fresno,12.0,1.0,,2065,2065,4130,No,-120.12208024379596,36.28387686148028
PINECREST,16316,Yosemite,4.16,1.0,,0,0,0,No,-119.99379985135106,38.187947321566135
MC CALL,25412,Fresno,12.0,2.0,,7264,8124,15388,No,-119.63836125979108,36.6103052673948
STANISLAUS,16282,Yosemite,17.0,1.0,2,1304,1549,2853,No,-120.36971689458166,38.14006225541333
BALCH NO 1,25250,Fresno,12.0,1.0,,0,0,0,No,-119.08622824128604,36.90832240674941
CAL WATER,25545,Kern,12.0,1.0,,12833,13344,26177,No,-118.90059842079376,35.42222837471225
EUREKA A,19212,Humboldt,12.0,1.0,,887,1073,1960,No,-124.18290357012602,40.79388382264845
BABEL,1385,Diablo,4.16,1.0,,844,874,1718,No,-122.00737229942786,37.96340949870682
AVENAL,25500,Fresno,21.0,1.0,,8337,10060,18397,No,-120.1169296096175,35.978183285259895
7TH STANDARD,25458,Kern,12.0,2.0,,11930,12698,24628,No,-119.13116637687604,35.43969344317223
TAR FLAT,16324,Yosemite,4.16,1.0,,587,651,1238,No,-120.37980694800358,37.98475497824085
SAN JOAQUIN #3,25253,Yosemite,12.0,1.0,,279,317,596,No,-119.51929522608286,37.25390411510671
ELECTRA,16216,Stockton,12.0,1.0,1,1444,1811,3255,No,-120.67246808322844,38.33116093177938
SF P (HUNTERS POINT),2233,San Francisco,12.0,2.0,,632,667,1299,Yes,-122.37748705304148,37.737055022315424
