loads_name,sub_id,loads_lat,loads_lon,loads_norm,attrs_name,attrs_lat,attrs_lon,attrs_norm,loads_in_basin,attrs_in_basin,names_agree,loads_attrs_dist_km
ALMADEN,8231,37.26010442296057,-121.8898329799593,almaden,ALMADEN,37.26010442296057,-121.8898329799593,almaden,True,True,True,0.0
HOPLAND,4225,38.97287952085421,-123.08117071435976,hopland,HOPLAND,38.97287952085421,-123.08117071435976,hopland,True,True,True,0.0
KEARNEY,25270,36.706696128628494,-119.88009059611775,kearney,KEARNEY,36.706696128628494,-119.88009059611775,kearney,False,False,True,0.0
STAGG,16242,37.99168060969362,-121.34788419136744,stagg,STAGG,37.99168060969362,-121.34788419136744,stagg,True,True,True,0.0
BURNEY,10331,40.888215757543065,-121.6708403712964,burney,BURNEY,40.888215757543065,-121.6708403712964,burney,True,True,True,0.0
PANORAMA,10346,40.43443262495934,-122.26746683270112,panorama,PANORAMA,40.43443262495934,-122.26746683270112,panorama,True,True,True,0.0
HAMILTON A,10212,39.74626480299121,-122.01146489920175,hamilton a,HAMILTON A,39.74626480299121,-122.01146489920175,hamilton a,True,True,True,0.0
BROOKSIDE,1321,37.96197173061187,-122.34740011271514,brookside,BROOKSIDE,37.96197173061187,-122.34740011271514,brookside,True,True,True,0.0
STROUD,25366,36.53114916455339,-120.10431099777811,stroud,STROUD,36.53114916455339,-120.10431099777811,stroud,True,True,True,0.0
TEMBLOR,25255,35.383198949735814,-119.6964252470037,temblor,TEMBLOR,35.383198949735814,-119.6964252470037,temblor,True,True,True,0.0
DUMBARTON,1447,37.55713232904114,-122.05834145293557,dumbarton,DUMBARTON,37.55713232904114,-122.05834145293557,dumbarton,True,True,True,0.0
SCHINDLER,25289,36.401932506462806,-120.13844397559691,schindler,SCHINDLER,36.401932506462806,-120.13844397559691,schindler,True,True,True,0.0
WILKINS SLOUGH,6277,39.0064697514912,-121.86729753227635,wilkins slough,WILKINS SLOUGH,39.0064697514912,-121.86729753227635,wilkins slough,True,True,True,0.0
SANTA YNEZ,18272,34.62552143506068,-120.11931589174262,santa ynez,SANTA YNEZ,34.62552143506068,-120.11931589174262,santa ynez,True,True,True,0.0
FAMOSO,25246,35.60547527167606,-119.20318663401906,famoso,FAMOSO,35.60547527167606,-119.20318663401906,famoso,True,True,True,0.0
FAIRVIEW,1343,38.01590927413491,-122.11629244561098,fairview,FAIRVIEW,38.01590927413491,-122.11629244561098,fairview,True,True,True,0.0
WATERLOO,16315,38.05131599877336,-121.20945809220316,waterloo,WATERLOO,38.05131599877336,-121.20945809220316,waterloo,True,True,True,0.0
SILVERADO,4343,38.49997654207099,-122.45894388782744,silverado,SILVERADO,38.49997654207099,-122.45894388782744,silverado,True,True,True,0.0
STOCKTON A,16237,37.94731136404815,-121.28897066909988,stockton a,STOCKTON A,37.94731136404815,-121.28897066909988,stockton a,False,False,True,0.0
AVENA,16357,37.84274975923836,-121.05412253622625,avena,AVENA,37.84274975923836,-121.05412253622625,avena,True,True,True,0.0
GABILAN,18233,36.73135977881113,-121.61341084063255,gabilan,GABILAN,36.73135977881113,-121.61341084063255,gabilan,True,True,True,0.0
GOOSE LAKE,25420,35.60174548016343,-119.57986582808483,goose lake,GOOSE LAKE,35.60174548016343,-119.57986582808483,goose lake,True,True,True,0.0
CANAL,25209,37.06637138757264,-120.83597188351864,canal,CANAL,37.06637138757264,-120.83597188351864,canal,True,True,True,0.0
CHALLENGE,10320,39.48563129002225,-121.22014874811364,challenge,CHALLENGE,39.48563129002225,-121.22014874811364,challenge,True,True,True,0.0
TERMINOUS,16302,38.11711521592538,-121.42139866543384,terminous,TERMINOUS,38.11711521592538,-121.42139866543384,terminous,True,True,True,0.0
PERRY,18307,35.57121004522495,-121.0559169553722,perry,PERRY,35.57121004522495,-121.0559169553722,perry,True,True,True,0.0
PINEDALE,25285,36.85007067841538,-119.8034557830923,pinedale,PINEDALE,36.85007067841538,-119.8034557830923,pinedale,True,True,True,0.0
JAMESON,6380,38.20543608324877,-122.14796860832556,jameson,JAMESON,38.20543608324877,-122.14796860832556,jameson,True,True,True,0.0
PIT NO 5,10132,40.98670271889426,-121.97630522163178,pit no 5,PIT NO 5,40.98670271889426,-121.97630522163178,pit no 5,False,False,True,0.0
RIO DELL,19225,40.495345252516735,-124.09933588858924,rio dell,RIO DELL,40.495345252516735,-124.09933588858924,rio dell,True,True,True,0.0
KERN OIL,25272,35.44071661874439,-119.02040105128609,kern oil,KERN OIL,35.44071661874439,-119.02040105128609,kern oil,True,True,True,0.0
STILLWATER,10356,40.67760281495655,-122.34983936540058,stillwater,STILLWATER,40.67760281495655,-122.34983936540058,stillwater,True,True,True,0.0
CLAY,16334,38.34223678954548,-120.93502517926262,clay,CLAY,38.34223678954548,-120.93502517926262,clay,True,True,True,0.0
SANTA NELLA,25405,37.08567509415812,-121.01318384348406,santa nella,SANTA NELLA,37.08567509415812,-121.01318384348406,santa nella,True,True,True,0.0
HOLLYWOOD,1317,37.81262335848576,-122.2188198016409,hollywood,HOLLYWOOD,37.81262335848576,-122.2188198016409,hollywood,False,False,True,0.0
VACA DIXON,6359,38.39965913851507,-121.920052746684,vaca dixon,VACA DIXON,38.39965913851507,-121.920052746684,vaca dixon,False,False,True,0.0
NEW HOPE,16208,38.226101912543534,-121.47310289510555,new hope,NEW HOPE,38.226101912543534,-121.47310289510555,new hope,False,False,True,0.0
ZAMORA,6319,38.77465430165772,-121.85821418077823,zamora,ZAMORA,38.77465430165772,-121.85821418077823,zamora,True,True,True,0.0
DEEPWATER,6362,38.55140495900723,-121.55981764661082,deepwater,DEEPWATER,38.55140495900723,-121.55981764661082,deepwater,True,True,True,0.0
WOLFE,8367,37.33477745536544,-122.02082362284114,wolfe,WOLFE,37.33477745536544,-122.02082362284114,wolfe,True,True,True,0.0
WILLITS,4266,39.40550748378168,-123.32695422926648,willits,WILLITS,39.40550748378168,-123.32695422926648,willits,False,False,True,0.0
LOGAN CREEK,10314,39.53921325844442,-122.2628031886025,logan creek,LOGAN CREEK,39.53921325844442,-122.2628031886025,logan creek,True,True,True,0.0
PENRYN,15256,38.84486110184167,-121.16643199707649,penryn,PENRYN,38.84486110184167,-121.16643199707649,penryn,True,True,True,0.0
EAST STOCKTON,16313,37.96312284092296,-121.26093352398566,east stockton,EAST STOCKTON,37.96312284092296,-121.26093352398566,east stockton,True,True,True,0.0
LE GRAND,25536,37.18467134480297,-120.27370723472944,le grand,LE GRAND,37.18467134480297,-120.27370723472944,le grand,True,True,True,0.0
WEBER,16348,37.91977787523238,-121.24063827031146,weber,WEBER,37.91977787523238,-121.24063827031146,weber,True,True,True,0.0
OREGON TRAIL,10352,40.61899130155303,-122.3221442755599,oregon trail,OREGON TRAIL,40.61899130155303,-122.3221442755599,oregon trail,True,True,True,0.0
MC CALL,25412,36.6103052673948,-119.63836125979108,mc call,MC CALL,36.6103052673948,-119.63836125979108,mc call,False,False,True,0.0
BALFOUR,1432,37.926180349016605,-121.67855023269668,balfour,BALFOUR,37.926180349016605,-121.67855023269668,balfour,True,True,True,0.0
MOUNTAIN QUARRIES,15228,38.91439251858,-121.01899061136776,mountain quarries,MOUNTAIN QUARRIES,38.91439251858,-121.01899061136776,mountain quarries,False,False,True,0.0
SANGER,25235,36.70772235449084,-119.61086419533504,sanger,SANGER,36.70772235449084,-119.61086419533504,sanger,True,True,True,0.0
SARANAP,1356,37.8949912204196,-122.07469961303588,saranap,SARANAP,37.8949912204196,-122.07469961303588,saranap,True,True,True,0.0
CALFLAX,25344,36.28387686148028,-120.12208024379596,calflax,CALFLAX,36.28387686148028,-120.12208024379596,calflax,False,False,True,0.0
SUNOL,1424,37.58689135859106,-121.86962721571362,sunol,SUNOL,37.58689135859106,-121.86962721571362,sunol,True,True,True,0.0
TAMARACK,15229,39.31400206641118,-120.49620864570748,tamarack,TAMARACK,39.31400206641118,-120.49620864570748,tamarack,True,True,True,0.0
WALNUT CREEK,1220,37.904820730988014,-122.06085617174196,walnut creek,WALNUT CREEK,37.904820730988014,-122.06085617174196,walnut creek,True,True,True,0.0
ESQUON,10217,39.60772314757492,-121.76822648360046,esquon,ESQUON,39.60772314757492,-121.76822648360046,esquon,True,True,True,0.0
UPPER LAKE,4287,39.14608725571375,-122.91705320074546,upper lake,UPPER LAKE,39.14608725571375,-122.91705320074546,upper lake,True,True,True,0.0
ERTA,8351,36.93065412756231,-121.76425096468428,erta,ERTA,36.93065412756231,-121.76425096468428,erta,True,True,True,0.0
LIVE OAK,15377,39.27647099774993,-121.66045789355064,live oak,LIVE OAK,39.27647099774993,-121.66045789355064,live oak,True,True,True,0.0
CAPAY,10211,39.77653431381928,-122.10355513930796,capay,CAPAY,39.77653431381928,-122.10355513930796,capay,True,True,True,0.0
NORTH DUBLIN,1405,37.74483921993783,-121.85769752164674,north dublin,NORTH DUBLIN,37.74483921993783,-121.85769752164674,north dublin,False,False,True,0.0
ORICK,19226,41.29430712515043,-124.05658700221892,orick,ORICK,41.29430712515043,-124.05658700221892,orick,True,True,True,0.0
REDBUD,4319,39.027411633952696,-122.66266510947312,redbud,REDBUD,39.027411633952696,-122.66266510947312,redbud,True,True,True,0.0
CLOVERDALE,4282,38.79708983960812,-123.01056995209038,cloverdale,CLOVERDALE,38.79708983960812,-123.01056995209038,cloverdale,True,True,True,0.0
DRUM,15232,39.25637292962176,-120.76688167651604,drum,DRUM,39.25637292962176,-120.76688167651604,drum,False,False,True,0.0
MARTELL,16301,38.36883661631688,-120.79647096943472,martell,MARTELL,38.36883661631688,-120.79647096943472,martell,True,True,True,0.0
CRESSEY,25470,37.42859913669553,-120.6384473846346,cressey,CRESSEY,37.42859913669553,-120.6384473846346,cressey,True,True,True,0.0
HENRIETTA,25268,36.24184869376041,-119.90482761916222,henrietta,HENRIETTA,36.24184869376041,-119.90482761916222,henrietta,True,True,True,0.0
WATSONVILLE,8333,36.90322145782284,-121.75635320535145,watsonville,WATSONVILLE,36.90322145782284,-121.75635320535145,watsonville,True,True,True,0.0
GUERNSEY,25266,36.22643077790519,-119.65578907910825,guernsey,GUERNSEY,36.22643077790519,-119.65578907910825,guernsey,True,True,True,0.0
MAPLE,1352,37.79719717055544,-122.2057538023828,maple,MAPLE,37.79719717055544,-122.2057538023828,maple,False,False,True,0.0
EDES,1368,37.738958386689234,-122.19406786917396,edes,EDES,37.738958386689234,-122.19406786917396,edes,True,True,True,0.0
MESA,18282,35.0078834935596,-120.45376497641756,mesa,MESA,35.0078834935596,-120.45376497641756,mesa,True,True,True,0.0
WESTLEY,16267,37.57919043551431,-121.20566160950838,westley,WESTLEY,37.57919043551431,-121.20566160950838,westley,True,True,True,0.0
ANTELOPE,25202,35.657909182784095,-119.99680487400924,antelope,ANTELOPE,35.657909182784095,-119.99680487400924,antelope,True,True,True,0.0
SF A (POTRERO),2203,37.75597723579284,-122.38631343999468,sf a potrero,SF A (POTRERO),37.75597723579284,-122.38631343999468,sf a potrero,False,False,True,0.0
GUALALA,4284,38.78608834746834,-123.52264215716971,gualala,GUALALA,38.78608834746834,-123.52264215716971,gualala,True,True,True,0.0
PANAMA,25342,35.29554130507497,-119.02181642397912,panama,PANAMA,35.29554130507497,-119.02181642397912,panama,True,True,True,0.0
JESSUP,10344,40.46170457696071,-122.32775472405966,jessup,JESSUP,40.46170457696071,-122.32775472405966,jessup,True,True,True,0.0
KONOCTI,4331,38.932601383485405,-122.74098053352844,konocti,KONOCTI,38.932601383485405,-122.74098053352844,konocti,True,True,True,0.0
RED BLUFF,10354,40.1824640348198,-122.244707344526,red bluff,RED BLUFF,40.1824640348198,-122.244707344526,red bluff,True,True,True,0.0
ALPINE,16356,38.46682532572175,-120.0381940068952,alpine,ALPINE,38.46682532572175,-120.0381940068952,alpine,False,False,True,0.0
BORONDA,18246,36.690641286171,-121.67942490459326,boronda,BORONDA,36.690641286171,-121.67942490459326,boronda,True,True,True,0.0
EL NIDO,25245,37.12088972778191,-120.47290782246549,el nido,EL NIDO,37.12088972778191,-120.47290782246549,el nido,True,True,True,0.0
TIDEWATER,1465,38.02052295487403,-122.06207554043746,tidewater,TIDEWATER,38.02052295487403,-122.06207554043746,tidewater,True,True,True,0.0
PRUNEDALE,18296,36.7848917695957,-121.6710561826014,prunedale,PRUNEDALE,36.7848917695957,-121.6710561826014,prunedale,True,True,True,0.0
DAYTON ROAD,10294,39.72016631724905,-121.83969083882324,dayton road,DAYTON ROAD,39.72016631724905,-121.83969083882324,dayton road,True,True,True,0.0
ALHAMBRA,1410,37.99408242188111,-122.13034397164172,alhambra,ALHAMBRA,37.99408242188111,-122.13034397164172,alhambra,True,True,True,0.0
BRIDGEVILLE,19246,40.47973690196123,-123.78042714948089,bridgeville,BRIDGEVILLE,40.47973690196123,-123.78042714948089,bridgeville,True,True,True,0.0
POINT PINOLE,1426,37.995974173346816,-122.34791448274218,point pinole,POINT PINOLE,37.995974173346816,-122.34791448274218,point pinole,True,True,True,0.0
GATES,25393,36.13875751303389,-120.1233876281544,gates,GATES,36.13875751303389,-120.1233876281544,gates,True,True,True,0.0
FELLOWS,25424,35.19473434349657,-119.58611007274465,fellows,FELLOWS,35.19473434349657,-119.58611007274465,fellows,True,True,True,0.0
PITTSBURG,1216,38.03070653596985,-121.8692592247712,pittsburg,PITTSBURG,38.03070653596985,-121.8692592247712,pittsburg,True,True,True,0.0
GIFFEN,25315,36.54577475933991,-120.33539282422548,giffen,GIFFEN,36.54577475933991,-120.33539282422548,giffen,True,True,True,0.0
BAKERSFIELD,25337,35.38858633344532,-119.00445108128255,bakersfield,BAKERSFIELD,35.38858633344532,-119.00445108128255,bakersfield,True,True,True,0.0
GRAND ISLAND,6246,38.23143431844358,-121.59064447220264,grand island,GRAND ISLAND,38.23143431844358,-121.59064447220264,grand island,True,True,True,0.0
CLARKSVILLE,15361,38.6556481194856,-121.05997890956418,clarksville,CLARKSVILLE,38.6556481194856,-121.05997890956418,clarksville,True,True,True,0.0
CHANNEL,16307,37.95540129864133,-121.33245614324008,channel,CHANNEL,37.95540129864133,-121.33245614324008,channel,True,True,True,0.0
SAN RAMON,1423,37.74487564264759,-121.93673033346126,san ramon,SAN RAMON,37.74487564264759,-121.93673033346126,san ramon,True,True,True,0.0
TAR FLAT,16324,37.98475497824085,-120.37980694800358,tar flat,TAR FLAT,37.98475497824085,-120.37980694800358,tar flat,False,False,True,0.0
WILSON,25430,37.2934446066299,-120.40695900507797,wilson,WILSON,37.2934446066299,-120.40695900507797,wilson,True,True,True,0.0
SAN JOAQUIN,25236,36.62114126800271,-120.17810289515532,san joaquin,SAN JOAQUIN,36.62114126800271,-120.17810289515532,san joaquin,True,True,True,0.0
SAN MIGUEL,18266,35.75222542522153,-120.68382054645429,san miguel,SAN MIGUEL,35.75222542522153,-120.68382054645429,san miguel,True,True,True,0.0
WRIGHT,25464,37.01392488612878,-120.94478091254076,wright,WRIGHT,37.01392488612878,-120.94478091254076,wright,True,True,True,0.0
CAYETANO,1442,37.73836825979488,-121.77069648385788,cayetano,CAYETANO,37.73836825979488,-121.77069648385788,cayetano,True,True,True,0.0
PIERCY,8391,37.27020479293485,-121.78738454597324,piercy,PIERCY,37.27020479293485,-121.78738454597324,piercy,True,True,True,0.0
COALINGA NO 2,25238,36.237727890424445,-120.31459024852086,coalinga no 2,COALINGA NO 2,36.237727890424445,-120.31459024852086,coalinga no 2,False,False,True,0.0
SANTA TERESA,8296,37.238496970450434,-121.79054338190755,santa teresa,SANTA TERESA,37.238496970450434,-121.79054338190755,santa teresa,False,False,True,0.0
PLUMAS,15373,39.0262294520019,-121.54346448414113,plumas,PLUMAS,39.0262294520019,-121.54346448414113,plumas,True,True,True,0.0
IGNACIO,4248,38.075692626064345,-122.53961816606646,ignacio,IGNACIO,38.075692626064345,-122.53961816606646,ignacio,True,True,True,0.0
JANES CREEK,19239,40.90518967567011,-124.07217770855576,janes creek,JANES CREEK,40.90518967567011,-124.07217770855576,janes creek,True,True,True,0.0
VICTOR,16328,38.14519826927607,-121.1770973185347,victor,VICTOR,38.14519826927607,-121.1770973185347,victor,True,True,True,0.0
COARSEGOLD,25443,37.22741691128599,-119.690552055026,coarsegold,COARSEGOLD,37.22741691128599,-119.690552055026,coarsegold,True,True,True,0.0
ARANA,8301,36.98438410414178,-121.99012545589314,arana,ARANA,36.98438410414178,-121.99012545589314,arana,True,True,True,0.0
BONITA,25539,36.96781971171099,-120.2031525152736,bonita,BONITA,36.96781971171099,-120.2031525152736,bonita,True,True,True,0.0
NARROWS,15313,39.235347065419134,-121.26906719226427,narrows,NARROWS,39.235347065419134,-121.26906719226427,narrows,True,True,True,0.0
UKIAH,4277,39.14297181783122,-123.19174687279155,ukiah,UKIAH,39.14297181783122,-123.19174687279155,ukiah,True,True,True,0.0
ARLINGTON,1370,37.88897961680794,-122.27297827230667,arlington,ARLINGTON,37.88897961680794,-122.27297827230667,arlington,True,True,True,0.0
WELLFIELD,25429,35.22496336365365,-118.77833722283752,wellfield,WELLFIELD,35.22496336365365,-118.77833722283752,wellfield,True,True,True,0.0
JACOBS CORNER,25477,36.22220579820744,-119.77959785166227,jacobs corner,JACOBS CORNER,36.22220579820744,-119.77959785166227,jacobs corner,True,True,True,0.0
SAND CREEK,25460,36.64397666926381,-119.15978031526912,sand creek,SAND CREEK,36.64397666926381,-119.15978031526912,sand creek,True,True,True,0.0
WEST LANE,16362,37.99058390947568,-121.2838089984723,west lane,WEST LANE,37.99058390947568,-121.2838089984723,west lane,True,True,True,0.0
FRENCH GULCH,10338,40.6868686177047,-122.6404649477137,french gulch,FRENCH GULCH,40.6868686177047,-122.6404649477137,french gulch,True,True,True,0.0
CANTUA,25359,36.429254389544624,-120.3414752851558,cantua,CANTUA,36.429254389544624,-120.3414752851558,cantua,True,True,True,0.0
HERDLYN,16374,37.81698475446724,-121.58716994811228,herdlyn,HERDLYN,37.81698475446724,-121.58716994811228,herdlyn,True,True,True,0.0
SWIFT,8339,37.322704670725145,-121.79709909967092,swift,SWIFT,37.322704670725145,-121.79709909967092,swift,True,True,True,0.0
MCKITTRICK,25278,35.29701832939979,-119.6266169615922,mckittrick,MCKITTRICK,35.29701832939979,-119.6266169615922,mckittrick,True,True,True,0.0
CARRIZO PLAINS,25346,35.381017002802906,-120.04015761995842,carrizo plains,CARRIZO PLAINS,35.381017002802906,-120.04015761995842,carrizo plains,True,True,True,0.0
GANSO,25454,35.50133512445359,-119.44912437034876,ganso,GANSO,35.50133512445359,-119.44912437034876,ganso,True,True,True,0.0
CORCORAN,25217,36.1097291421788,-119.55733517121652,corcoran,CORCORAN,36.1097291421788,-119.55733517121652,corcoran,True,True,True,0.0
CALIFORNIA AVE,25228,36.71976722854816,-119.76422834299458,california ave,CALIFORNIA AVE,36.71976722854816,-119.76422834299458,california ave,True,True,True,0.0
VIERRA,16270,37.79819570487165,-121.2743535358029,vierra,VIERRA,37.79819570487165,-121.2743535358029,vierra,True,True,True,0.0
BUCKS CREEK,10221,39.91160243296182,-121.32682793665592,bucks creek,BUCKS CREEK,39.91160243296182,-121.32682793665592,bucks creek,False,False,True,0.0
SAN MATEO,2419,37.58173090782904,-122.31998566182828,san mateo,SAN MATEO,37.58173090782904,-122.31998566182828,san mateo,True,True,True,0.0
DEL MONTE,18222,36.59919530577832,-121.85414882424809,del monte,DEL MONTE,36.59919530577832,-121.85414882424809,del monte,True,True,True,0.0
CAL WATER,25545,35.42222837471225,-118.90059842079376,cal water,CAL WATER,35.42222837471225,-118.90059842079376,cal water,False,False,True,0.0
FRUITLAND,19231,40.286587508255074,-123.83681278567364,fruitland,FRUITLAND,40.286587508255074,-123.83681278567364,fruitland,True,True,True,0.0
SONOMA,4272,38.27657572900672,-122.46207109995244,sonoma,SONOMA,38.27657572900672,-122.46207109995244,sonoma,True,True,True,0.0
PEASE,15375,39.17017321175534,-121.66111558856706,pease,PEASE,39.17017321175534,-121.66111558856706,pease,True,True,True,0.0
WOODLAND,6203,38.67836096439384,-121.75921270604204,woodland,WOODLAND,38.67836096439384,-121.75921270604204,woodland,True,True,True,0.0
LOCKEFORD,16368,38.11719384065125,-121.16028330539748,lockeford,LOCKEFORD,38.11719384065125,-121.16028330539748,lockeford,True,True,True,0.0
HAMMER,16330,38.02161846146168,-121.3204489914979,hammer,HAMMER,38.02161846146168,-121.3204489914979,hammer,True,True,True,0.0
SAN PABLO,1437,37.98592857019798,-122.33656746665152,san pablo,SAN PABLO,37.98592857019798,-122.33656746665152,san pablo,True,True,True,0.0
WILLOWS A,10274,39.53184406918284,-122.18627003440444,willows a,WILLOWS A,39.53184406918284,-122.18627003440444,willows a,True,True,True,0.0
HILLSDALE,2411,37.53650756155396,-122.32255097270397,hillsdale,HILLSDALE,37.53650756155396,-122.32255097270397,hillsdale,True,True,True,0.0
KERN POWER,25526,35.378644853294965,-119.09838282217432,kern power,KERN POWER,35.378644853294965,-119.09838282217432,kern power,True,True,True,0.0
ZACA,18268,34.69665857732155,-120.15172324390338,zaca,ZACA,34.69665857732155,-120.15172324390338,zaca,True,True,True,0.0
CHEROKEE,16365,38.00576000998228,-121.23810008766183,cherokee,CHEROKEE,38.00576000998228,-121.23810008766183,cherokee,True,True,True,0.0
CLEAR LAKE,4214,39.007758745598494,-122.89345093801266,clear lake,CLEAR LAKE,39.007758745598494,-122.89345093801266,clear lake,True,True,True,0.0
DEVILS DEN,25345,35.77577482106427,-119.97369007248874,devils den,DEVILS DEN,35.77577482106427,-119.97369007248874,devils den,True,True,True,0.0
TUPMAN,25456,35.35313544613848,-119.27093751559444,tupman,TUPMAN,35.35313544613848,-119.27093751559444,tupman,True,True,True,0.0
GEYSERVILLE,4289,38.70995941018712,-122.9076911568436,geyserville,GEYSERVILLE,38.70995941018712,-122.9076911568436,geyserville,True,True,True,0.0
COVELO,4306,39.78636157593041,-123.24873746443508,covelo,COVELO,39.78636157593041,-123.24873746443508,covelo,True,True,True,0.0
MARIPOSA,25445,37.504521775185246,-120.00756996777992,mariposa,MARIPOSA,37.504521775185246,-120.00756996777992,mariposa,True,True,True,0.0
WINTERS,6332,38.51671294425671,-121.95185421086413,winters,WINTERS,38.51671294425671,-121.95185421086413,winters,True,True,True,0.0
PARADISE,10283,39.76034094880524,-121.6190062372056,paradise,PARADISE,39.76034094880524,-121.6190062372056,paradise,True,True,True,0.0
AUBERRY,25415,37.0682317832377,-119.49617440265196,auberry,AUBERRY,37.0682317832377,-119.49617440265196,auberry,True,True,True,0.0
TRES PINOS,18322,36.78439384314798,-121.3195803556968,tres pinos,TRES PINOS,36.78439384314798,-121.3195803556968,tres pinos,False,False,True,0.0
WEST POINT,16320,38.42091643492973,-120.5488378291623,west point,WEST POINT,38.42091643492973,-120.5488378291623,west point,True,True,True,0.0
OLEMA,4229,38.042251130418286,-122.7863974329975,olema,OLEMA,38.042251130418286,-122.7863974329975,olema,True,True,True,0.0
BARRY,15211,39.069242120060025,-121.68996821514853,barry,BARRY,39.069242120060025,-121.68996821514853,barry,True,True,True,0.0
ALTO,4203,37.898563217546894,-122.5246426549278,alto,ALTO,37.898563217546894,-122.5246426549278,alto,True,True,True,0.0
ELECTRA,16216,38.33116093177938,-120.67246808322844,electra,ELECTRA,38.33116093177938,-120.67246808322844,electra,False,False,True,0.0
PEACHTON,10324,39.37878705432235,-121.68516794919552,peachton,PEACHTON,39.37878705432235,-121.68516794919552,peachton,True,True,True,0.0
SANTA RITA,25354,37.05503123485525,-120.63408256251265,santa rita,SANTA RITA,37.05503123485525,-120.63408256251265,santa rita,True,True,True,0.0
STUART,1384,37.857984085569285,-122.26844071173984,stuart,STUART,37.857984085569285,-122.26844071173984,stuart,True,True,True,0.0
PEORIA,16378,37.90339247520717,-120.49708389009176,peoria,PEORIA,37.90339247520717,-120.49708389009176,peoria,True,True,True,0.0
PEABODY,6364,38.28556962442518,-121.97162432823951,peabody,PEABODY,38.28556962442518,-121.97162432823951,peabody,True,True,True,0.0
STOREY,25461,36.98320145592562,-120.03348454940144,storey,STOREY,36.98320145592562,-120.03348454940144,storey,True,True,True,0.0
LAKEVIEW,25341,35.09364619774964,-119.10121328188974,lakeview,LAKEVIEW,35.09364619774964,-119.10121328188974,lakeview,True,True,True,0.0
PIKE CITY,15220,39.43821522456168,-120.9959439071993,pike city,PIKE CITY,39.43821522456168,-120.9959439071993,pike city,True,True,True,0.0
BANCROFT,1303,37.74028783112764,-122.1548323818996,bancroft,BANCROFT,37.74028783112764,-122.1548323818996,bancroft,True,True,True,0.0
BOWLES,25353,36.60577292106775,-119.77351527184116,bowles,BOWLES,36.60577292106775,-119.77351527184116,bowles,True,True,True,0.0
ELK HILLS,25244,35.226241139395945,-119.37663775129045,elk hills,ELK HILLS,35.226241139395945,-119.37663775129045,elk hills,True,True,True,0.0
OLETA,16354,38.4807522569046,-120.84479287419188,oleta,OLETA,38.4807522569046,-120.84479287419188,oleta,True,True,True,0.0
POSO MOUNTAIN,25364,35.559202917522015,-118.95782903329666,poso mountain,POSO MOUNTAIN,35.559202917522015,-118.95782903329666,poso mountain,False,False,True,0.0
SEMITROPIC,25290,35.600617453739545,-119.4375052688722,semitropic,SEMITROPIC,35.600617453739545,-119.4375052688722,semitropic,True,True,True,0.0
LAS GALLINAS A,4299,38.02256741456931,-122.53813147487423,las gallinas a,LAS GALLINAS A,38.02256741456931,-122.53813147487423,las gallinas a,False,False,True,0.0
HALSEY,15224,38.95682089677347,-121.04286722342916,halsey,HALSEY,38.95682089677347,-121.04286722342916,halsey,True,True,True,0.0
SAN CARLOS,2418,37.49925681676064,-122.2433672056333,san carlos,SAN CARLOS,37.49925681676064,-122.2433672056333,san carlos,True,True,True,0.0
NEWMAN,16274,37.315811138560335,-121.01443366157086,newman,NEWMAN,37.315811138560335,-121.01443366157086,newman,True,True,True,0.0
IONE,16388,38.37370944252769,-120.9571666049228,ione,IONE,38.37370944252769,-120.9571666049228,ione,False,False,True,0.0
LAKEVILLE,4337,38.25024379525056,-122.58100117848136,lakeville,LAKEVILLE,38.25024379525056,-122.58100117848136,lakeville,True,True,True,0.0
VOLTA,10254,40.45943689773459,-121.8677559059613,volta,VOLTA,40.45943689773459,-121.8677559059613,volta,False,False,True,0.0
CARQUINEZ,4328,38.09076019525074,-122.24869737229972,carquinez,CARQUINEZ,38.09076019525074,-122.24869737229972,carquinez,True,True,True,0.0
CHARCA,25450,35.608124985119254,-119.32533697812512,charca,CHARCA,35.608124985119254,-119.32533697812512,charca,True,True,True,0.0
EUREKA A,19212,40.79388382264845,-124.18290357012602,eureka a,EUREKA A,40.79388382264845,-124.18290357012602,eureka a,False,False,True,0.0
HIGHWAY,4265,38.165934399172585,-122.25383771242235,highway,HIGHWAY,38.165934399172585,-122.25383771242235,highway,True,True,True,0.0
SPAULDING,15225,39.32583317195124,-120.643761373542,spaulding,SPAULDING,39.32583317195124,-120.643761373542,spaulding,False,False,True,0.0
DESCHUTES,10335,40.55543101923755,-122.23990905392132,deschutes,DESCHUTES,40.55543101923755,-122.23990905392132,deschutes,True,True,True,0.0
SHADY GLEN,15243,39.115253699631616,-120.95381821842112,shady glen,SHADY GLEN,39.115253699631616,-120.95381821842112,shady glen,True,True,True,0.0
DIXON LANDING,1472,37.45705888772975,-121.92097272747756,dixon landing,DIXON LANDING,37.45705888772975,-121.92097272747756,dixon landing,True,True,True,0.0
DINUBA,25409,36.520228463825966,-119.3938871560341,dinuba,DINUBA,36.520228463825966,-119.3938871560341,dinuba,False,False,True,0.0
WOODWARD,25529,36.896288880187065,-119.75080744529772,woodward,WOODWARD,36.896288880187065,-119.75080744529772,woodward,True,True,True,0.0
CHICO B,10249,39.7253212399454,-121.846804015902,chico b,CHICO B,39.7253212399454,-121.846804015902,chico b,True,True,True,0.0
DOLAN ROAD,18238,36.80013119439448,-121.76897719428231,dolan road,DOLAN ROAD,36.80013119439448,-121.76897719428231,dolan road,True,True,True,0.0
TUDOR,15371,38.9816906487069,-121.63537871499491,tudor,TUDOR,38.9816906487069,-121.63537871499491,tudor,True,True,True,0.0
FORESTHILL,15218,39.01998695236322,-120.8293416806212,foresthill,FORESTHILL,39.01998695236322,-120.8293416806212,foresthill,True,True,True,0.0
HUMBOLDT BAY PP,19234,40.74070324565622,-124.20905652543362,humboldt bay pp,HUMBOLDT BAY PP,40.74070324565622,-124.20905652543362,humboldt bay pp,False,False,True,0.0
WINDSOR,4350,38.56592444445207,-122.83240176689247,windsor,WINDSOR,38.56592444445207,-122.83240176689247,windsor,False,False,True,0.0
BEAR VALLEY,25219,37.58580609306456,-120.12582981367848,bear valley,BEAR VALLEY,37.58580609306456,-120.12582981367848,bear valley,True,True,True,0.0
MENDOTA,25231,36.72025412492721,-120.45868266031763,mendota,MENDOTA,36.72025412492721,-120.45868266031763,mendota,True,True,True,0.0
BLACKWELL,25468,35.61426839081551,-119.8538757564631,blackwell,BLACKWELL,35.61426839081551,-119.8538757564631,blackwell,True,True,True,0.0
FRANKLIN,1392,38.012370285670094,-122.26448472267798,franklin,FRANKLIN,38.012370285670094,-122.26448472267798,franklin,True,True,True,0.0
MANCHESTER,25392,36.78815334896068,-119.78793761047945,manchester,MANCHESTER,36.78815334896068,-119.78793761047945,manchester,True,True,True,0.0
BRUNSWICK,15248,39.231239532701935,-121.03491018822432,brunswick,BRUNSWICK,39.231239532701935,-121.03491018822432,brunswick,True,True,True,0.0
GARBERVILLE,19222,40.10337464980182,-123.7925248171206,garberville,GARBERVILLE,40.10337464980182,-123.7925248171206,garberville,True,True,True,0.0
EL PECO,25398,36.88099449637093,-120.16446451789515,el peco,EL PECO,36.88099449637093,-120.16446451789515,el peco,True,True,True,0.0
TRIMBLE,8380,37.38283159012757,-121.92643970315228,trimble,TRIMBLE,37.38283159012757,-121.92643970315228,trimble,True,True,True,0.0
ROSSMOOR,1416,37.86479574223729,-122.0809458485731,rossmoor,ROSSMOOR,37.86479574223729,-122.0809458485731,rossmoor,True,True,True,0.0
KIRKER,1445,38.02096833726849,-121.90608941215515,kirker,KIRKER,38.02096833726849,-121.90608941215515,kirker,True,True,True,0.0
COLUMBIA HILL,15247,39.3315648176399,-121.10125373763962,columbia hill,COLUMBIA HILL,39.3315648176399,-121.10125373763962,columbia hill,True,True,True,0.0
BANGOR,10319,39.38796688540241,-121.40298390629762,bangor,BANGOR,39.38796688540241,-121.40298390629762,bangor,True,True,True,0.0
PINECREST,16316,38.187947321566135,-119.99379985135106,pinecrest,PINECREST,38.187947321566135,-119.99379985135106,pinecrest,False,False,True,0.0
PUTAH CREEK,6368,38.52334998723117,-121.9952137072624,putah creek,PUTAH CREEK,38.52334998723117,-121.9952137072624,putah creek,True,True,True,0.0
MONARCH,16230,37.969157660213625,-121.28024699494452,monarch,MONARCH,37.969157660213625,-121.28024699494452,monarch,True,True,True,0.0
LONE TREE,1323,37.94630532263428,-121.75910439326935,lone tree,LONE TREE,37.94630532263428,-121.75910439326935,lone tree,True,True,True,0.0
BIG LAGOON,19236,41.162116737480105,-124.1022126767118,big lagoon,BIG LAGOON,41.162116737480105,-124.1022126767118,big lagoon,True,True,True,0.0
COLUSA,6202,39.213661583558526,-122.00306856656788,colusa,COLUSA,39.213661583558526,-122.00306856656788,colusa,True,True,True,0.0
HATTON,18229,36.55698934837941,-121.89760148903191,hatton,HATTON,36.55698934837941,-121.89760148903191,hatton,True,True,True,0.0
CASTRO,2248,37.74941830614643,-122.43417816629568,castro,CASTRO,37.74941830614643,-122.43417816629568,castro,False,False,True,0.0
HAMILTON BRANCH,10236,40.26931804937077,-121.08804585596388,hamilton branch,HAMILTON BRANCH,40.26931804937077,-121.08804585596388,hamilton branch,True,True,True,0.0
LOS COCHES,18215,36.36678536359205,-121.27993696622347,los coches,LOS COCHES,36.36678536359205,-121.27993696622347,los coches,True,True,True,0.0
PLACER,15246,38.90151853238145,-121.08791088443655,placer,PLACER,38.90151853238145,-121.08791088443655,placer,True,True,True,0.0
CHICO A,10205,39.71896295197578,-121.82083893681968,chico a,CHICO A,39.71896295197578,-121.82083893681968,chico a,True,True,True,0.0
JARVIS,1350,37.59533398503197,-122.01754403270029,jarvis,JARVIS,37.59533398503197,-122.01754403270029,jarvis,False,False,True,0.0
SALINAS,18201,36.68286418701568,-121.651172576963,salinas,SALINAS,36.68286418701568,-121.651172576963,salinas,True,True,True,0.0
MC FARLAND,25318,35.68826942087962,-119.276810556332,mc farland,MC FARLAND,35.68826942087962,-119.276810556332,mc farland,True,True,True,0.0
BAHIA,4325,38.08114613944989,-122.13740639333582,bahia,BAHIA,38.08114613944989,-122.13740639333582,bahia,True,True,True,0.0
TAFT,25208,35.13623071502375,-119.48227773692136,taft,TAFT,35.13623071502375,-119.48227773692136,taft,False,False,True,0.0
KANAKA,10322,39.57508683288682,-121.30575066528326,kanaka,KANAKA,39.57508683288682,-121.30575066528326,kanaka,False,False,True,0.0
PUEBLO,4329,38.34543841547816,-122.299196392614,pueblo,PUEBLO,38.34543841547816,-122.299196392614,pueblo,True,True,True,0.0
LAWRENCE,8342,37.39719513054225,-122.0100946003828,lawrence,LAWRENCE,37.39719513054225,-122.0100946003828,lawrence,True,True,True,0.0
GANSNER,10302,39.93961216668611,-120.94857323506642,gansner,GANSNER,39.93961216668611,-120.94857323506642,gansner,True,True,True,0.0
LAS POSITAS,1440,37.70094251288631,-121.73350621738382,las positas,LAS POSITAS,37.70094251288631,-121.73350621738382,las positas,True,True,True,0.0
DAIRYLAND,25242,37.055238199109,-120.31690423390413,dairyland,DAIRYLAND,37.055238199109,-120.31690423390413,dairyland,True,True,True,0.0
ELK,4298,39.129493032948936,-123.71168466277476,elk,ELK,39.129493032948936,-123.71168466277476,elk,True,True,True,0.0
EDENVALE,8295,37.24486514436606,-121.79536211168684,edenvale,EDENVALE,37.24486514436606,-121.79536211168684,edenvale,True,True,True,0.0
ANTLER,10327,40.894973011426686,-122.38051411817683,antler,ANTLER,40.894973011426686,-122.38051411817683,antler,True,True,True,0.0
BABEL,1385,37.96340949870682,-122.00737229942786,babel,BABEL,37.96340949870682,-122.00737229942786,babel,False,False,True,0.0
7TH STANDARD,25458,35.43969344317223,-119.13116637687604,7th standard,7TH STANDARD,35.43969344317223,-119.13116637687604,7th standard,False,False,True,0.0
WEIMAR,15249,39.03618697846676,-120.98785201726103,weimar,WEIMAR,39.03618697846676,-120.98785201726103,weimar,True,True,True,0.0
LIVINGSTON,25226,37.36355711461608,-120.76057836344424,livingston,LIVINGSTON,37.36355711461608,-120.76057836344424,livingston,True,True,True,0.0
RANDOLPH,2259,37.7145484958375,-122.46933508414892,randolph,RANDOLPH,37.7145484958375,-122.46933508414892,randolph,False,False,True,0.0
DAVIS,6204,38.54537389882344,-121.7337412213476,davis,DAVIS,38.54537389882344,-121.7337412213476,davis,False,False,True,0.0
FORT SEWARD,19232,40.213926195853496,-123.5966650918544,fort seward,FORT SEWARD,40.213926195853496,-123.5966650918544,fort seward,True,True,True,0.0
CASSIDY,25427,36.923692299083626,-119.81261089872176,cassidy,CASSIDY,36.923692299083626,-119.81261089872176,cassidy,True,True,True,0.0
EAST NICOLAUS,15215,38.90941478613143,-121.54229853496466,east nicolaus,EAST NICOLAUS,38.90941478613143,-121.54229853496466,east nicolaus,True,True,True,0.0
PALMER,18303,34.82519468144487,-120.29920094235554,palmer,PALMER,34.82519468144487,-120.29920094235554,palmer,True,True,True,0.0
SHINGLE SPRINGS,15365,38.6594107880625,-120.94678677552162,shingle springs,SHINGLE SPRINGS,38.6594107880625,-120.94678677552162,shingle springs,True,True,True,0.0
WHITNEY,1324,38.02255800796905,-121.88567049158526,whitney,WHITNEY,38.02255800796905,-121.88567049158526,whitney,False,False,True,0.0
SF N,2228,37.76138387988553,-122.4664254717227,sf n,SF N,37.76138387988553,-122.4664254717227,sf n,False,False,True,0.0
MIDDLETOWN,4314,38.75298395846147,-122.60794041011712,middletown,MIDDLETOWN,38.75298395846147,-122.60794041011712,middletown,True,True,True,0.0
MOSHER,16372,38.02182537980966,-121.28076435779292,mosher,MOSHER,38.02182537980966,-121.28076435779292,mosher,True,True,True,0.0
WOOD,1338,37.8264060148404,-122.21614490767148,wood,WOOD,37.8264060148404,-122.21614490767148,wood,False,False,True,0.0
MORGAN HILL,8324,37.12649792772826,-121.6591293431273,morgan hill,MORGAN HILL,37.12649792772826,-121.6591293431273,morgan hill,True,True,True,0.0
SOTO,1326,37.66853088274776,-122.08545486907524,soto,SOTO,37.66853088274776,-122.08545486907524,soto,True,True,True,0.0
ROSEDALE,25476,35.377501694340864,-119.07758922783194,rosedale,ROSEDALE,35.377501694340864,-119.07758922783194,rosedale,True,True,True,0.0
MALAGA,25425,36.6933448884706,-119.7259384506958,malaga,MALAGA,36.6933448884706,-119.7259384506958,malaga,True,True,True,0.0
MIDDLE RIVER,16209,37.93681260482009,-121.52887983580312,middle river,MIDDLE RIVER,37.93681260482009,-121.52887983580312,middle river,True,True,True,0.0
LOS GATOS,8202,37.22645888521239,-121.97717996165842,los gatos,LOS GATOS,37.22645888521239,-121.97717996165842,los gatos,True,True,True,0.0
FAIRWAY,18206,34.91060882113302,-120.44608849948852,fairway,FAIRWAY,34.91060882113302,-120.44608849948852,fairway,True,True,True,0.0
ALLEGHANY,15210,39.465472208842606,-120.84426368187933,alleghany,ALLEGHANY,39.465472208842606,-120.84426368187933,alleghany,True,True,True,0.0
FORT ORD,18240,36.64329014858041,-121.7923827803921,fort ord,FORT ORD,36.64329014858041,-121.7923827803921,fort ord,True,True,True,0.0
GUSTINE,16311,37.253059038898215,-121.01309879419414,gustine,GUSTINE,37.253059038898215,-121.01309879419414,gustine,True,True,True,0.0
BULLARD,25396,36.82406405231952,-119.76842651281234,bullard,BULLARD,36.82406405231952,-119.76842651281234,bullard,True,True,True,0.0
DUNLAP,25406,36.70967604208161,-119.0292556541925,dunlap,DUNLAP,36.70967604208161,-119.0292556541925,dunlap,True,True,True,0.0
ORLAND B,10270,39.72519125045083,-122.17865785695024,orland b,ORLAND B,39.72519125045083,-122.17865785695024,orland b,True,True,True,0.0
MONTAGUE,8389,37.4030689299594,-121.90562357845783,montague,MONTAGUE,37.4030689299594,-121.90562357845783,montague,True,True,True,0.0
SOBRANTE,1467,37.90535027631521,-122.20813319872327,sobrante,SOBRANTE,37.90535027631521,-122.20813319872327,sobrante,True,True,True,0.0
MERCED,25280,37.273105730126126,-120.48710262742296,merced,MERCED,37.273105730126126,-120.48710262742296,merced,True,True,True,0.0
RACETRACK,16376,37.97990732524795,-120.41350998469224,racetrack,RACETRACK,37.97990732524795,-120.41350998469224,racetrack,True,True,True,0.0
SAN JOSE A,8225,37.328168501922605,-121.90253619243413,san jose a,SAN JOSE A,37.328168501922605,-121.90253619243413,san jose a,False,False,True,0.0
OAKLAND L,1211,37.810340376987845,-122.27159254723468,oakland l,OAKLAND L,37.810340376987845,-122.27159254723468,oakland l,True,True,True,0.0
PLYMOUTH,2268,37.71258459729903,-122.45577702187045,plymouth,PLYMOUTH,37.71258459729903,-122.45577702187045,plymouth,False,False,True,0.0
COPPERMINE,25241,36.89631750001298,-119.664718786115,coppermine,COPPERMINE,36.89631750001298,-119.664718786115,coppermine,True,True,True,0.0
BUTTE,10308,39.712000513701405,-121.81334760711448,butte,BUTTE,39.712000513701405,-121.81334760711448,butte,True,True,True,0.0
TEMPLETON,18305,35.55507511442895,-120.68041422031772,templeton,TEMPLETON,35.55507511442895,-120.68041422031772,templeton,True,True,True,0.0
PAUL SWEET,8325,36.99259833764791,-121.9820620699066,paul sweet,PAUL SWEET,36.99259833764791,-121.9820620699066,paul sweet,True,True,True,0.0
ORO LOMA,25537,36.88604386572732,-120.65597132911496,oro loma,ORO LOMA,36.88604386572732,-120.65597132911496,oro loma,True,True,True,0.0
LOCKHEED NO 1,8299,37.4097706587578,-122.03110865958986,lockheed no 1,LOCKHEED NO 1,37.4097706587578,-122.03110865958986,lockheed no 1,False,False,True,0.0
MARICOPA,25421,35.10762692812825,-119.39725152751392,maricopa,MARICOPA,35.10762692812825,-119.39725152751392,maricopa,True,True,True,0.0
ROUGH AND READY ISLA,16308,37.94947516937854,-121.3463583310698,rough and ready isla,ROUGH AND READY ISLA,37.94947516937854,-121.3463583310698,rough and ready isla,False,False,True,0.0
GLENWOOD,2409,37.457303934642994,-122.18733079776786,glenwood,GLENWOOD,37.457303934642994,-122.18733079776786,glenwood,True,True,True,0.0
RESEARCH,1469,37.7823591848183,-121.96730288036213,research,RESEARCH,37.7823591848183,-121.96730288036213,research,False,False,True,0.0
PACIFICA,2281,37.59472221036465,-122.48920894376208,pacifica,PACIFICA,37.59472221036465,-122.48920894376208,pacifica,True,True,True,0.0
SAN JOSE B,8226,37.34102949703376,-121.901895980367,san jose b,SAN JOSE B,37.34102949703376,-121.901895980367,san jose b,False,False,True,0.0
CRESTA PH,10225,39.82649357391756,-121.4096899580418,cresta ph,CRESTA PH,39.82649357391756,-121.4096899580418,cresta ph,False,False,True,0.0
GERBER,10339,40.06428224737149,-122.15622506854064,gerber,GERBER,40.06428224737149,-122.15622506854064,gerber,True,True,True,0.0
AMES,8390,37.41803546385238,-122.06722574863358,ames,AMES,37.41803546385238,-122.06722574863358,ames,True,True,True,0.0
RIDGE,1284,37.88486073895271,-122.25488061856642,ridge,RIDGE,37.88486073895271,-122.25488061856642,ridge,True,True,True,0.0
HAMMONDS,25340,36.71999629266149,-120.60261292866964,hammonds,HAMMONDS,36.71999629266149,-120.60261292866964,hammonds,True,True,True,0.0
SUISUN,6213,38.24454829820952,-122.04148241778712,suisun,SUISUN,38.24454829820952,-122.04148241778712,suisun,True,True,True,0.0
BASALT,4246,38.26311376964152,-122.26904909242027,basalt,BASALT,38.26311376964152,-122.26904909242027,basalt,True,True,True,0.0
CONTRA COSTA,1365,37.99867901702416,-121.78318387764637,contra costa,CONTRA COSTA,37.99867901702416,-121.78318387764637,contra costa,True,True,True,0.0
CASTRO VALLEY,1409,37.6917841084946,-122.06126559376074,castro valley,CASTRO VALLEY,37.6917841084946,-122.06126559376074,castro valley,True,True,True,0.0
VASONA,8377,37.25372623401983,-121.96618795298204,vasona,VASONA,37.25372623401983,-121.96618795298204,vasona,True,True,True,0.0
COPUS,25387,35.09340403050877,-119.27870217911948,copus,COPUS,35.09340403050877,-119.27870217911948,copus,True,True,True,0.0
DEL MAR,15258,38.798905518358,-121.22132249121611,del mar,DEL MAR,38.798905518358,-121.22132249121611,del mar,True,True,True,0.0
SALT SPRINGS,16369,38.49873757346975,-120.21883454678164,salt springs,SALT SPRINGS,38.49873757346975,-120.21883454678164,salt springs,True,True,True,0.0
JOLON,18298,36.01345405632114,-121.1673499639731,jolon,JOLON,36.01345405632114,-121.1673499639731,jolon,True,True,True,0.0
OTTER,18294,36.38026746652593,-121.89862348687925,otter,OTTER,36.38026746652593,-121.89862348687925,otter,True,True,True,0.0
AUBURN,15216,38.90362002905324,-121.07000550995504,auburn,AUBURN,38.90362002905324,-121.07000550995504,auburn,True,True,True,0.0
WHEELER RIDGE,25348,35.08904963931724,-118.9765211969902,wheeler ridge,WHEELER RIDGE,35.08904963931724,-118.9765211969902,wheeler ridge,True,True,True,0.0
RALSTON,2414,37.511320391790726,-122.33975670219075,ralston,RALSTON,37.511320391790726,-122.33975670219075,ralston,True,True,True,0.0
21ST AVENUE,2255,37.75449989411368,-122.47806162171672,21st avenue,21ST AVENUE,37.75449989411368,-122.47806162171672,21st avenue,False,False,True,0.0
TARAVAL,2250,37.74199971120542,-122.49319808254324,taraval,TARAVAL,37.74199971120542,-122.49319808254324,taraval,False,False,True,0.0
LIVERMORE,1214,37.680003612395765,-121.78085098109068,livermore,LIVERMORE,37.680003612395765,-121.78085098109068,livermore,True,True,True,0.0
KING CITY,18203,36.21705442156273,-121.12682030175492,king city,KING CITY,36.21705442156273,-121.12682030175492,king city,True,True,True,0.0
SANTA MARIA,18267,34.95030148149897,-120.44405177080088,santa maria,SANTA MARIA,34.95030148149897,-120.44405177080088,santa maria,True,True,True,0.0
EL CERRITO G,1250,37.91642199870226,-122.30263855024612,el cerrito g,EL CERRITO G,37.91642199870226,-122.30263855024612,el cerrito g,False,False,True,0.0
FOOTHILL,18295,35.28648919476478,-120.7062571845936,foothill,FOOTHILL,35.28648919476478,-120.7062571845936,foothill,True,True,True,0.0
RICE,6283,39.402405951136096,-122.0140123123825,rice,RICE,39.402405951136096,-122.0140123123825,rice,True,True,True,0.0
ACTON,2247,37.70866425535986,-122.45185131815214,acton,ACTON,37.70866425535986,-122.45185131815214,acton,False,False,True,0.0
PURISIMA,18297,34.7008255827051,-120.43565969291836,purisima,PURISIMA,34.7008255827051,-120.43565969291836,purisima,True,True,True,0.0
MIWUK,16366,38.05297067526115,-120.2170845064534,miwuk,MIWUK,38.05297067526115,-120.2170845064534,miwuk,False,False,True,0.0
RISING RIVER,10355,40.92860888434032,-121.54329343192305,rising river,RISING RIVER,40.92860888434032,-121.54329343192305,rising river,True,True,True,0.0
PLEASANT GROVE,15244,38.82203193935343,-121.30628841171048,pleasant grove,PLEASANT GROVE,38.82203193935343,-121.30628841171048,pleasant grove,True,True,True,0.0
TASSAJARA,1466,37.80025073342344,-121.90788099393204,tassajara,TASSAJARA,37.80025073342344,-121.90788099393204,tassajara,True,True,True,0.0
HURON,25316,36.18607144784237,-120.10386221168731,huron,HURON,36.18607144784237,-120.10386221168731,huron,True,True,True,0.0
POINT MORETTI,8293,37.03115942213585,-122.1886952521402,point moretti,POINT MORETTI,37.03115942213585,-122.1886952521402,point moretti,True,True,True,0.0
BAY MEADOWS,2401,37.55164336687077,-122.29243887652298,bay meadows,BAY MEADOWS,37.55164336687077,-122.29243887652298,bay meadows,True,True,True,0.0
MENLO,2413,37.43306229991303,-122.20225008841324,menlo,MENLO,37.43306229991303,-122.20225008841324,menlo,True,True,True,0.0
WOODACRE,4302,38.01250684697549,-122.65399200051384,woodacre,WOODACRE,38.01250684697549,-122.65399200051384,woodacre,True,True,True,0.0
HONCUT,10321,39.3207327968909,-121.59528383517107,honcut,HONCUT,39.3207327968909,-121.59528383517107,honcut,True,True,True,0.0
CONCORD NO 1,1296,37.97581268089191,-122.02429744721525,concord no 1,CONCORD NO 1,37.97581268089191,-122.02429744721525,concord no 1,False,False,True,0.0
SERRAMONTE,2286,37.65081882661072,-122.45407076888073,serramonte,SERRAMONTE,37.65081882661072,-122.45407076888073,serramonte,True,True,True,0.0
MONROE,4330,38.45325388171991,-122.74428924814126,monroe,MONROE,38.45325388171991,-122.74428924814126,monroe,True,True,True,0.0
CHESTER,10318,40.30286123740071,-121.22690255646653,chester,CHESTER,40.30286123740071,-121.22690255646653,chester,True,True,True,0.0
MONTE RIO,4281,38.47143665695768,-123.01148395746652,monte rio,MONTE RIO,38.47143665695768,-123.01148395746652,monte rio,True,True,True,0.0
DUNBAR,4307,38.38374078362537,-122.52780897971554,dunbar,DUNBAR,38.38374078362537,-122.52780897971554,dunbar,True,True,True,0.0
BIG BEND,10375,39.67704842121007,-121.4915529611423,big bend,BIG BEND,39.67704842121007,-121.4915529611423,big bend,True,True,True,0.0
CEDAR CREEK,10332,40.79097149681122,-121.9383470502897,cedar creek,CEDAR CREEK,40.79097149681122,-121.9383470502897,cedar creek,True,True,True,0.0
VALLEJO C,4255,38.09844361859794,-122.25279173182363,vallejo c,VALLEJO C,38.09844361859794,-122.25279173182363,vallejo c,True,True,True,0.0
BIG BASIN,8284,37.13125948685303,-122.17227801178812,big basin,BIG BASIN,37.13125948685303,-122.17227801178812,big basin,True,True,True,0.0
EVERGREEN,8201,37.30352178997496,-121.83997139739384,evergreen,EVERGREEN,37.30352178997496,-121.83997139739384,evergreen,True,True,True,0.0
SPRING GAP,16283,38.186423435629614,-120.111394105077,spring gap,SPRING GAP,38.186423435629614,-120.111394105077,spring gap,True,True,True,0.0
LEMOORE,25360,36.30978580363061,-119.79816461547026,lemoore,LEMOORE,36.30978580363061,-119.79816461547026,lemoore,True,True,True,0.0
BELMONT,2403,37.52392507929761,-122.2655656379043,belmont,BELMONT,37.52392507929761,-122.2655656379043,belmont,True,True,True,0.0
8TH AVENUE,1267,37.80064538752543,-122.24202081133105,8th avenue,8TH AVENUE,37.80064538752543,-122.24202081133105,8th avenue,False,False,True,0.0
CAMDEN,25230,36.44568692380856,-119.79886678890834,camden,CAMDEN,36.44568692380856,-119.79886678890834,camden,True,True,True,0.0
MC MULLIN,25441,36.593617549943424,-119.9886805783096,mc mullin,MC MULLIN,36.593617549943424,-119.9886805783096,mc mullin,True,True,True,0.0
STONE CORRAL,25292,36.4725997946069,-119.18808580526532,stone corral,STONE CORRAL,36.4725997946069,-119.18808580526532,stone corral,True,True,True,0.0
EUREKA E,19233,40.793699357832445,-124.17955004886942,eureka e,EUREKA E,40.793699357832445,-124.17955004886942,eureka e,False,False,True,0.0
BRITTON,8361,37.37491569242551,-122.01651663969916,britton,BRITTON,37.37491569242551,-122.01651663969916,britton,True,True,True,0.0
LAURELES,18237,36.477771837963815,-121.7269203955055,laureles,LAURELES,36.477771837963815,-121.7269203955055,laureles,True,True,True,0.0
TULUCAY,4230,38.24734918540386,-122.2680448123168,tulucay,TULUCAY,38.24734918540386,-122.2680448123168,tulucay,True,True,True,0.0
OAKLAND C,1201,37.79750313857218,-122.28100831632332,oakland c,OAKLAND C,37.79750313857218,-122.28100831632332,oakland c,True,True,True,0.0
STAFFORD,4320,38.12001877968342,-122.61391256045738,stafford,STAFFORD,38.12001877968342,-122.61391256045738,stafford,True,True,True,0.0
LOS ALTOS,8224,37.39360169214869,-122.1150733503216,los altos,LOS ALTOS,37.39360169214869,-122.1150733503216,los altos,True,True,True,0.0
BORDEN,25512,36.92213595117919,-119.98430925285751,borden,BORDEN,36.92213595117919,-119.98430925285751,borden,True,True,True,0.0
AVENAL,25500,35.978183285259895,-120.1169296096175,avenal,AVENAL,35.978183285259895,-120.1169296096175,avenal,False,False,True,0.0
OAK,1260,37.90115636063787,-122.28687516138622,oak,OAK,37.90115636063787,-122.28687516138622,oak,True,True,True,0.0
CORRAL,16299,38.10147374789754,-120.92528602571213,corral,CORRAL,38.10147374789754,-120.92528602571213,corral,True,True,True,0.0
ALPAUGH,25400,35.963432505647624,-119.45629715975916,alpaugh,ALPAUGH,35.963432505647624,-119.45629715975916,alpaugh,True,True,True,0.0
BEN LOMOND,8304,37.09229030534265,-122.09644564945188,ben lomond,BEN LOMOND,37.09229030534265,-122.09644564945188,ben lomond,False,False,True,0.0
MABURY,8219,37.36110148781495,-121.86446124822062,mabury,MABURY,37.36110148781495,-121.86446124822062,mabury,True,True,True,0.0
COLONY,16223,38.19050048956095,-121.18105263498548,colony,COLONY,38.19050048956095,-121.18105263498548,colony,True,True,True,0.0
SAN JOAQUIN #2,25252,37.20342953647724,-119.49674358337344,san joaquin 2,SAN JOAQUIN #2,37.20342953647724,-119.49674358337344,san joaquin 2,True,True,True,0.0
DUNNIGAN,6381,38.92506225480307,-121.99011725790068,dunnigan,DUNNIGAN,38.92506225480307,-121.99011725790068,dunnigan,True,True,True,0.0
GOLDTREE,18258,35.32026204712884,-120.69304755782936,goldtree,GOLDTREE,35.32026204712884,-120.69304755782936,goldtree,True,True,True,0.0
BOLINAS,4226,37.940980126696346,-122.706692230778,bolinas,BOLINAS,37.940980126696346,-122.706692230778,bolinas,True,True,True,0.0
LOW GAP,19241,40.43382494194464,-123.472854441197,low gap,LOW GAP,40.43382494194464,-123.472854441197,low gap,True,True,True,0.0
LLAGAS,8318,37.00719420510908,-121.5569929127207,llagas,LLAGAS,37.00719420510908,-121.5569929127207,llagas,True,True,True,0.0
ELK CREEK,10278,39.59327331009217,-122.54352006687898,elk creek,ELK CREEK,39.59327331009217,-122.54352006687898,elk creek,True,True,True,0.0
APPLE HILL,15366,38.73938813175536,-120.67736539967991,apple hill,APPLE HILL,38.73938813175536,-120.67736539967991,apple hill,True,True,True,0.0
FMC,8387,37.34728445797068,-121.9223066818288,fmc,FMC,37.34728445797068,-121.9223066818288,fmc,True,True,True,0.0
DAIRYVILLE,10334,40.1280600543476,-122.09824574117305,dairyville,DAIRYVILLE,40.1280600543476,-122.09824574117305,dairyville,True,True,True,0.0
CARUTHERS,25237,36.53207399155622,-119.88218484607894,caruthers,CARUTHERS,36.53207399155622,-119.88218484607894,caruthers,True,True,True,0.0
FLORENCE,1269,37.83612012296221,-122.2202658186114,florence,FLORENCE,37.83612012296221,-122.2202658186114,florence,True,True,True,0.0
CHICO C,10265,39.74305713932799,-121.83856008023211,chico c,CHICO C,39.74305713932799,-121.83856008023211,chico c,False,False,True,0.0
MANTECA,16261,37.8015045271901,-121.22348162992516,manteca,MANTECA,37.8015045271901,-121.22348162992516,manteca,True,True,True,0.0
SAUSALITO,4249,37.8633472927428,-122.4989921967848,sausalito,SAUSALITO,37.8633472927428,-122.4989921967848,sausalito,True,True,True,0.0
SOLEDAD,18205,36.42977626821583,-121.3324241495369,soledad,SOLEDAD,36.42977626821583,-121.3324241495369,soledad,True,True,True,0.0
ESTUDILLO,1348,37.72712154609791,-122.1388744667424,estudillo,ESTUDILLO,37.72712154609791,-122.1388744667424,estudillo,False,False,True,0.0
SAN BENITO,18274,36.86860625244168,-121.54942913233612,san benito,SAN BENITO,36.86860625244168,-121.54942913233612,san benito,False,False,True,0.0
PINE GROVE,16375,38.41280369646983,-120.66072875769709,pine grove,PINE GROVE,38.41280369646983,-120.66072875769709,pine grove,True,True,True,0.0
CLOVIS,25408,36.82632258904477,-119.68092161392016,clovis,CLOVIS,36.82632258904477,-119.68092161392016,clovis,True,True,True,0.0
CARLOTTA,19229,40.541262800218725,-124.06428630276322,carlotta,CARLOTTA,40.541262800218725,-124.06428630276322,carlotta,True,True,True,0.0
CALAVERAS CEMENT,16221,38.17053149409406,-120.66845206163632,calaveras cement,CALAVERAS CEMENT,38.17053149409406,-120.66845206163632,calaveras cement,False,False,True,0.0
18TH STREET,2239,37.76111429249559,-122.4388699445812,18th street,18TH STREET,37.76111429249559,-122.4388699445812,18th street,False,False,True,0.0
LAKEWOOD,1353,37.9088184998879,-122.0574732475179,lakewood,LAKEWOOD,37.9088184998879,-122.0574732475179,lakewood,True,True,True,0.0
PETALUMA A,4212,38.23437308284748,-122.63657806577606,petaluma a,PETALUMA A,38.23437308284748,-122.63657806577606,petaluma a,False,False,True,0.0
SF X (MISSION),2201,37.77752693688508,-122.41435930467767,sf x mission,SF X (MISSION),37.77752693688508,-122.41435930467767,sf x mission,False,False,True,0.0
TEJON,25293,35.01982434064145,-118.95468562709183,tejon,TEJON,35.01982434064145,-118.95468562709183,tejon,True,True,True,0.0
INDUSTRIAL ACRES,18230,36.664142645204045,-121.62883846892647,industrial acres,INDUSTRIAL ACRES,36.664142645204045,-121.62883846892647,industrial acres,True,True,True,0.0
LAS PULGAS,2412,37.46317528473907,-122.22801351794423,las pulgas,LAS PULGAS,37.46317528473907,-122.22801351794423,las pulgas,True,True,True,0.0
MARYSVILLE,15201,39.14000454607997,-121.5836129617673,marysville,MARYSVILLE,39.14000454607997,-121.5836129617673,marysville,True,True,True,0.0
MEADOW LANE,1430,37.96346551773498,-122.05211023752588,meadow lane,MEADOW LANE,37.96346551773498,-122.05211023752588,meadow lane,True,True,True,0.0
ANNAPOLIS,4286,38.679837362204594,-123.3107420981408,annapolis,ANNAPOLIS,38.679837362204594,-123.3107420981408,annapolis,True,True,True,0.0
SHAFTER,25365,35.513906883314405,-119.31779636005952,shafter,SHAFTER,35.513906883314405,-119.31779636005952,shafter,True,True,True,0.0
GRASS VALLEY,15203,39.20922183386184,-121.06131819310708,grass valley,GRASS VALLEY,39.20922183386184,-121.06131819310708,grass valley,True,True,True,0.0
CALISTOGA,4271,38.59257954214048,-122.57827051121993,calistoga,CALISTOGA,38.59257954214048,-122.57827051121993,calistoga,True,True,True,0.0
RINCON,4332,38.49018866904616,-122.66602642884762,rincon,RINCON,38.49018866904616,-122.66602642884762,rincon,True,True,True,0.0
BUELLTON,18304,34.62516166893696,-120.18655523536748,buellton,BUELLTON,34.62516166893696,-120.18655523536748,buellton,True,True,True,0.0
EAST MARYSVILLE,15233,39.16342235495069,-121.56120836057298,east marysville,EAST MARYSVILLE,39.16342235495069,-121.56120836057298,east marysville,True,True,True,0.0
RESERVE OIL,25418,36.27603890498239,-119.65340386371432,reserve oil,RESERVE OIL,36.27603890498239,-119.65340386371432,reserve oil,True,True,True,0.0
BELLEVUE,4318,38.37873966235465,-122.7127531517697,bellevue,BELLEVUE,38.37873966235465,-122.7127531517697,bellevue,True,True,True,0.0
COLUMBUS,25395,35.39851810200948,-118.93981268255826,columbus,COLUMBUS,35.39851810200948,-118.93981268255826,columbus,True,True,True,0.0
FIREBAUGH,25347,36.85079413120268,-120.4658435279364,firebaugh,FIREBAUGH,36.85079413120268,-120.4658435279364,firebaugh,True,True,True,0.0
BOGUE,15378,39.096194366463855,-121.6233825471538,bogue,BOGUE,39.096194366463855,-121.6233825471538,bogue,True,True,True,0.0
VALLEJO B,4245,38.10678437817224,-122.24125992296035,vallejo b,VALLEJO B,38.10678437817224,-122.24125992296035,vallejo b,True,True,True,0.0
MAPLE CREEK,19210,40.76836583499929,-123.87400272507614,maple creek,MAPLE CREEK,40.76836583499929,-123.87400272507614,maple creek,True,True,True,0.0
PIT NO 1,10372,40.990515571941216,-121.49747687310516,pit no 1,PIT NO 1,40.990515571941216,-121.49747687310516,pit no 1,False,False,True,0.0
WILLOW CREEK,19217,40.94802778714024,-123.64012366855172,willow creek,WILLOW CREEK,40.94802778714024,-123.64012366855172,willow creek,True,True,True,0.0
BERKELEY T,1266,37.86457393824122,-122.25905444052576,berkeley t,BERKELEY T,37.86457393824122,-122.25905444052576,berkeley t,False,False,True,0.0
DOS PALOS,25404,36.97511066443014,-120.63479080838368,dos palos,DOS PALOS,36.97511066443014,-120.63479080838368,dos palos,True,True,True,0.0
OAKLAND X,1254,37.80525464784044,-122.23148010243337,oakland x,OAKLAND X,37.80525464784044,-122.23148010243337,oakland x,True,True,True,0.0
BARTON,25357,36.764127437715366,-119.73480480396712,barton,BARTON,36.764127437715366,-119.73480480396712,barton,True,True,True,0.0
SOQUEL,8330,36.986659979326745,-121.95052120875124,soquel,SOQUEL,36.986659979326745,-121.95052120875124,soquel,True,True,True,0.0
HICKS,8343,37.233642133115225,-121.9012169860993,hicks,HICKS,37.233642133115225,-121.9012169860993,hicks,True,True,True,0.0
HIGHLANDS,4336,38.93697153956946,-122.60907443594864,highlands,HIGHLANDS,38.93697153956946,-122.60907443594864,highlands,True,True,True,0.0
SAN ARDO,18219,36.073430288905165,-120.93646564476516,san ardo,SAN ARDO,36.073430288905165,-120.93646564476516,san ardo,True,True,True,0.0
WOODSIDE,2425,37.437220837862704,-122.24226770027914,woodside,WOODSIDE,37.437220837862704,-122.24226770027914,woodside,True,True,True,0.0
NORTH TOWER,4204,38.066339734584254,-122.19598269824904,north tower,NORTH TOWER,38.066339734584254,-122.19598269824904,north tower,True,True,True,0.0
TRES VIAS,10325,39.48664776643268,-121.68751739757202,tres vias,TRES VIAS,39.48664776643268,-121.68751739757202,tres vias,True,True,True,0.0
TRINIDAD,19223,41.06502580500504,-124.12827879249215,trinidad,TRINIDAD,41.06502580500504,-124.12827879249215,trinidad,True,True,True,0.0
OILFIELDS,18239,35.956083731993004,-120.85149439691293,oilfields,OILFIELDS,35.956083731993004,-120.85149439691293,oilfields,False,False,True,0.0
SAN JUSTO,18318,36.85649197045642,-121.51264396321426,san justo,SAN JUSTO,36.85649197045642,-121.51264396321426,san justo,True,True,True,0.0
ROCKLIN,15206,38.7878362079499,-121.2316984669296,rocklin,ROCKLIN,38.7878362079499,-121.2316984669296,rocklin,True,True,True,0.0
OROSI,25284,36.54494016402164,-119.2512498016316,orosi,OROSI,36.54494016402164,-119.2512498016316,orosi,True,True,True,0.0
SMARTVILLE,15379,39.20859431679137,-121.30260526619712,smartville,SMARTVILLE,39.20859431679137,-121.30260526619712,smartville,False,False,True,0.0
CURTIS,16335,37.97431175393948,-120.31978089327473,curtis,CURTIS,37.97431175393948,-120.31978089327473,curtis,True,True,True,0.0
NOVATO,4221,38.10854640016638,-122.56790709808408,novato,NOVATO,38.10854640016638,-122.56790709808408,novato,True,True,True,0.0
COLUSA JUNCTION,6207,39.19056773290833,-121.99053805724722,colusa junction,COLUSA JUNCTION,39.19056773290833,-121.99053805724722,colusa junction,True,True,True,0.0
CATLETT,15376,38.80879690086217,-121.5164995196137,catlett,CATLETT,38.80879690086217,-121.5164995196137,catlett,True,True,True,0.0
GRAYS FLAT,10253,40.0221483161838,-121.063733200033,grays flat,GRAYS FLAT,40.0221483161838,-121.063733200033,grays flat,True,True,True,0.0
BALCH NO 1,25250,36.90832240674941,-119.08622824128604,balch no 1,BALCH NO 1,36.90832240674941,-119.08622824128604,balch no 1,False,False,True,0.0
OAKLAND I,1208,37.74773573727129,-122.17432143246587,oakland i,OAKLAND I,37.74773573727129,-122.17432143246587,oakland i,True,True,True,0.0
DIVIDE,18257,34.8291272881148,-120.44860259638226,divide,DIVIDE,34.8291272881148,-120.44860259638226,divide,True,True,True,0.0
MIRA VISTA,1233,37.938513118125606,-122.3247799791383,mira vista,MIRA VISTA,37.938513118125606,-122.3247799791383,mira vista,True,True,True,0.0
FAIRMOUNT,1265,37.90189965591967,-122.29689529328267,fairmount,FAIRMOUNT,37.90189965591967,-122.29689529328267,fairmount,False,False,True,0.0
PARKWAY,4205,38.13810009221848,-122.20945720439109,parkway,PARKWAY,38.13810009221848,-122.20945720439109,parkway,True,True,True,0.0
WALDO,1335,37.909212124547615,-122.3064730075285,waldo,WALDO,37.909212124547615,-122.3064730075285,waldo,True,True,True,0.0
LAMMERS,16277,37.71280029392499,-121.47875326631689,lammers,LAMMERS,37.71280029392499,-121.47875326631689,lammers,True,True,True,0.0
CRESCENT MILLS,10313,40.093925518711536,-120.91070330230104,crescent mills,CRESCENT MILLS,40.093925518711536,-120.91070330230104,crescent mills,False,False,True,0.0
SAN RAFAEL,4201,37.97034817117299,-122.5268270651713,san rafael,SAN RAFAEL,37.97034817117299,-122.5268270651713,san rafael,True,True,True,0.0
NORCO,25469,35.28554247160178,-119.30890079948529,norco,NORCO,35.28554247160178,-119.30890079948529,norco,True,True,True,0.0
VALLEY VIEW,1434,37.96628771253263,-122.27912095478516,valley view,VALLEY VIEW,37.96628771253263,-122.27912095478516,valley view,True,True,True,0.0
KETTLEMAN HILLS,25273,36.043228470347096,-120.11027046537308,kettleman hills,KETTLEMAN HILLS,36.043228470347096,-120.11027046537308,kettleman hills,True,True,True,0.0
LUCERNE,4335,39.11048704064002,-122.81284365571706,lucerne,LUCERNE,39.11048704064002,-122.81284365571706,lucerne,True,True,True,0.0
OAKLAND J,1209,37.76329902345095,-122.21419146834046,oakland j,OAKLAND J,37.76329902345095,-122.21419146834046,oakland j,True,True,True,0.0
SALMON CREEK,4316,38.343512395969725,-123.04470594130596,salmon creek,SALMON CREEK,38.343512395969725,-123.04470594130596,salmon creek,True,True,True,0.0
MORMON,16321,37.96829976020206,-121.18544225637552,mormon,MORMON,37.96829976020206,-121.18544225637552,mormon,True,True,True,0.0
MILLBRAE,2269,37.6054239917948,-122.39200798842708,millbrae,MILLBRAE,37.6054239917948,-122.39200798842708,millbrae,True,True,True,0.0
EAST QUINCY,10255,39.93825707055911,-120.91057480535616,east quincy,EAST QUINCY,39.93825707055911,-120.91057480535616,east quincy,True,True,True,0.0
HARRIS,19243,40.781372534153576,-124.1319638474449,harris,HARRIS,40.781372534153576,-124.1319638474449,harris,True,True,True,0.0
SANTA ROSA A,4215,38.43690591996298,-122.71335000873452,santa rosa a,SANTA ROSA A,38.43690591996298,-122.71335000873452,santa rosa a,True,True,True,0.0
STELLING,8348,37.33589708085293,-122.04301499076,stelling,STELLING,37.33589708085293,-122.04301499076,stelling,True,True,True,0.0
HAYWARD O,1224,37.68617570872579,-122.10256842334825,hayward o,HAYWARD O,37.68617570872579,-122.10256842334825,hayward o,True,True,True,0.0
BIG MEADOWS,10281,40.17150258367834,-121.08392810254136,big meadows,BIG MEADOWS,40.17150258367834,-121.08392810254136,big meadows,True,True,True,0.0
WHISMAN,8363,37.40496417559913,-122.0690328952126,whisman,WHISMAN,37.40496417559913,-122.0690328952126,whisman,True,True,True,0.0
SF H (MARTIN),2210,37.70424294017619,-122.40919513249818,sf h martin,SF H (MARTIN),37.70424294017619,-122.40919513249818,sf h martin,False,False,True,0.0
HORSESHOE,15257,38.74422432366909,-121.16136710564363,horseshoe,HORSESHOE,38.74422432366909,-121.16136710564363,horseshoe,True,True,True,0.0
FORT ROSS,4285,38.539950114554514,-123.22321445936709,fort ross,FORT ROSS,38.539950114554514,-123.22321445936709,fort ross,True,True,True,0.0
YOSEMITE,2249,37.72932287844001,-122.39705250965748,yosemite,YOSEMITE,37.72932287844001,-122.39705250965748,yosemite,False,False,True,0.0
WEST SACRAMENTO,6313,38.58949498136971,-121.54527027674682,west sacramento,WEST SACRAMENTO,38.58949498136971,-121.54527027674682,west sacramento,True,True,True,0.0
TIVY VALLEY,25294,36.770688020428544,-119.39266766293925,tivy valley,TIVY VALLEY,36.770688020428544,-119.39266766293925,tivy valley,True,True,True,0.0
SHEPHERD,25206,36.87266718173742,-119.69451127750511,shepherd,SHEPHERD,36.87266718173742,-119.69451127750511,shepherd,False,False,True,0.0
CORONA,4349,38.26512802531959,-122.6571608149265,corona,CORONA,38.26512802531959,-122.6571608149265,corona,True,True,True,0.0
PACIFIC GROVE,18244,36.61716803226243,-121.9191911959669,pacific grove,PACIFIC GROVE,36.61716803226243,-121.9191911959669,pacific grove,True,True,True,0.0
GILL,1355,37.98700838558783,-122.04030298525278,gill,GILL,37.98700838558783,-122.04030298525278,gill,True,True,True,0.0
CAROLANDS,2406,37.552816739650304,-122.3759674032582,carolands,CAROLANDS,37.552816739650304,-122.3759674032582,carolands,True,True,True,0.0
CAMP EVERS,8362,37.04175134982072,-122.02549688702273,camp evers,CAMP EVERS,37.04175134982072,-122.02549688702273,camp evers,True,True,True,0.0
GLENN,10260,39.77771129658629,-122.14217762044808,glenn,GLENN,39.77771129658629,-122.14217762044808,glenn,True,True,True,0.0
SF P (HUNTERS POINT),2233,37.737055022315424,-122.37748705304148,sf p hunters point,SF P (HUNTERS POINT),37.737055022315424,-122.37748705304148,sf p hunters point,False,False,True,0.0
SILVER,2267,37.7292092119054,-122.41440058169415,silver,SILVER,37.7292092119054,-122.41440058169415,silver,False,False,True,0.0
MONTICELLO,4305,38.50914491487987,-122.21449434653393,monticello,MONTICELLO,38.50914491487987,-122.21449434653393,monticello,True,True,True,0.0
RANCHERS COTTON,25480,36.70069654914869,-119.7539900369112,ranchers cotton,RANCHERS COTTON,36.70069654914869,-119.7539900369112,ranchers cotton,True,True,True,0.0
LAYTONVILLE,4268,39.68493707127593,-123.47704802021951,laytonville,LAYTONVILLE,39.68493707127593,-123.47704802021951,laytonville,True,True,True,0.0
RUSSELL,1331,37.85452448999599,-122.27989615948655,russell,RUSSELL,37.85452448999599,-122.27989615948655,russell,False,False,True,0.0
HOOPA,19240,41.0562197839853,-123.6821751759544,hoopa,HOOPA,41.0562197839853,-123.6821751759544,hoopa,True,True,True,0.0
MADERA,25276,36.92328166223725,-120.05507066657292,madera,MADERA,36.92328166223725,-120.05507066657292,madera,False,False,True,0.0
HOLLISTER,18249,36.86291061228925,-121.4059655595244,hollister,HOLLISTER,36.86291061228925,-121.4059655595244,hollister,True,True,True,0.0
PENNGROVE,4347,38.31542240187963,-122.68088467235825,penngrove,PENNGROVE,38.31542240187963,-122.68088467235825,penngrove,True,True,True,0.0
ARVIN,25380,35.14989859396815,-118.87875605697371,arvin,ARVIN,35.14989859396815,-118.87875605697371,arvin,True,True,True,0.0
FORT BRAGG A,4276,39.4353215496146,-123.79944585942631,fort bragg a,FORT BRAGG A,39.4353215496146,-123.79944585942631,fort bragg a,False,False,True,0.0
COTTLE,16371,37.772814224827606,-120.826244610004,cottle,COTTLE,37.772814224827606,-120.826244610004,cottle,True,True,True,0.0
OCEAN,2258,37.72329584444796,-122.45488992150584,ocean,OCEAN,37.72329584444796,-122.45488992150584,ocean,False,False,True,0.0
6TH AVENUE,2253,37.78165946851242,-122.4647973814628,6th avenue,6TH AVENUE,37.78165946851242,-122.4647973814628,6th avenue,False,False,True,0.0
VIEJO,18285,36.578607210500685,-121.90842396908974,viejo,VIEJO,36.578607210500685,-121.90842396908974,viejo,True,True,True,0.0
SAN BRUNO,2270,37.62096289057508,-122.42531311330475,san bruno,SAN BRUNO,37.62096289057508,-122.42531311330475,san bruno,True,True,True,0.0
OCEANO,18260,35.10171002130732,-120.58099919103158,oceano,OCEANO,35.10171002130732,-120.58099919103158,oceano,True,True,True,0.0
CUYAMA,25314,34.927616278599906,-119.62029680803812,cuyama,CUYAMA,34.927616278599906,-119.62029680803812,cuyama,True,True,True,0.0
HALF MOON BAY,2410,37.46904870806549,-122.4294538339823,half moon bay,HALF MOON BAY,37.46904870806549,-122.4294538339823,half moon bay,False,False,True,0.0
PALO SECO,1318,37.81955732296677,-122.20690655429549,palo seco,PALO SECO,37.81955732296677,-122.20690655429549,palo seco,True,True,True,0.0
LOYOLA,8216,37.36101855697285,-122.09928092012728,loyola,LOYOLA,37.36101855697285,-122.09928092012728,loyola,True,True,True,0.0
MENDOCINO,4295,39.25063932695956,-123.19762575124754,mendocino,MENDOCINO,39.25063932695956,-123.19762575124754,mendocino,True,True,True,0.0
EMERALD LAKE,2408,37.46149299207372,-122.2772794279851,emerald lake,EMERALD LAKE,37.46149299207372,-122.2772794279851,emerald lake,True,True,True,0.0
BURNS,18358,37.09517776069064,-122.14368831593914,burns,BURNS,37.09517776069064,-122.14368831593914,burns,True,True,True,0.0
MOLINO,4257,38.425711114587386,-122.83287143283748,molino,MOLINO,38.425711114587386,-122.83287143283748,molino,True,True,True,0.0
MAXWELL,6288,39.27720532980578,-122.15302787153044,maxwell,MAXWELL,39.27720532980578,-122.15302787153044,maxwell,True,True,True,0.0
LOCKHEED NO 2,8300,37.41633412032817,-122.03185703639838,lockheed no 2,LOCKHEED NO 2,37.41633412032817,-122.03185703639838,lockheed no 2,False,False,True,0.0
WARD,1298,37.7223556609754,-122.16118821037313,ward,WARD,37.7223556609754,-122.16118821037313,ward,True,True,True,0.0
ASHLAN AVE,25205,36.79285389656522,-119.82738205997627,ashlan ave,ASHLAN AVE,36.79285389656522,-119.82738205997627,ashlan ave,True,True,True,0.0
NEWARK 21KV,1223,37.50289932556285,-121.98163324660962,newark 21kv,NEWARK 21KV,37.50289932556285,-121.98163324660962,newark 21kv,False,False,True,0.0
DALY CITY,2264,37.69202059210078,-122.45565658797352,daly city,DALY CITY,37.69202059210078,-122.45565658797352,daly city,True,True,True,0.0
SF E,2207,37.75998246201988,-122.42031135616251,sf e,SF E,37.75998246201988,-122.42031135616251,sf e,False,False,True,0.0
LAWNDALE,2244,37.66284710325899,-122.44306917304786,lawndale,LAWNDALE,37.66284710325899,-122.44306917304786,lawndale,True,True,True,0.0
BERESFORD,2404,37.56455256555905,-122.31946336534357,beresford,BERESFORD,37.56455256555905,-122.31946336534357,beresford,True,True,True,0.0
BIOLA,25221,36.79252636020794,-120.11415824294244,biola,BIOLA,36.79252636020794,-120.11415824294244,biola,True,True,True,0.0
MC ARTHUR,10349,41.0514109866347,-121.40819070502693,mc arthur,MC ARTHUR,41.0514109866347,-121.40819070502693,mc arthur,True,True,True,0.0
CHOLAME,18256,35.68629650117082,-120.33615099258384,cholame,CHOLAME,35.68629650117082,-120.33615099258384,cholame,False,False,True,0.0
CABRILLO,18310,34.643231832675774,-120.4373602032375,cabrillo,CABRILLO,34.643231832675774,-120.4373602032375,cabrillo,True,True,True,0.0
PARSONS,1366,37.702249031979264,-122.08272925560476,parsons,PARSONS,37.702249031979264,-122.08272925560476,parsons,True,True,True,0.0
BROWNS VALLEY,15292,39.22604998760262,-121.42343570527576,browns valley,BROWNS VALLEY,39.22604998760262,-121.42343570527576,browns valley,True,True,True,0.0
PETALUMA C,4263,38.23949974182017,-122.63676111116996,petaluma c,PETALUMA C,38.23949974182017,-122.63676111116996,petaluma c,False,False,True,0.0
ANITA,10284,39.81086776157862,-121.91991335854588,anita,ANITA,39.81086776157862,-121.91991335854588,anita,False,False,True,0.0
PARLIER,25229,36.60756183371276,-119.52147471307352,parlier,PARLIER,36.60756183371276,-119.52147471307352,parlier,True,True,True,0.0
HARTLEY,4321,39.07670414389441,-122.93340708386404,hartley,HARTLEY,39.07670414389441,-122.93340708386404,hartley,True,True,True,0.0
SPENCE,18220,36.61397731072983,-121.56666763878204,spence,SPENCE,36.61397731072983,-121.56666763878204,spence,True,True,True,0.0
SULLIVAN,2285,37.68724547633245,-122.4717637101012,sullivan,SULLIVAN,37.68724547633245,-122.4717637101012,sullivan,False,False,True,0.0
JUDAH,2240,37.76070385654141,-122.493499260624,judah,JUDAH,37.76070385654141,-122.493499260624,judah,False,False,True,0.0
BLUE LAKE,19218,40.88014012907379,-123.98025783924872,blue lake,BLUE LAKE,40.88014012907379,-123.98025783924872,blue lake,True,True,True,0.0
GRANT,1438,37.67180204255067,-122.15958413255876,grant,GRANT,37.67180204255067,-122.15958413255876,grant,True,True,True,0.0
RICHMOND R,1347,37.92625133438892,-122.36966637516512,richmond r,RICHMOND R,37.92625133438892,-122.36966637516512,richmond r,True,True,True,0.0
MC KEE,8353,37.36629769546083,-121.84378234897032,mc kee,MC KEE,37.36629769546083,-121.84378234897032,mc kee,True,True,True,0.0
CAYUCOS,18255,35.44897550448366,-120.87040792910972,cayucos,CAYUCOS,35.44897550448366,-120.87040792910972,cayucos,True,True,True,0.0
WAHTOKE,25453,36.61521376920539,-119.45225124272176,wahtoke,WAHTOKE,36.61521376920539,-119.45225124272176,wahtoke,True,True,True,0.0
VASCO,1375,37.71097214981069,-121.71567702519704,vasco,VASCO,37.71097214981069,-121.71567702519704,vasco,True,True,True,0.0
EEL RIVER,19238,40.60254042515516,-124.20988251695042,eel river,EEL RIVER,40.60254042515516,-124.20988251695042,eel river,True,True,True,0.0
WILLOW PASS,1391,38.02501979007568,-121.96117701573776,willow pass,WILLOW PASS,38.02501979007568,-121.96117701573776,willow pass,True,True,True,0.0
BRENTWOOD,1459,37.91951019657826,-121.6770008771395,brentwood,BRENTWOOD,37.91951019657826,-121.6770008771395,brentwood,True,True,True,0.0
SARATOGA,8337,37.28110735135594,-122.015662147593,saratoga,SARATOGA,37.28110735135594,-122.015662147593,saratoga,True,True,True,0.0
WILLIAMS,6205,39.15751081265503,-122.14773879689832,williams,WILLIAMS,39.15751081265503,-122.14773879689832,williams,True,True,True,0.0
OROVILLE,10252,39.50420642182479,-121.56020606130058,oroville,OROVILLE,39.50420642182479,-121.56020606130058,oroville,True,True,True,0.0
ARCATA,19202,40.86730949748007,-124.08825985825644,arcata,ARCATA,40.86730949748007,-124.08825985825644,arcata,True,True,True,0.0
MERCED FALLS,25281,37.52304085412926,-120.33024521668725,merced falls,MERCED FALLS,37.52304085412926,-120.33024521668725,merced falls,True,True,True,0.0
REDWOOD CITY,2416,37.49079641984113,-122.21284294525265,redwood city,REDWOOD CITY,37.49079641984113,-122.21284294525265,redwood city,True,True,True,0.0
METTLER,16370,38.07824965745363,-121.28692033613773,mettler,METTLER,38.07824965745363,-121.28692033613773,mettler,True,True,True,0.0
COTTONWOOD,10293,40.39732263215315,-122.26727834579738,cottonwood,COTTONWOOD,40.39732263215315,-122.26727834579738,cottonwood,True,True,True,0.0
EL DORADO PH,15276,38.79358310217803,-120.61933508570162,el dorado ph,EL DORADO PH,38.79358310217803,-120.61933508570162,el dorado ph,False,False,True,0.0
RIVER OAKS,8234,37.41128179639234,-121.92707411842656,river oaks,RIVER OAKS,37.41128179639234,-121.92707411842656,river oaks,True,True,True,0.0
BEACH (Q),2234,37.80767668920345,-122.41439367858108,beach q,BEACH (Q),37.80767668920345,-122.41439367858108,beach q,False,False,True,0.0
PHILO,4260,39.06446920578099,-123.43729611086648,philo,PHILO,39.06446920578099,-123.43729611086648,philo,True,True,True,0.0
NOTRE DAME,10204,39.73006455906166,-121.79624495707743,notre dame,NOTRE DAME,39.73006455906166,-121.79624495707743,notre dame,True,True,True,0.0
DOBBINS,15374,39.340076339250025,-121.19541552842642,dobbins,DOBBINS,39.340076339250025,-121.19541552842642,dobbins,True,True,True,0.0
POINT ARENA,4338,38.912156018548,-123.67866119514616,point arena,POINT ARENA,38.912156018548,-123.67866119514616,point arena,True,True,True,0.0
LINCOLN,15370,38.900472292516405,-121.29424750207652,lincoln,LINCOLN,38.900472292516405,-121.29424750207652,lincoln,True,True,True,0.0
GIRVAN,10340,40.51345782429336,-122.37892882123532,girvan,GIRVAN,40.51345782429336,-122.37892882123532,girvan,True,True,True,0.0
DIAMOND SPRINGS,15226,38.69335810297077,-120.82605011972905,diamond springs,DIAMOND SPRINGS,38.69335810297077,-120.82605011972905,diamond springs,True,True,True,0.0
WESTLAKE,2260,37.69887646243163,-122.48018281387162,westlake,WESTLAKE,37.69887646243163,-122.48018281387162,westlake,False,False,True,0.0
LOS OSITOS,18208,36.293861081093134,-121.19982427087686,los ositos,LOS OSITOS,36.293861081093134,-121.19982427087686,los ositos,True,True,True,0.0
WESTPARK,25370,35.37405023329696,-119.04033986202364,westpark,WESTPARK,35.37405023329696,-119.04033986202364,westpark,False,False,True,0.0
CARNERAS,25232,35.5408527000329,-119.80462245906078,carneras,CARNERAS,35.5408527000329,-119.80462245906078,carneras,True,True,True,0.0
SUMMIT,15259,39.31945516117808,-120.37918428385689,summit,SUMMIT,39.31945516117808,-120.37918428385689,summit,True,True,True,0.0
TYLER,10357,40.13845382134672,-122.20839746763076,tyler,TYLER,40.13845382134672,-122.20839746763076,tyler,True,True,True,0.0
BIG RIVER,4308,39.31134527209194,-123.78666920979292,big river,BIG RIVER,39.31134527209194,-123.78666920979292,big river,True,True,True,0.0
KERMAN,25271,36.69166461699721,-120.06003825090616,kerman,KERMAN,36.69166461699721,-120.06003825090616,kerman,True,True,True,0.0
NORIEGA,2251,37.752473274537806,-122.50475444624009,noriega,NORIEGA,37.752473274537806,-122.50475444624009,noriega,False,False,True,0.0
GREENBRAE,4309,37.93806581399283,-122.51415076392202,greenbrae,GREENBRAE,37.93806581399283,-122.51415076392202,greenbrae,True,True,True,0.0
ECHO SUMMIT,15803,38.82437656201053,-120.0284989889445,echo summit,ECHO SUMMIT,38.82437656201053,-120.0284989889445,echo summit,False,False,True,0.0
WATERSHED,2424,37.48720723663254,-122.31003681213176,watershed,WATERSHED,37.48720723663254,-122.31003681213176,watershed,True,True,True,0.0
HAAS,25993,36.92739381730309,-119.02017254615168,haas,HAAS,36.92739381730309,-119.02017254615168,haas,True,True,True,0.0
CLAYTON,1202,37.94428985556829,-121.96926364911442,clayton,CLAYTON,37.94428985556829,-121.96926364911442,clayton,True,True,True,0.0
SOLANO,1314,37.89093964397114,-122.29229298057712,solano,SOLANO,37.89093964397114,-122.29229298057712,solano,True,True,True,0.0
DIXON,6206,38.44526066389723,-121.82592500657064,dixon,DIXON,38.44526066389723,-121.82592500657064,dixon,True,True,True,0.0
ARBUCKLE,6208,39.01767623855932,-122.0610830521299,arbuckle,ARBUCKLE,39.01767623855932,-122.0610830521299,arbuckle,True,True,True,0.0
NORD,10307,39.76022573614664,-121.90699546602146,nord,NORD,39.76022573614664,-121.90699546602146,nord,True,True,True,0.0
FAIRHAVEN,19245,40.80053988251958,-124.1961850487832,fairhaven,FAIRHAVEN,40.80053988251958,-124.1961850487832,fairhaven,True,True,True,0.0
OLD RIVER,25282,35.20832874558806,-119.10078114322462,old river,OLD RIVER,35.20832874558806,-119.10078114322462,old river,True,True,True,0.0
HARTER,15285,39.1430758668314,-121.64781496424256,harter,HARTER,39.1430758668314,-121.64781496424256,harter,True,True,True,0.0
SNEATH LANE,2272,37.62198851913939,-122.44686234566812,sneath lane,SNEATH LANE,37.62198851913939,-122.44686234566812,sneath lane,True,True,True,0.0
NEWARK 12KV,1222,37.50151207995332,-121.98896346778255,newark 12kv,NEWARK 12KV,37.50151207995332,-121.98896346778255,newark 12kv,False,False,True,0.0
CALPELLA,4341,39.19727795800626,-123.1925392202005,calpella,CALPELLA,39.19727795800626,-123.1925392202005,calpella,True,True,True,0.0
INDIAN FLAT,25269,37.66553336561797,-119.84124163589712,indian flat,INDIAN FLAT,37.66553336561797,-119.84124163589712,indian flat,True,True,True,0.0
RESERVATION ROAD,18273,36.62420269765867,-121.68862755200468,reservation road,RESERVATION ROAD,36.62420269765867,-121.68862755200468,reservation road,True,True,True,0.0
RADUM,1315,37.67228311817145,-121.85958601044506,radum,RADUM,37.67228311817145,-121.85958601044506,radum,True,True,True,0.0
RAWSON,10353,40.14506917599813,-122.2122547593741,rawson,RAWSON,40.14506917599813,-122.2122547593741,rawson,False,False,True,0.0
ORTIGA,25431,36.983443336036615,-120.8198332500453,ortiga,ORTIGA,36.983443336036615,-120.8198332500453,ortiga,True,True,True,0.0
COALINGA NO 1,25216,36.13620074047216,-120.34415486251105,coalinga no 1,COALINGA NO 1,36.13620074047216,-120.34415486251105,coalinga no 1,False,False,True,0.0
ORO FINO,10303,39.87163789301229,-121.611036786173,oro fino,ORO FINO,39.87163789301229,-121.611036786173,oro fino,True,True,True,0.0
BUENA VISTA,18226,36.65393162469321,-121.62925836204246,buena vista,BUENA VISTA,36.65393162469321,-121.62925836204246,buena vista,True,True,True,0.0
CLARK ROAD,10309,39.65482672818301,-121.63548123647666,clark road,CLARK ROAD,39.65482672818301,-121.63548123647666,clark road,True,True,True,0.0
VIRGINIA,1378,37.924728371508415,-122.35950190637028,virginia,VIRGINIA,37.924728371508415,-122.35950190637028,virginia,True,True,True,0.0
COUNTRY CLUB,16312,37.97960932789654,-121.31570780413264,country club,COUNTRY CLUB,37.97960932789654,-121.31570780413264,country club,True,True,True,0.0
WEEDPATCH,25297,35.223900483374415,-118.88000875571748,weedpatch,WEEDPATCH,35.223900483374415,-118.88000875571748,weedpatch,True,True,True,0.0
WHITMORE,10360,40.6295221042704,-121.91545710136442,whitmore,WHITMORE,40.6295221042704,-121.91545710136442,whitmore,True,True,True,0.0
GREEN VALLEY,8319,36.952075206180815,-121.7601230620376,green valley,GREEN VALLEY,36.952075206180815,-121.7601230620376,green valley,True,True,True,0.0
BAYWOOD,18280,35.36100149108163,-120.8115828504644,baywood,BAYWOOD,35.36100149108163,-120.8115828504644,baywood,True,True,True,0.0
FREMONT,1435,37.5418196595348,-121.961946339948,fremont,FREMONT,37.5418196595348,-121.961946339948,fremont,True,True,True,0.0
MILPITAS,8283,37.41557922482778,-121.88806969825762,milpitas,MILPITAS,37.41557922482778,-121.88806969825762,milpitas,True,True,True,0.0
MT EDEN,1376,37.63195322408561,-122.1023291475442,mt eden,MT EDEN,37.63195322408561,-122.1023291475442,mt eden,True,True,True,0.0
ANDERSON,10326,40.4500398913538,-122.3047386818897,anderson,ANDERSON,40.4500398913538,-122.3047386818897,anderson,True,True,True,0.0
CROWS LANDING,16325,37.37774567278726,-121.08632626856836,crows landing,CROWS LANDING,37.37774567278726,-121.08632626856836,crows landing,True,True,True,0.0
WHEATLAND,15281,39.013259823908015,-121.41884454220936,wheatland,WHEATLAND,39.013259823908015,-121.41884454220936,wheatland,True,True,True,0.0
HARDING,16331,37.96361485228802,-121.29066673738885,harding,HARDING,37.96361485228802,-121.29066673738885,harding,True,True,True,0.0
MOUNTAIN VIEW,8203,37.38264012657535,-122.06962750222034,mountain view,MOUNTAIN VIEW,37.38264012657535,-122.06962750222034,mountain view,False,False,True,0.0
GONZALES,18213,36.50924719473701,-121.44649143497328,gonzales,GONZALES,36.50924719473701,-121.44649143497328,gonzales,True,True,True,0.0
NAPA,4202,38.29522583876939,-122.27848498957331,napa,NAPA,38.29522583876939,-122.27848498957331,napa,True,True,True,0.0
LODI,16211,38.137240812553664,-121.26217434307496,lodi,LODI,38.137240812553664,-121.26217434307496,lodi,False,False,True,0.0
WALL,1374,37.92740629292976,-122.31817641662892,wall,WALL,37.92740629292976,-122.31817641662892,wall,False,False,True,0.0
SAN JOAQUIN #3,25253,37.25390411510671,-119.51929522608286,san joaquin 3,SAN JOAQUIN #3,37.25390411510671,-119.51929522608286,san joaquin 3,False,False,True,0.0
SF M,2227,37.733508415379255,-122.43054770849852,sf m,SF M,37.733508415379255,-122.43054770849852,sf m,False,False,True,0.0
BECK STREET,1264,37.76624214689912,-122.17570399534448,beck street,BECK STREET,37.76624214689912,-122.17570399534448,beck street,False,False,True,0.0
RIPON,16380,37.75576421896199,-121.14626329694828,ripon,RIPON,37.75576421896199,-121.14626329694828,ripon,True,True,True,0.0
VACAVILLE,6360,38.35652261234486,-121.98035345499687,vacaville,VACAVILLE,38.35652261234486,-121.98035345499687,vacaville,True,True,True,0.0
OAKHURST,25442,37.321751489665104,-119.63425437090476,oakhurst,OAKHURST,37.321751489665104,-119.63425437090476,oakhurst,True,True,True,0.0
MAGUNDEN,25277,35.36190117650727,-118.92383965394583,magunden,MAGUNDEN,35.36190117650727,-118.92383965394583,magunden,True,True,True,0.0
KINGSBURG,25224,36.4886216034969,-119.5824905378176,kingsburg,KINGSBURG,36.4886216034969,-119.5824905378176,kingsburg,True,True,True,0.0
SAN LEANDRO U,1311,37.710671483216295,-122.14868122906188,san leandro u,SAN LEANDRO U,37.710671483216295,-122.14868122906188,san leandro u,True,True,True,0.0
PLAINFIELD,6344,38.6182663711888,-121.79358211851525,plainfield,PLAINFIELD,38.6182663711888,-121.79358211851525,plainfield,True,True,True,0.0
STONE,8370,37.30430354718722,-121.8681773963203,stone,STONE,37.30430354718722,-121.8681773963203,stone,True,True,True,0.0
LERDO,25349,35.500438317703164,-119.15186971490876,lerdo,LERDO,35.500438317703164,-119.15186971490876,lerdo,True,True,True,0.0
FRUITVALE,25339,35.37778171713446,-119.09265249949172,fruitvale,FRUITVALE,35.37778171713446,-119.09265249949172,fruitvale,True,True,True,0.0
WASCO,25296,35.6019019395657,-119.32598797488932,wasco,WASCO,35.6019019395657,-119.32598797488932,wasco,True,True,True,0.0
LINDEN,16207,38.0167719179122,-121.09611286247085,linden,LINDEN,38.0167719179122,-121.09611286247085,linden,True,True,True,0.0
ROB ROY,8369,36.97944444856634,-121.86712902180676,rob roy,ROB ROY,36.97944444856634,-121.86712902180676,rob roy,True,True,True,0.0
PASO ROBLES,18261,35.615659121898986,-120.67926595289852,paso robles,PASO ROBLES,35.615659121898986,-120.67926595289852,paso robles,True,True,True,0.0
STOCKDALE,25407,35.31647157909954,-119.06802793721036,stockdale,STOCKDALE,35.31647157909954,-119.06802793721036,stockdale,True,True,True,0.0
MORRO BAY,18301,35.374352209340344,-120.85564135935418,morro bay,MORRO BAY,35.374352209340344,-120.85564135935418,morro bay,True,True,True,0.0
TRACY,16288,37.74813194950613,-121.41575105836796,tracy,TRACY,37.74813194950613,-121.41575105836796,tracy,True,True,True,0.0
MORAGA,1380,37.84853384034408,-122.16184860596728,moraga,MORAGA,37.84853384034408,-122.16184860596728,moraga,True,True,True,0.0
FIGARDEN,25455,36.82143004382485,-119.85912186746845,figarden,FIGARDEN,36.82143004382485,-119.85912186746845,figarden,False,False,True,0.0
BARRETT,1302,37.93963708159622,-122.3466580473046,barrett,BARRETT,37.93963708159622,-122.3466580473046,barrett,True,True,True,0.0
REEDLEY,25234,36.604246761895766,-119.37597494144654,reedley,REEDLEY,36.604246761895766,-119.37597494144654,reedley,True,True,True,0.0
KERCKHOFF,25256,37.09207364074768,-119.55301276394894,kerckhoff,KERCKHOFF,37.09207364074768,-119.55301276394894,kerckhoff,False,False,True,0.0
OAKLAND D,1204,37.837475094130205,-122.26158519172704,oakland d,OAKLAND D,37.837475094130205,-122.26158519172704,oakland d,True,True,True,0.0
WYANDOTTE,10291,39.49164315311975,-121.54096296885037,wyandotte,WYANDOTTE,39.49164315311975,-121.54096296885037,wyandotte,True,True,True,0.0
NEWBURG,19215,40.594817406183694,-124.13502277842233,newburg,NEWBURG,40.594817406183694,-124.13502277842233,newburg,True,True,True,0.0
RIO BRAVO,25286,35.44206083008288,-119.26062694774596,rio bravo,RIO BRAVO,35.44206083008288,-119.26062694774596,rio bravo,True,True,True,0.0
VINEYARD,1450,37.66981508616917,-121.85487819350168,vineyard,VINEYARD,37.66981508616917,-121.85487819350168,vineyard,True,True,True,0.0
ATWATER,25361,37.3600903184248,-120.61458852452108,atwater,ATWATER,37.3600903184248,-120.61458852452108,atwater,True,True,True,0.0
FROGTOWN,16345,38.05723780621027,-120.5341629491827,frogtown,FROGTOWN,38.05723780621027,-120.5341629491827,frogtown,True,True,True,0.0
FULTON,4256,38.497363244277295,-122.76136488870888,fulton,FULTON,38.497363244277295,-122.76136488870888,fulton,True,True,True,0.0
MIRABEL,4209,38.48962828607511,-122.89415788279445,mirabel,MIRABEL,38.48962828607511,-122.89415788279445,mirabel,True,True,True,0.0
BELL,15270,38.946685494069264,-121.0914507213159,bell,BELL,38.946685494069264,-121.0914507213159,bell,True,True,True,0.0
LAMONT,25391,35.29714530040142,-118.8617741098652,lamont,LAMONT,35.29714530040142,-118.8617741098652,lamont,True,True,True,0.0
JACINTO,10285,39.58288667011789,-122.01062919339816,jacinto,JACINTO,39.58288667011789,-122.01062919339816,jacinto,True,True,True,0.0
RIVERBANK,16319,37.76887583084935,-120.90778635201956,riverbank,RIVERBANK,37.76887583084935,-120.90778635201956,riverbank,True,True,True,0.0
ATASCADERO,18254,35.4651926369646,-120.6714179229173,atascadero,ATASCADERO,35.4651926369646,-120.6714179229173,atascadero,True,True,True,0.0
EAST GRAND,2257,37.65396784266645,-122.40420306125036,east grand,EAST GRAND,37.65396784266645,-122.40420306125036,east grand,True,True,True,0.0
SYCAMORE CREEK,10297,39.76887891514183,-121.82323209706044,sycamore creek,SYCAMORE CREEK,39.76887891514183,-121.82323209706044,sycamore creek,True,True,True,0.0
BURLINGAME,2405,37.589994031230255,-122.3628212137506,burlingame,BURLINGAME,37.589994031230255,-122.3628212137506,burlingame,True,True,True,0.0
LOS MOLINOS,10348,40.03430703089894,-122.09587413860588,los molinos,LOS MOLINOS,40.03430703089894,-122.09587413860588,los molinos,True,True,True,0.0
STOCKTON ACRES,16322,37.9630980647908,-121.3237146106475,stockton acres,STOCKTON ACRES,37.9630980647908,-121.3237146106475,stockton acres,True,True,True,0.0
VALLEY HOME,16298,37.85608548958504,-120.94440964637616,valley home,VALLEY HOME,37.85608548958504,-120.94440964637616,valley home,True,True,True,0.0
HIGGINS,15269,39.04402916015481,-121.0909371400403,higgins,HIGGINS,39.04402916015481,-121.0909371400403,higgins,True,True,True,0.0
COTATI,4227,38.30980554981653,-122.73175577070296,cotati,COTATI,38.30980554981653,-122.73175577070296,cotati,True,True,True,0.0
RENFRO,25457,35.3871335591251,-119.1642609395004,renfro,RENFRO,35.3871335591251,-119.1642609395004,renfro,True,True,True,0.0
FRENCH CAMP,16329,37.881897863897066,-121.29042050604268,french camp,FRENCH CAMP,37.881897863897066,-121.29042050604268,french camp,True,True,True,0.0
CHOWCHILLA,25410,37.12083563007519,-120.25043505532854,chowchilla,CHOWCHILLA,37.12083563007519,-120.25043505532854,chowchilla,True,True,True,0.0
MIDWAY,25261,35.40071397340408,-119.44889279756244,midway,MIDWAY,35.40071397340408,-119.44889279756244,midway,True,True,True,0.0
PANOCHE,25367,36.65147106321651,-120.58017074552066,panoche,PANOCHE,36.65147106321651,-120.58017074552066,panoche,True,True,True,0.0
SISQUOC,18281,34.87888609675112,-120.3307559903573,sisquoc,SISQUOC,34.87888609675112,-120.3307559903573,sisquoc,True,True,True,0.0
WEST FRESNO,25373,36.71798260214739,-119.81904246829367,west fresno,WEST FRESNO,36.71798260214739,-119.81904246829367,west fresno,True,True,True,0.0
SAN LUIS OBISPO,18263,35.26178451937213,-120.63457824118316,san luis obispo,SAN LUIS OBISPO,35.26178451937213,-120.63457824118316,san luis obispo,True,True,True,0.0
OLIVEHURST,15290,39.09191021084869,-121.54283685629107,olivehurst,OLIVEHURST,39.09191021084869,-121.54283685629107,olivehurst,True,True,True,0.0
NORTECH,8246,37.42095169352169,-121.9604588755621,nortech,NORTECH,37.42095169352169,-121.9604588755621,nortech,True,True,True,0.0
KNIGHTS LANDING,6272,38.80894434056115,-121.74638901920422,knights landing,KNIGHTS LANDING,38.80894434056115,-121.74638901920422,knights landing,True,True,True,0.0
SMYRNA,25355,35.717948469880604,-119.45528357473574,smyrna,SMYRNA,35.717948469880604,-119.45528357473574,smyrna,True,True,True,0.0
BONNIE NOOK,15230,39.21451033170248,-120.80959918082056,bonnie nook,BONNIE NOOK,39.21451033170248,-120.80959918082056,bonnie nook,True,True,True,0.0
CORNING,10333,39.932572768315495,-122.18734884261642,corning,CORNING,39.932572768315495,-122.18734884261642,corning,True,True,True,0.0
EL PATIO,8292,37.29163644525506,-121.93561870955156,el patio,EL PATIO,37.29163644525506,-121.93561870955156,el patio,True,True,True,0.0
PIT NO 3,10373,40.99802297914013,-121.7472863637594,pit no 3,PIT NO 3,40.99802297914013,-121.7472863637594,pit no 3,False,False,True,0.0
FITCH MOUNTAIN,4275,38.606826614556056,-122.85303132509898,fitch mountain,FITCH MOUNTAIN,38.606826614556056,-122.85303132509898,fitch mountain,False,False,True,0.0
STANISLAUS,16282,38.14006225541333,-120.36971689458166,stanislaus,STANISLAUS,38.14006225541333,-120.36971689458166,stanislaus,False,False,True,0.0
PLACERVILLE,15308,38.730977599017024,-120.78350575501544,placerville,PLACERVILLE,38.730977599017024,-120.78350575501544,placerville,True,True,True,0.0
EIGHT MILE,16391,38.058406468108736,-121.37663705496492,eight mile,EIGHT MILE,38.058406468108736,-121.37663705496492,eight mile,True,True,True,0.0
AIRWAYS,25204,36.77817677583952,-119.67395617756009,airways,AIRWAYS,36.77817677583952,-119.67395617756009,airways,True,True,True,0.0
BERKELEY F,1206,37.87234225189556,-122.27809421905329,berkeley f,BERKELEY F,37.87234225189556,-122.27809421905329,berkeley f,True,True,True,0.0
CASSERLY,8311,36.96982661403625,-121.7670741950634,casserly,CASSERLY,36.96982661403625,-121.7670741950634,casserly,False,False,True,0.0
EL CAPITAN,25388,37.33595281998132,-120.50540396991832,el capitan,EL CAPITAN,37.33595281998132,-120.50540396991832,el capitan,True,True,True,0.0
