SUB_NAME,SUBST_ID,SYS_NAME,SUB_TYPE,SUB_TYPE_LEGEND,SUBSTATION_VOLTAGE,EXISTING_GEN,QUEUED_GEN,TOTAL_GEN,PROJECTED_LOAD,PENETRATION_LEVEL,MAX_REMAIN_CAP,NOTE,OBJECTID,longitude,latitude
Yacht P.T.,2224,Santiago 220/66 System,A -- District Pole Top,Distribution,12/4.16 kV,0.23,0.015,0.246,2.0,12.26,3.5,Interconnection studies in this area have identified adequate deliverability.,5,-117.88379972383537,33.60777944311863
Yankee P.T.,1605,Vestal 220/66 System,A -- District Pole Top,Distribution,12/2.4 kV,0.0,0.0,0.0,0.0,0.0,0.05,Interconnection studies in this area have identified inadequate deliverability.,6,-118.4183870538017,35.62331865392004
Ziggy P.T.,2054,Kramer 220/115 System,A -- District Pole Top,Distribution,2.4/12 kV,0.0,0.0,0.0,0.0,0.0,0.17,Interconnection studies in this area have identified inadequate deliverability.,14,-117.53998139159704,34.98711204178539
Pheasant P.T.,1506,El Casco 220/115 System,A -- District Pole Top,Distribution,33/12 kV,0.444,0.04,0.484,1.0,48.4,0.52,Deliverability in this area has not been determined by previous interconnection studies.,18,-116.89759266587669,33.96779900311329
Primm,2167,Eldorado 220/115 System,T -- Transmission,Subtransmission / Transmission,220/115 kV,0.0,0.0,0.0,0.0,0.0,0.0,Interconnection studies in this area have identified inadequate deliverability.,32,-115.3492069963033,35.6409529977446
Pruitt P.T.,2195,La Fresa 220/66 System,A -- District Pole Top,Distribution,16/4.16 kV,0.271,0.006,0.277,0.7,39.55,0.72,Interconnection studies in this area have identified adequate deliverability.,34,-118.3639673395868,33.85874370930089
Queen Mary U.G.S.,1522,Hinson 220/66 System,A -- District Pole Top,Distribution,12/4.16 kV,0.0,0.0,0.0,0.7,0.0,0.75,Interconnection studies in this area have identified adequate deliverability.,37,-118.19134574924804,33.75011514963357
Recycle P.T.,2356,Valley 'Ab' 500/115 System,A -- District Pole Top,Distribution,33/12 kV,0.0,0.0,0.0,0.0,0.0,5.0,Deliverability in this area has not been determined by previous interconnection studies.,47,-117.22667934052474,33.769311283559816
Red Box P.T.,1906,Gould 220/66 System,A -- District Pole Top,Distribution,33/16 kV,0.0,0.0,0.0,0.3,0.0,1.5,Interconnection studies in this area have identified adequate deliverability.,48,-118.1003640930633,34.260373738057446
Regatta P.T.,2287,Big Creek 220/220 System,D -- Distribution,Distribution,33/12 kV,0.0,0.0,0.0,0.6,0.0,1.0,Interconnection studies in this area have identified inadequate deliverability.,52,-119.2324602993806,37.23671983458462
Retreat P.T.,1868,Mira Loma 220/66 System,A -- District Pole Top,Distribution,33/12 kV,1.841,0.134,1.975,4.2,47.44,8.03,Interconnection studies in this area have identified adequate deliverability.,54,-117.5087296597496,33.80542627194658
Ridgeview P.T.,1695,Valley 'Ab' 500/115 System,A -- District Pole Top,Distribution,33/12 kV,0.046,0.0,0.046,3.3,1.38,5.2,Deliverability in this area has not been determined by previous interconnection studies.,57,-116.99926100485908,33.84523899603052
Ronnie P.T.,1535,Center 220/66 System,A -- District Pole Top,Distribution,12/4.16 kV,0.057,0.011,0.068,0.5,13.52,0.93,Interconnection studies in this area have identified adequate deliverability.,65,-118.15910571958877,33.89370286149141
San Vicente,498,La Cienega 220/66 System,D -- Distribution,Distribution,16/4.16 kV,0.521,0.06,0.581,1.4,40.28,5.37,Interconnection studies in this area have identified adequate deliverability.,80,-118.49863429460974,34.02866397869504
Scout P.T.,1569,Victor 220/115 System,A -- District Pole Top,Distribution,33/12 kV,0.0,0.0,0.0,0.0,0.0,0.3,Interconnection studies in this area have identified adequate deliverability.,92,-116.91893140838816,34.31103076158852
Second Avenue,1738,Blythe (Walc) 161/33 System,D -- Distribution,Distribution,33/12 kV,0.629,0.047,0.676,2.5,27.57,4.32,Interconnection studies in this area have identified inadequate deliverability.,95,-114.57157619474964,33.69166725838854
Sespe P.T.,1539,Saugus 220/66 System,A -- District Pole Top,Distribution,16/4.16 kV,0.033,0.0,0.033,0.1,24.47,0.27,Interconnection studies in this area have identified adequate deliverability.,97,-118.93540972338351,34.409905999642085
Sinker P.T.,2243,Inyo Sce 220/115 System,A -- District Pole Top,Distribution,2.4/12 kV,0.0,0.0,0.0,0.2,0.0,0.52,Interconnection studies in this area have identified inadequate deliverability.,105,-118.499682206711,37.32371886917248
Skyborne P.T.,1895,Devers 220/115 System,A -- District Pole Top,Distribution,33/12 kV,0.689,0.065,0.754,1.9,40.61,14.25,Deliverability in this area has not been determined by previous interconnection studies.,108,-116.56609080208187,33.9634093828063
Snowcreek P.T.,1560,Devers 220/115 System,A -- District Pole Top,Distribution,33/12 kV,0.321,0.35,0.671,0.4,184.05,0.33,Deliverability in this area has not been determined by previous interconnection studies.,112,-116.67595756755536,33.904916760230016
Soper P.T.,1992,Del Amo 220/66 System,A -- District Pole Top,Distribution,12/4.16 kV,0.632,0.046,0.677,2.5,27.1,1.82,Interconnection studies in this area have identified adequate deliverability.,116,-118.1191094431758,33.86582283709328
Sophie P.T.,2228,Valley 'D' 500/115 System,A -- District Pole Top,Distribution,33/12 kV,2.173,0.25,2.423,7.9,30.78,7.58,Deliverability in this area has not been determined by previous interconnection studies.,117,-117.2959148993144,33.72370748245825
Southridge P.T.,1549,Devers 220/115 System,A -- District Pole Top,Distribution,33/4.16 kV,0.347,0.056,0.403,1.1,36.44,1.1,Deliverability in this area has not been determined by previous interconnection studies.,120,-116.50266784848702,33.79445005439098
Stewval P.T.,1557,Valley Electric System,A -- District Pole Top,Distribution,25/25 kV,0.0,0.0,0.0,0.0,0.0,0.6,Deliverability in this area has not been determined by previous interconnection studies.,128,-116.12705299749538,36.18544769220795
Stroh P.T.,1568,Mira Loma 220/66 System,A -- District Pole Top,Distribution,33/4.16 kV,0.185,0.005,0.19,0.8,25.39,0.56,Interconnection studies in this area have identified adequate deliverability.,131,-117.52165051890846,33.83854905420777
Styx P.T.,1538,Victor 220/115 System,A -- District Pole Top,Distribution,33/12 kV,1.356,0.117,1.473,3.3,44.39,6.03,Interconnection studies in this area have identified adequate deliverability.,132,-117.20522467565172,34.59965106449961
Sugarloaf P.T.,1561,Vestal 220/66 System,A -- District Pole Top,Distribution,12/2.4 kV,0.0,0.0,0.0,0.1,0.0,0.17,Interconnection studies in this area have identified inadequate deliverability.,133,-118.61610103815796,35.84119712706771
Sunlight P.T.,1567,Lighthipe 220/66 System,A -- District Pole Top,Distribution,12/4.16 kV,0.017,0.0,0.017,0.0,0.0,0.0,Interconnection studies in this area have identified adequate deliverability.,136,-118.1768934648279,33.87973365665105
Surrey U.G.S.,1564,La Fresa 220/66 System,A -- District Pole Top,Distribution,16/4.16 kV,0.257,0.127,0.384,0.4,105.25,1.12,Interconnection studies in this area have identified adequate deliverability.,139,-118.3499964209899,33.75575006143004
Tahquitz P.T.,1573,Valley 'Ab' 500/115 System,A -- District Pole Top,Distribution,33/12 kV,0.349,0.002,0.35,0.5,71.69,0.65,Deliverability in this area has not been determined by previous interconnection studies.,141,-116.73267963167255,33.706694509279565
Tapia,550,Moorpark 220/66 System,D -- Distribution,Distribution,66/16 kV,0.904,0.265,1.169,26.1,4.48,49.23,Interconnection studies in this area have identified adequate deliverability.,144,-118.68464815377833,34.03632128875002
Tatanka P.T.,1308,Goleta 220/66 System,A -- District Pole Top,Distribution,16/4.16 kV,0.207,0.1,0.307,1.3,22.76,1.19,Interconnection studies in this area have identified adequate deliverability.,145,-119.61407210203724,34.43997563487477
Tejon Peak P.T.,1574,Bailey 220/66 System,A -- District Pole Top,Distribution,12/2.4 kV,0.0,0.0,0.0,0.1,0.0,0.1,Interconnection studies in this area have identified adequate deliverability.,147,-118.81914765786487,34.78746751829648
Temescal P.T.,1581,Mira Loma 220/66 System,A -- District Pole Top,Distribution,33/12 kV,1.619,0.0,1.619,4.6,35.46,5.88,Interconnection studies in this area have identified adequate deliverability.,149,-117.51667146058186,33.82799849956841
Timberwine,620,Big Creek 220/220 System,D -- Distribution,Distribution,33/12 kV,0.108,0.0,0.108,2.7,4.05,13.89,Interconnection studies in this area have identified inadequate deliverability.,158,-119.26106387118564,37.13603914241052
Tumbleweed P.T.,1583,Kramer 220/115 System,A -- District Pole Top,Distribution,33/2.4 kV,0.008,0.0,0.008,0.1,5.16,0.69,Interconnection studies in this area have identified inadequate deliverability.,170,-117.6399305395016,35.34632039954138
Tyburn P.T.,1577,La Fresa 220/66 System,A -- District Pole Top,Distribution,16/4.16 kV,0.235,0.04,0.275,0.5,52.43,3.48,Interconnection studies in this area have identified adequate deliverability.,172,-118.4150374659854,33.76234082276714
Universal,714,Eagle Rock 220/66 System,D -- Distribution,Distribution,66/12 kV,0.604,0.0,0.604,4.5,13.44,27.4,Interconnection studies in this area have identified adequate deliverability.,173,-118.3563502272626,34.143280476249465
Valley Of The Moon P.T.,1585,Vista 220/115 System,A -- District Pole Top,Distribution,12/2.4 kV,0.131,0.027,0.158,1.0,15.85,0.84,Interconnection studies in this area have identified adequate deliverability.,178,-117.25983834866324,34.24334825125187
Vanderlip P.T.,1587,La Fresa 220/66 System,A -- District Pole Top,Distribution,16/2.4 kV,0.023,0.0,0.023,0.2,13.63,0.14,Interconnection studies in this area have identified adequate deliverability.,179,-118.37109828367488,33.74749758577968
Via Huerto P.T.,1588,Goleta 220/66 System,A -- District Pole Top,Distribution,16/4.16 kV,0.186,0.02,0.207,0.5,45.75,0.54,Interconnection studies in this area have identified adequate deliverability.,186,-119.78481610250216,34.42852551056769
Vogan P.T.,1995,Del Amo 220/66 System,A -- District Pole Top,Distribution,12/4.16 kV,0.321,0.019,0.34,0.9,36.76,0.66,Interconnection studies in this area have identified adequate deliverability.,193,-118.13016962305164,33.84219925462069
Weesha P.T.,1763,El Casco 220/115 System,A -- District Pole Top,Distribution,33/2.4 kV,0.0,0.0,0.0,0.1,0.0,0.25,Deliverability in this area has not been determined by previous interconnection studies.,202,-116.94889555669124,34.17485310005095
Westfall P.M.,1604,Goleta 220/66 System,A -- District Pole Top,Distribution,16/4.16 kV,0.928,0.105,1.033,1.5,68.84,0.47,Interconnection studies in this area have identified adequate deliverability.,206,-119.74406674690124,34.45401946062403
Chillon P.T.,1335,Vista 220/115 System,A -- District Pole Top,Distribution,12/2.4 kV,0.096,0.0,0.096,1.0,9.63,0.9,Interconnection studies in this area have identified adequate deliverability.,217,-117.25271894571011,34.237491161319305
China Ranch P.T.,1336,Vea Death Valley Junction-72 System,A -- District Pole Top,Distribution,33/2.4 kV,0.0,0.0,0.0,0.0,0.0,0.1,Interconnection studies in this area have identified adequate deliverability.,218,-116.18903964111246,35.82827691887815
Chollita P.T.,1321,Devers 220/115 System,A -- District Pole Top,Distribution,33/12 kV,1.404,0.077,1.481,3.5,41.9,3.52,Deliverability in this area has not been determined by previous interconnection studies.,221,-116.3080615408371,34.13987057719961
Coldbrook P.T.,2050,Del Amo 220/66 System,A -- District Pole Top,Distribution,12/4.16 kV,0.204,0.0,0.204,1.0,20.37,0.8,Interconnection studies in this area have identified adequate deliverability.,226,-118.12132699213583,33.85935675592398
Colton,737,Vista A 220/66 System,D -- Distribution,Distribution,66/12 kV,11.958,2.427,14.385,56.0,25.69,41.62,Interconnection studies in this area have identified adequate deliverability.,229,-117.31516299984052,34.05928099568391
Escondido P.T.,1373,Saugus 220/66 System,A -- District Pole Top,Distribution,16/12 kV,0.0,0.0,0.0,0.0,0.0,1.0,Interconnection studies in this area have identified adequate deliverability.,231,-118.32216227118028,34.489360609943034
Ettalee P.T.,1371,Vea Death Valley Junction-86 System,A -- District Pole Top,Distribution,33/4.16 kV,0.0,0.0,0.0,0.1,0.0,0.15,Interconnection studies in this area have identified adequate deliverability.,235,-116.41507365047508,36.30854453683688
Falls P.T.,1384,Inyo Sce 220/115 System,A -- District Pole Top,Distribution,12/2.4 kV,0.0,0.0,0.0,0.0,0.0,0.1,Interconnection studies in this area have identified inadequate deliverability.,240,-119.0183354078835,37.61929260719179
Fighter P.T.,2239,Mira Loma 220/66 System,A -- District Pole Top,Distribution,33/12 kV,0.53,0.045,0.575,9.0,6.36,9.43,Interconnection studies in this area have identified adequate deliverability.,244,-117.51824665701758,33.818226965303246
Fish Valley,192,Inyo Sce 220/115 System,T -- Transmission,Subtransmission / Transmission,55/55 kV,0.0,0.0,0.0,0.0,0.0,0.0,Interconnection studies in this area have identified inadequate deliverability.,247,-117.8850037564599,37.490690346339534
Flagstone P.T.,2031,Del Amo 220/66 System,A -- District Pole Top,Distribution,12/4.16 kV,0.285,0.0,0.285,0.4,72.04,0.72,Interconnection studies in this area have identified adequate deliverability.,248,-118.12107910289824,33.81906581179163
Granada,404,Eagle Rock 220/66 System,D -- Distribution,Distribution,16/4.16 kV,1.305,0.119,1.424,10.0,14.24,8.58,Interconnection studies in this area have identified adequate deliverability.,249,-118.12156799891294,34.105522002336
Grapevine P.T.,1388,Vea Stateline-86 System,A -- District Pole Top,Distribution,25/12 kV,0.0,0.0,0.0,0.1,0.0,1.0,Deliverability in this area has not been determined by previous interconnection studies.,250,-117.28631243290252,37.05920306834882
Green Bear P.T.,1389,Vista 220/115 System,A -- District Pole Top,Distribution,12/2.4 kV,0.049,0.008,0.057,0.7,7.71,0.94,Interconnection studies in this area have identified adequate deliverability.,252,-117.07987409261612,34.21189424600382
Grimshaw P.T.,1392,Vea Death Valley Junction-72 System,A -- District Pole Top,Distribution,33/2.4 kV,0.006,0.0,0.006,0.4,1.54,0.74,Interconnection studies in this area have identified adequate deliverability.,255,-116.22601109207082,35.84798971593569
Gunsite P.T.,1393,El Casco 220/115 System,A -- District Pole Top,Distribution,33/2.4 kV,0.0,0.0,0.0,0.2,0.0,0.25,Deliverability in this area has not been determined by previous interconnection studies.,256,-116.85622670508616,34.032046956248955
Heartwell P.T.,1996,Del Amo 220/66 System,A -- District Pole Top,Distribution,12/4.16 kV,0.343,0.032,0.376,1.0,37.59,0.62,Interconnection studies in this area have identified adequate deliverability.,266,-118.13356916466896,33.83079573290369
Fortune P.T.,2301,Valley 'Ab' 500/115 System,A -- District Pole Top,Distribution,33/12 kV,0.0,0.0,0.0,0.0,0.0,10.0,Deliverability in this area has not been determined by previous interconnection studies.,270,-116.92905165617078,33.78847912869119
Forty Eight St. P.T.,1381,La Cienega 220/66 System,A -- District Pole Top,Distribution,16/4.16 kV,0.0,0.0,0.0,0.0,0.0,0.5,Interconnection studies in this area have identified adequate deliverability.,271,-118.33120425305948,33.99991006348528
Gabrielino P.T.,2039,Mesa 220/66 System,A -- District Pole Top,Distribution,16/4.16 kV,0.088,0.02,0.108,0.9,12.6,0.89,Interconnection studies in this area have identified adequate deliverability.,277,-118.09351128524295,34.084080889069995
Gage,891,Laguna Bell Ab 220/66 System,D -- Distribution,Distribution,16/4.16 kV,0.184,0.029,0.213,3.8,5.61,7.22,Interconnection studies in this area have identified adequate deliverability.,278,-118.15565626543383,33.96285388729544
Galileo P.T.,1397,Kramer 220/115 System,A -- District Pole Top,Distribution,33/12 kV,0.009,0.0,0.009,0.5,1.84,0.99,Interconnection studies in this area have identified inadequate deliverability.,280,-117.7650016012762,35.218163138249764
Garvey,403,Mesa 220/66 System,D -- Distribution,Distribution,16/4.16 kV,0.94,0.069,1.008,7.9,12.79,12.49,Interconnection studies in this area have identified adequate deliverability.,285,-118.0910441257477,34.06333642914691
George A.F.B.,1671,Victor 220/115 System,D -- Distribution,Distribution,33/4.16 kV,0.0,0.0,0.0,1.3,0.0,15.0,Interconnection studies in this area have identified adequate deliverability.,289,-117.36944495127666,34.57982381229889
Globemaster P.T.,2355,Valley 'Ab' 500/115 System,A -- District Pole Top,Distribution,33/12 kV,0.067,0.043,0.109,10.0,1.1,9.89,Deliverability in this area has not been determined by previous interconnection studies.,294,-117.26437367076043,33.88042232907234
Coso,1892,Kramer 220/115 System,D -- Distribution,Distribution,115/12 kV,0.0,0.0,0.0,2.4,0.0,7.0,Interconnection studies in this area have identified inadequate deliverability.,311,-117.9508794515932,36.082697937378725
Cottage Grove,1346,Vista 220/115 System,A -- District Pole Top,Distribution,12/2.4 kV,0.022,0.0,0.022,0.5,4.37,0.48,Interconnection studies in this area have identified adequate deliverability.,312,-117.19723414306642,34.24375366141106
Cove P.T.,1366,Devers 220/115 System,A -- District Pole Top,Distribution,33/12 kV,0.243,0.038,0.281,2.8,10.12,4.72,Deliverability in this area has not been determined by previous interconnection studies.,314,-116.6051725956054,33.88973706516375
Crawford P.T.,1345,Inyo Sce 220/115 System,A -- District Pole Top,Distribution,12/2.4 kV,0.003,0.0,0.003,0.1,2.22,0.16,Interconnection studies in this area have identified inadequate deliverability.,316,-118.98708328176254,37.62900545166868
Crestwind U.G.S.,1344,La Fresa 220/66 System,A -- District Pole Top,Distribution,16/4.16 kV,0.312,0.047,0.359,1.1,32.54,1.14,Interconnection studies in this area have identified adequate deliverability.,318,-118.41941446413716,33.77852113938615
Crump P.T.,1348,El Casco 220/115 System,A -- District Pole Top,Distribution,33/12 kV,0.134,0.063,0.197,0.7,27.32,1.3,Deliverability in this area has not been determined by previous interconnection studies.,320,-116.92173454047229,34.08919933252988
Daeley P.T.,2046,Center 220/66 System,A -- District Pole Top,Distribution,12/4.16 kV,0.15,0.016,0.166,1.0,16.59,0.83,Interconnection studies in this area have identified adequate deliverability.,326,-118.14182197758188,33.9283278766198
Daisy,886,Hinson 220/66 System,D -- Distribution,Distribution,12/4.16 kV,0.618,0.023,0.64,5.4,11.85,5.36,Interconnection studies in this area have identified adequate deliverability.,328,-118.2000940015866,33.78857299996503
Dalba P.T.,1349,Vista 220/115 System,A -- District Pole Top,Distribution,12/2.4 kV,0.118,0.013,0.131,0.8,17.15,0.87,Interconnection studies in this area have identified adequate deliverability.,329,-117.12039687304828,34.20608557579066
Deluz P.T.,1350,Valley 'D' 500/115 System,A -- District Pole Top,Distribution,33/12 kV,0.625,0.087,0.712,1.5,47.46,0.79,Deliverability in this area has not been determined by previous interconnection studies.,338,-117.18461438567844,33.49973013826498
Dinkey Creek P.T.,1351,Big Creek 220/220 System,A -- District Pole Top,Distribution,12/4.16 kV,0.0,0.0,0.0,0.2,0.0,0.3,Interconnection studies in this area have identified inadequate deliverability.,343,-119.1661012488832,37.06493512397656
Doheny,475,La Cienega 220/66 System,D -- Distribution,Distribution,16/4.16 kV,0.029,0.0,0.029,3.3,0.87,6.87,Interconnection studies in this area have identified adequate deliverability.,345,-118.39157019643156,34.09039725281789
Dolphin P.T.,2160,Santa Clara 220/66 System,D -- Distribution,Distribution,16/4.16 kV,0.0,0.0,0.0,0.6,0.0,0.75,Interconnection studies in this area have identified adequate deliverability.,346,-119.051375324635,34.15954170706311
Domeland P.T.,1363,Kramer 220/115 System,A -- District Pole Top,Distribution,33/12 kV,0.033,0.003,0.036,1.3,2.67,7.46,Interconnection studies in this area have identified inadequate deliverability.,347,-117.851531062441,35.791809933097475
Drinkwater P.T. Pb,2257,Saugus 220/66 System,D -- Distribution,Distribution,2.4/16 kV,0.0,0.0,0.0,0.0,0.0,0.3,Interconnection studies in this area have identified adequate deliverability.,350,-118.45490725587705,34.58798716399067
Dysart P.T.,1364,El Casco 220/115 System,A -- District Pole Top,Distribution,33/12 kV,0.119,0.0,0.119,0.3,43.59,0.63,Deliverability in this area has not been determined by previous interconnection studies.,354,-116.90972073182132,33.896619249714675
Eagle Crest P.T.,2208,Valley 'D' 500/115 System,A -- District Pole Top,Distribution,33/12 kV,0.136,0.017,0.154,1.2,12.85,1.35,Deliverability in this area has not been determined by previous interconnection studies.,355,-117.26877509370809,33.72498088808595
Eagle Mountain,310,Eagle Mountain 220/220 System,D -- Distribution,Distribution,66/12 kV,0.233,3.952,4.185,2.6,161.73,9.82,Interconnection studies in this area have identified inadequate deliverability.,356,-115.45355200188276,33.81142800223903
Elementary P.T.,2038,Mesa 220/66 System,A -- District Pole Top,Distribution,16/4.16 kV,0.189,0.017,0.205,0.8,25.13,0.79,Interconnection studies in this area have identified adequate deliverability.,367,-118.10358632634345,34.10633553615135
Emigrant P.T.,1369,Vea Death Valley Junction-86 System,A -- District Pole Top,Distribution,33/12 kV,0.005,0.447,0.452,0.7,61.82,0.54,Interconnection studies in this area have identified adequate deliverability.,372,-117.14340065601516,36.60388225402959
Escala P.T.,2047,Valley 'D' 500/115 System,A -- District Pole Top,Distribution,33/12 kV,0.611,0.083,0.694,1.2,56.81,4.31,Deliverability in this area has not been determined by previous interconnection studies.,374,-117.33327331429768,33.505778122375155
Aha P.T.,1272,Blythe (Walc) 161/33 System,A -- District Pole Top,Distribution,33/12 kV,0.009,0.0,0.009,2.7,0.33,4.19,Interconnection studies in this area have identified inadequate deliverability.,376,-114.5337720046856,33.86588835692363
Albury P.T.,2049,Del Amo 220/66 System,A -- District Pole Top,Distribution,12/4.16 kV,0.139,0.018,0.157,1.1,14.82,1.84,Interconnection studies in this area have identified adequate deliverability.,377,-118.11677451985788,33.83891625263318
Allview P.T.,1277,Vista 220/115 System,A -- District Pole Top,Distribution,12/2.4 kV,0.031,0.0,0.031,0.4,8.09,0.47,Interconnection studies in this area have identified adequate deliverability.,381,-117.12502108530076,34.21479099860479
Alola,2203,El Casco 220/115 System,D -- Distribution,Distribution,12/2.4 kV,0.012,0.0,0.012,0.2,5.29,0.99,Deliverability in this area has not been determined by previous interconnection studies.,382,-116.88125278288295,33.96941961867055
Alpine P.T.,1276,Vista 220/115 System,A -- District Pole Top,Distribution,12/2.4 kV,0.109,0.015,0.124,1.0,12.22,1.38,Interconnection studies in this area have identified adequate deliverability.,384,-117.23632790733168,34.238664178957094
Armijo P.T.,2093,Kramer 220/115 System,A -- District Pole Top,Distribution,33/12 kV,2.772,5.068,7.84,4.3,182.23,2.16,Interconnection studies in this area have identified inadequate deliverability.,397,-117.2490183897524,34.78433379772276
Arrington P.T.,1998,Del Amo 220/66 System,A -- District Pole Top,Distribution,12/4.16 kV,0.212,0.005,0.217,1.1,19.04,2.28,Interconnection studies in this area have identified adequate deliverability.,398,-118.10043101358654,33.829755520215
Ashley P.T.,2080,Goleta 220/66 System,A -- District Pole Top,Distribution,16/4.16 kV,0.226,0.008,0.234,0.8,28.28,1.27,Interconnection studies in this area have identified adequate deliverability.,402,-119.65588938914516,34.44049966667659
Badwater P.T.,1284,Vea Death Valley Junction-86 System,A -- District Pole Top,Distribution,33/12 kV,0.118,0.095,0.213,3.5,6.06,7.29,Interconnection studies in this area have identified adequate deliverability.,407,-116.8452024905156,36.455969002788585
Bandage P.T.,2286,Devers 220/115 System,A -- District Pole Top,Distribution,33/12 kV,3.929,0.134,4.062,5.0,81.25,0.94,Deliverability in this area has not been determined by previous interconnection studies.,410,-116.46392796750416,33.778606049415224
Banducci,621,Windhub 220/66 System,D -- Distribution,Distribution,66/12 kV,9.242,0.324,9.565,15.3,62.54,46.44,Interconnection studies in this area have identified adequate deliverability.,412,-118.59934938676032,35.09970798299895
Bard P.T.,1285,Santa Clara 220/66 System,A -- District Pole Top,Distribution,16/4.16 kV,0.475,0.026,0.501,1.6,31.04,1.94,Interconnection studies in this area have identified adequate deliverability.,414,-119.18816290220516,34.16027322450465
Barwick P.T.,2070,Goleta 220/66 System,A -- District Pole Top,Distribution,16/2.4 kV,0.047,0.0,0.047,0.1,68.17,0.12,Interconnection studies in this area have identified adequate deliverability.,417,-119.80133317026456,34.421217966055394
Bedford,518,La Cienega 220/66 System,D -- Distribution,Distribution,16/4.16 kV,0.009,0.007,0.016,0.0,0.0,0.0,Interconnection studies in this area have identified adequate deliverability.,422,-118.39930445924148,34.062880472190464
Bessemer P.T.,1297,Victor 220/115 System,A -- District Pole Top,Distribution,33/12 kV,0.004,0.0,0.004,0.0,19.43,0.75,Interconnection studies in this area have identified adequate deliverability.,427,-116.72150157839668,34.40840314814915
Bigfoot P.T.,1289,Rector 220/66 System,A -- District Pole Top,Distribution,12/4.16 kV,0.0,0.0,0.0,0.1,0.0,0.75,Interconnection studies in this area have identified inadequate deliverability.,431,-118.73856106944936,36.60088395546939
Bird Springs P.T.,1306,Vestal 220/66 System,A -- District Pole Top,Distribution,12/2.4 kV,0.0,0.0,0.0,0.0,0.0,0.1,Interconnection studies in this area have identified inadequate deliverability.,432,-118.14249646180583,35.54790360144478
Bixby,826,Alamitos 220/66 System,D -- Distribution,Distribution,12/4.16 kV,0.253,0.024,0.277,5.2,5.35,7.16,Interconnection studies in this area have identified adequate deliverability.,433,-118.17070239713516,33.77254515576724
Black Meadows,1290,Parker 161/66 System,A -- District Pole Top,Distribution,33/12 kV,0.0,0.0,0.0,0.5,0.0,2.5,Interconnection studies in this area have identified inadequate deliverability.,434,-114.19596505767748,34.3487917918322
Blue Cut P.T.,1291,Vista 220/115 System,A -- District Pole Top,Distribution,33/12 kV,0.306,0.017,0.323,1.5,22.25,1.18,Interconnection studies in this area have identified adequate deliverability.,437,-117.46851743847311,34.30773098427744
Blue Ridge P.T.,1296,Victor 220/115 System,A -- District Pole Top,Distribution,12/2.4 kV,0.0,0.0,0.0,0.1,0.0,0.31,Interconnection studies in this area have identified adequate deliverability.,438,-117.69271041942166,34.37737571780408
Blythe (Walc),228,Blythe (Walc) 161/33 System,S -- Sub-transmission,Subtransmission / Transmission,161/33 kV,34.873,0.862,35.735,143.7,24.88,107.92,Interconnection studies in this area have identified inadequate deliverability.,440,-114.6805210000251,33.61169299611282
Blythe City,1636,Blythe (Walc) 161/33 System,D -- Distribution,Distribution,33/12 kV,3.958,0.784,4.742,26.5,17.88,23.26,Interconnection studies in this area have identified inadequate deliverability.,441,-114.59963819241848,33.60578415772661
Brookings P.T.,1301,Vista 220/115 System,A -- District Pole Top,Distribution,12/4.16 kV,0.0,0.0,0.0,0.0,0.0,0.05,Interconnection studies in this area have identified adequate deliverability.,455,-117.12977060041212,34.233039630292566
Brown P.T.,1303,Vea Death Valley Junction-72 System,A -- District Pole Top,Distribution,33/4.16 kV,0.016,0.0,0.016,0.4,4.38,0.73,Interconnection studies in this area have identified adequate deliverability.,456,-116.2630220375144,35.9797923321422
Cal City 'A',1819,Kramer 220/115 System,D -- Distribution,Distribution,33/12 kV,3.429,15.844,19.274,11.2,171.46,0.0,Interconnection studies in this area have identified inadequate deliverability.,467,-117.96986176529046,35.1431029846686
Cal City 'B',1820,Kramer 220/115 System,D -- Distribution,Distribution,33/12 kV,7.511,0.242,7.752,10.0,77.62,3.01,Interconnection studies in this area have identified inadequate deliverability.,468,-117.96986176529046,35.1431029846686
Calamar P.T.,1334,Valley 'D' 500/115 System,A -- District Pole Top,Distribution,33/12 kV,0.596,0.035,0.632,1.6,40.11,4.37,Deliverability in this area has not been determined by previous interconnection studies.,469,-117.16950200366703,33.47177544989847
Camp Angelus P.T.,1324,El Casco 220/115 System,A -- District Pole Top,Distribution,33/2.4 kV,0.012,0.0,0.012,0.4,2.97,0.74,Deliverability in this area has not been determined by previous interconnection studies.,476,-116.97974167739488,34.14634669428895
Canadian P.T.,822,Vista 220/115 System,A -- District Pole Top,Distribution,33/12 kV,0.549,0.119,0.668,7.4,9.0,9.33,Interconnection studies in this area have identified adequate deliverability.,477,-117.16122250893385,34.26243754845793
Canalino P.T.,2161,Goleta 220/66 System,D -- Distribution,Distribution,16/2.4 kV,0.0,0.0,0.0,0.1,0.0,0.17,Interconnection studies in this area have identified adequate deliverability.,478,-119.51362149312124,34.388460915574804
Car Wash P.T.,2029,Del Amo 220/66 System,A -- District Pole Top,Distribution,12/4.16 kV,0.287,0.0,0.287,1.0,28.71,0.71,Interconnection studies in this area have identified adequate deliverability.,483,-118.1260117439953,33.84791938792783
Carancho P.T.,1318,Valley 'D' 500/115 System,A -- District Pole Top,Distribution,33/12 kV,1.848,0.311,2.16,3.6,59.32,1.59,Deliverability in this area has not been determined by previous interconnection studies.,484,-117.22239713861714,33.51114201825317
Cardinal P.T.,1327,Victor 220/115 System,A -- District Pole Top,Distribution,12/2.4 kV,0.202,0.0,0.202,0.7,29.1,0.8,Interconnection studies in this area have identified adequate deliverability.,486,-117.63690737563212,34.36169633330616
Cascade P.T.,1317,Valley 'D' 500/115 System,A -- District Pole Top,Distribution,33/12 kV,3.369,0.312,3.681,5.0,73.63,1.32,Deliverability in this area has not been determined by previous interconnection studies.,493,-117.28933408908274,33.551587377901555
Casper P.T.,1330,Santa Clara 220/66 System,A -- District Pole Top,Distribution,16/4.16 kV,0.0,0.0,0.0,0.0,0.0,0.1,Interconnection studies in this area have identified adequate deliverability.,495,-119.09556094664534,34.130415619407664
Cedar Pines P.T.,1332,Vista 220/115 System,A -- District Pole Top,Distribution,12/2.4 kV,0.028,0.007,0.035,0.2,15.58,0.42,Interconnection studies in this area have identified adequate deliverability.,496,-117.32530879218336,34.2494706856681
Hession P.T.,1402,Dwp Hession-85 System,A -- District Pole Top,Distribution,33/12 kV,0.282,0.011,0.293,0.8,36.02,0.71,Deliverability in this area has not been determined by previous interconnection studies.,505,-118.28855548537793,37.173693605683454
High P.T.,1415,Kramer 220/115 System,A -- District Pole Top,Distribution,33/4.16 kV,0.054,0.0,0.054,1.2,4.71,1.45,Interconnection studies in this area have identified inadequate deliverability.,507,-117.02086988565104,34.90020773819528
High School P.T.,1401,Vista 220/115 System,A -- District Pole Top,Distribution,12/2.4 kV,0.015,0.0,0.015,0.4,3.66,0.49,Interconnection studies in this area have identified adequate deliverability.,508,-117.1989983761408,34.239078122087065
Hillgreen P.T.,2234,La Cienega 220/66 System,A -- District Pole Top,Distribution,16/2.4 kV,0.006,0.01,0.016,0.1,16.0,0.08,Interconnection studies in this area have identified adequate deliverability.,511,-118.40685698214268,34.05565240486036
Homewood P.T.,1404,Kramer 220/115 System,A -- District Pole Top,Distribution,33/4.8 kV,0.024,0.0,0.024,0.1,40.05,0.48,Interconnection studies in this area have identified inadequate deliverability.,517,-117.33084440229511,35.890093300896446
Hook Creek P.T.,1405,Vista 220/115 System,A -- District Pole Top,Distribution,12/2.4 kV,0.027,0.012,0.039,0.4,9.16,0.96,Interconnection studies in this area have identified adequate deliverability.,518,-117.1592067069181,34.25141917140717
Palos Verdes,490,La Fresa 220/66 System,D -- Distribution,Distribution,16/4.16 kV,1.496,0.219,1.715,5.8,29.74,5.72,Interconnection studies in this area have identified adequate deliverability.,520,-118.37906529099078,33.803860500737535
Panchito P.T.,1929,Santa Clara 220/66 System,A -- District Pole Top,Distribution,16/4.16 kV,0.0,0.0,0.0,0.0,0.0,0.75,Interconnection studies in this area have identified adequate deliverability.,521,-119.05964252588136,34.112904813268074
Par P.T.,1504,Goleta 220/66 System,A -- District Pole Top,Distribution,16/2.4 kV,0.013,0.0,0.013,0.0,29.9,0.14,Interconnection studies in this area have identified adequate deliverability.,522,-119.79973178870829,34.4528027686033
Parker Strip,1521,Parker 161/66 System,D -- Distribution,Distribution,33/12 kV,0.152,0.02,0.172,3.7,4.62,3.58,Interconnection studies in this area have identified inadequate deliverability.,523,-114.19485474762315,34.228937448042785
Peacock U.G.S.,1519,La Fresa 220/66 System,A -- District Pole Top,Distribution,16/4.16 kV,0.092,0.009,0.101,0.4,28.72,1.4,Interconnection studies in this area have identified adequate deliverability.,527,-118.4057875936086,33.78253081686645
Peacor P.T.,1517,Victor 220/115 System,A -- District Pole Top,Distribution,33/12 kV,0.439,0.047,0.486,1.5,32.4,1.01,Interconnection studies in this area have identified adequate deliverability.,528,-116.61118026429408,34.36998061567038
Pedestrian P.T.,2177,Eagle Rock 220/66 System,A -- District Pole Top,Distribution,16/4.16 kV,0.083,0.01,0.093,2.0,4.67,2.41,Interconnection studies in this area have identified adequate deliverability.,531,-118.1388349149462,34.072323441886475
Penitentiary P.T.,2215,Blythe (Walc) 161/33 System,A -- District Pole Top,Distribution,33/12 kV,0.0,0.0,0.0,5.3,0.0,6.52,Interconnection studies in this area have identified inadequate deliverability.,534,-114.91585616302976,33.56645973758409
Hot Water P.T.,1407,Vea Death Valley Junction-72 System,A -- District Pole Top,Distribution,33/12 kV,0.0,0.0,0.0,0.4,0.0,0.75,Interconnection studies in this area have identified adequate deliverability.,537,-116.23687440752092,35.8799801049664
Huntington P.T.,2320,Big Creek 220/220 System,D -- Distribution,Distribution,33/12 kV,0.0,0.0,0.0,0.4,0.0,1.0,Interconnection studies in this area have identified inadequate deliverability.,540,-119.21209805186427,37.20978963207122
Huntington Park,849,Laguna Bell De 220/66 System,D -- Distribution,Distribution,16/4.16 kV,0.541,0.062,0.604,10.1,6.0,11.4,Interconnection studies in this area have identified adequate deliverability.,541,-118.22572520657688,33.97986101405952
Hutt P.T.,1411,Kramer 220/115 System,A -- District Pole Top,Distribution,33/12 kV,0.0,0.0,0.0,0.1,0.0,1.0,Interconnection studies in this area have identified inadequate deliverability.,543,-117.32941048726266,35.0101155908089
Ice House P.T.,1417,Padua 220/66 System,A -- District Pole Top,Distribution,12/2.4 kV,0.0,0.0,0.0,0.1,0.0,0.1,Interconnection studies in this area have identified adequate deliverability.,544,-117.63667425109055,34.2505413049094
Inspiration P.T.,2291,Big Creek 220/220 System,A -- District Pole Top,Distribution,7/2.4 kV,0.0,0.0,0.0,0.0,0.0,0.0,Interconnection studies in this area have identified inadequate deliverability.,549,-119.23680160069635,37.217003000677686
Inyo Sce,1615,Inyo Sce 220/115 System,S -- Sub-transmission,Subtransmission / Transmission,220/115 kV,32.064,61.065,93.129,67.4,138.24,6.87,Interconnection studies in this area have identified inadequate deliverability.,550,-118.44081999742586,37.342078998275525
Iron Mt. Sce,238,Mwd 220/220 System,D -- Distribution,Distribution,7/16 kV,0.0,0.0,0.0,0.0,0.0,2.5,Interconnection studies in this area have identified adequate deliverability.,553,-115.1204691903449,34.14755935579616
Jay P.T.,1422,Lighthipe 220/66 System,A -- District Pole Top,Distribution,16/4.16 kV,0.458,0.041,0.499,1.4,35.52,1.0,Interconnection studies in this area have identified adequate deliverability.,560,-118.20111911507654,33.865762696313126
Jessie P.T.,1428,Kramer 220/115 System,A -- District Pole Top,Distribution,33/4.16 kV,0.535,0.0,0.535,0.9,61.96,0.46,Interconnection studies in this area have identified inadequate deliverability.,563,-117.65453104542348,35.008145492353535
Job P.T.,1424,Vista 220/115 System,A -- District Pole Top,Distribution,12/2.4 kV,0.046,0.0,0.046,0.4,11.33,0.45,Interconnection studies in this area have identified adequate deliverability.,564,-117.32859690519936,34.26024138107216
Joburg P.T.,1427,Kramer 220/115 System,A -- District Pole Top,Distribution,33/2.4 kV,0.03,0.014,0.044,0.6,6.72,0.96,Interconnection studies in this area have identified inadequate deliverability.,565,-117.64604476373556,35.36535145949334
Johnsondale P.T.,1425,Vestal 220/66 System,A -- District Pole Top,Distribution,12/4.16 kV,0.031,0.0,0.031,0.2,18.14,0.47,Interconnection studies in this area have identified inadequate deliverability.,567,-118.53925845730728,35.97431674452949
Kagle Canyon P.T.,1429,Saugus 220/66 System,A -- District Pole Top,Distribution,16/4.16 kV,0.0,0.0,0.0,0.0,0.0,0.0,Interconnection studies in this area have identified adequate deliverability.,571,-118.37638350268448,34.297525037903924
Keeler P.T.,1430,Inyo Sce 220/115 System,A -- District Pole Top,Distribution,33/2.4 kV,0.0,0.0,0.0,0.3,0.0,0.35,Interconnection studies in this area have identified inadequate deliverability.,572,-117.87785814921892,36.48718534720168
Kliss P.T.,1994,Del Amo 220/66 System,A -- District Pole Top,Distribution,12/4.16 kV,0.239,0.009,0.249,0.9,27.41,2.25,Interconnection studies in this area have identified adequate deliverability.,575,-118.09440449446686,33.8316215574556
Kneeland P.T.,1993,Del Amo 220/66 System,A -- District Pole Top,Distribution,12/4.16 kV,0.128,0.005,0.133,0.8,15.65,0.87,Interconnection studies in this area have identified adequate deliverability.,576,-118.1134240067606,33.84289039343719
Kuffel P.T.,1432,Vista 220/115 System,A -- District Pole Top,Distribution,12/2.4 kV,0.024,0.019,0.044,1.0,4.51,0.96,Interconnection studies in this area have identified adequate deliverability.,578,-117.18359128053036,34.247628407195684
La Cumbre P.T.,1439,Goleta 220/66 System,A -- District Pole Top,Distribution,16/4.16 kV,0.494,0.066,0.561,0.6,90.46,0.94,Interconnection studies in this area have identified adequate deliverability.,581,-119.75525555461176,34.42221189564841
Lacresta P.T.,1438,Valley 'D' 500/115 System,A -- District Pole Top,Distribution,33/12 kV,2.303,0.299,2.602,4.9,53.32,2.4,Deliverability in this area has not been determined by previous interconnection studies.,587,-117.29600716876844,33.512996202449685
Lakeview,1890,Valley 'Ab' 500/115 System,D -- Distribution,Distribution,115/12 kV,6.147,2.094,8.241,22.8,36.11,47.76,Deliverability in this area has not been determined by previous interconnection studies.,590,-117.13410471129237,33.82557942716747
Las Lomas,1859,Santiago 220/66 System,D -- Distribution,Distribution,66/12 kV,32.757,1.16,33.918,71.8,47.27,50.08,Interconnection studies in this area have identified adequate deliverability.,596,-117.7391784103374,33.71867641955388
Lathrop Wells P.T.,2084,Valley Electric System,A -- District Pole Top,Distribution,25/25 kV,1.05,0.022,1.072,1.8,59.67,1.93,Deliverability in this area has not been determined by previous interconnection studies.,597,-115.64885522572864,35.809858164599184
Loma Vista P.T.,1456,Santa Clara 220/66 System,A -- District Pole Top,Distribution,16/2.4 kV,0.2,0.0,0.2,0.1,230.98,0.0,Interconnection studies in this area have identified adequate deliverability.,614,-119.2207671258413,34.28107609803653
Long P.T.,1997,Del Amo 220/66 System,A -- District Pole Top,Distribution,12/4.16 kV,0.237,0.0,0.237,0.6,41.19,0.76,Interconnection studies in this area have identified adequate deliverability.,615,-118.11569882743052,33.832458657026784
Loucks P.T.,1457,Saugus 220/66 System,A -- District Pole Top,Distribution,16/12 kV,0.103,0.006,0.109,0.3,40.56,2.39,Interconnection studies in this area have identified adequate deliverability.,619,-118.25905079195915,34.52349201299314
Lunada,530,La Fresa 220/66 System,D -- Distribution,Distribution,16/4.16 kV,0.348,0.058,0.405,0.4,97.56,5.54,Interconnection studies in this area have identified adequate deliverability.,622,-118.3787449154016,33.76031762955384
Luring P.T.,1449,Vista 220/115 System,A -- District Pole Top,Distribution,12/2.4 kV,0.03,0.0,0.03,0.4,7.32,0.47,Interconnection studies in this area have identified adequate deliverability.,624,-117.11378982933076,34.21251796471428
Madrid,483,La Fresa 220/66 System,D -- Distribution,Distribution,16/4.16 kV,0.698,0.07,0.768,4.3,17.86,6.67,Interconnection studies in this area have identified adequate deliverability.,628,-118.32409750883438,33.83533381342406
Madrone P.T.,1999,Barre 220/66 System,A -- District Pole Top,Distribution,12/4.16 kV,0.402,0.007,0.41,1.8,23.08,3.34,Interconnection studies in this area have identified adequate deliverability.,629,-117.9613431680313,33.866905113436665
Mailbox P.T.,2299,Valley 'Ab' 500/115 System,A -- District Pole Top,Distribution,33/12 kV,0.785,2.198,2.983,0.0,235257.1,7.02,Deliverability in this area has not been determined by previous interconnection studies.,630,-117.2930379258054,33.88011762253112
Manhattan,484,La Fresa 220/66 System,D -- Distribution,Distribution,16/4.16 kV,1.835,0.091,1.926,6.0,32.23,5.57,Interconnection studies in this area have identified adequate deliverability.,632,-118.39841771902574,33.87862305133165
Marina P.T.,1462,Alamitos 220/66 System,A -- District Pole Top,Distribution,12/4.16 kV,0.0,0.0,0.0,0.3,0.0,1.0,Interconnection studies in this area have identified adequate deliverability.,634,-118.11558973816268,33.75758542368183
Masonry P.T.,2271,Victor 220/115 System,A -- District Pole Top,Distribution,33/12 kV,0.0,0.0,0.0,2.0,0.0,10.0,Interconnection studies in this area have identified adequate deliverability.,640,-117.16920418221694,34.61494028730975
Mc Clary P.T.,1463,Victor 220/115 System,A -- District Pole Top,Distribution,33/4.16 kV,0.182,0.008,0.19,0.8,24.37,1.31,Interconnection studies in this area have identified adequate deliverability.,644,-117.32564177144472,34.74171966500952
Mcclenny P.T.,1480,Vestal 220/66 System,A -- District Pole Top,Distribution,12/2.4 kV,0.03,0.0,0.03,0.0,76.78,0.14,Interconnection studies in this area have identified inadequate deliverability.,645,-118.63717515972311,35.82175814352335
Mckevett P.T.,1461,Santa Clara 220/66 System,A -- District Pole Top,Distribution,16/4.16 kV,0.047,0.007,0.053,0.4,13.99,0.7,Interconnection studies in this area have identified adequate deliverability.,646,-119.05381194228602,34.357287308524704
Mebane P.T.,1472,Windhub 220/66 System,A -- District Pole Top,Distribution,2.4/12 kV,0.0,0.0,0.0,0.1,0.0,0.3,Interconnection studies in this area have identified adequate deliverability.,647,-118.77988907692443,35.45955932287375
Mescalero P.T.,1477,Devers 220/115 System,A -- District Pole Top,Distribution,33/4.8 kV,0.539,0.048,0.587,1.0,58.67,0.41,Deliverability in this area has not been determined by previous interconnection studies.,651,-116.580192907024,34.047846982172274
Minneola,1699,Kramer 220/115 System,D -- Distribution,Distribution,33/12 kV,1.16,3.728,4.888,4.8,102.72,0.36,Interconnection studies in this area have identified inadequate deliverability.,655,-116.81726402706413,34.86456245737038
Moab P.T.,1474,Padua 220/66 System,A -- District Pole Top,Distribution,12/4.16 kV,0.199,0.032,0.23,0.4,55.2,0.52,Interconnection studies in this area have identified adequate deliverability.,658,-117.70376703395036,34.15216273942732
Mockingbird P.T.,1479,Devers 220/115 System,A -- District Pole Top,Distribution,33/12 kV,0.245,0.112,0.358,0.9,40.05,1.14,Deliverability in this area has not been determined by previous interconnection studies.,659,-116.58407635527507,34.042945401159564
Modoc,656,Goleta 220/66 System,D -- Distribution,Distribution,16/4.16 kV,0.26,0.008,0.267,0.0,0.0,10.75,Interconnection studies in this area have identified adequate deliverability.,661,-119.71411429816072,34.43004540243831
Moneta,486,La Fresa 220/66 System,D -- Distribution,Distribution,16/4.16 kV,1.264,0.254,1.518,11.5,13.16,13.36,Interconnection studies in this area have identified adequate deliverability.,662,-118.30992656395875,33.88389261680484
Montecito,659,Goleta 220/66 System,D -- Distribution,Distribution,16/4.16 kV,1.497,0.83,2.327,5.8,39.83,3.62,Interconnection studies in this area have identified adequate deliverability.,665,-119.63477064000334,34.4318675315151
Morningside,487,El Nido 220/66 System,D -- Distribution,Distribution,16/4.16 kV,0.886,0.101,0.987,5.9,16.59,4.96,Interconnection studies in this area have identified adequate deliverability.,670,-118.33031271695256,33.9611984076802
Morongo P.T.,1912,Devers 220/115 System,A -- District Pole Top,Distribution,33/12 kV,1.311,0.102,1.413,1.3,106.35,3.59,Deliverability in this area has not been determined by previous interconnection studies.,671,-116.56047071375936,34.06381471246918
Mountain Pass A,1791,Kramer 220/115 System,D -- Distribution,Distribution,115/33 kV,0.068,0.0,0.068,4.1,1.67,12.69,Interconnection studies in this area have identified inadequate deliverability.,674,-115.55128033550264,35.503245795845864
Moynier P.T.,1476,La Cienega 220/66 System,A -- District Pole Top,Distribution,16/4.16 kV,0.32,0.041,0.361,0.4,83.92,0.39,Interconnection studies in this area have identified adequate deliverability.,676,-118.37931540710947,34.01331000272637
Mt. Givens P.T.,1481,Big Creek 220/220 System,A -- District Pole Top,Distribution,12/2.4 kV,0.0,0.0,0.0,0.0,0.0,0.05,Interconnection studies in this area have identified inadequate deliverability.,677,-119.1571062233857,37.25769472982604
Mt. Wilson P.T.,1902,Gould 220/66 System,A -- District Pole Top,Distribution,33/16 kV,0.0,0.0,0.0,3.6,0.0,10.0,Interconnection studies in this area have identified adequate deliverability.,680,-118.06558094047053,34.22481982764218
Naples,860,Alamitos 220/66 System,D -- Distribution,Distribution,12/4.16 kV,2.275,0.202,2.476,12.0,20.64,9.52,Interconnection studies in this area have identified adequate deliverability.,685,-118.13205146268136,33.768759982218015
Native P.T.,2274,Victor 220/115 System,A -- District Pole Top,Distribution,33/12 kV,0.216,0.412,0.628,0.0,-14561.48,9.37,Interconnection studies in this area have identified adequate deliverability.,688,-117.1942017211258,34.59316650007429
Nidever P.T.,1483,Goleta 220/66 System,A -- District Pole Top,Distribution,16/2.4 kV,0.054,0.017,0.071,0.2,32.57,0.26,Interconnection studies in this area have identified adequate deliverability.,697,-119.56024246779651,34.41477339390648
Noble P.T.,1482,Kramer 220/115 System,A -- District Pole Top,Distribution,33/12 kV,0.0,0.0,0.0,0.1,0.0,0.1,Interconnection studies in this area have identified inadequate deliverability.,699,-116.89077649597506,35.04832727311128
Nogal P.T.,1490,Goleta 220/66 System,A -- District Pole Top,Distribution,16/4.16 kV,0.274,0.027,0.302,0.7,46.04,0.45,Interconnection studies in this area have identified adequate deliverability.,700,-119.77163885280284,34.43724984624559
North Bay P.T.,1484,Vista 220/115 System,A -- District Pole Top,Distribution,12/2.4 kV,0.039,0.04,0.079,1.0,7.91,0.92,Interconnection studies in this area have identified adequate deliverability.,703,-117.18447565362496,34.2667598256054
O'Neill,1027,Viejo 220/66 System,D -- Distribution,Distribution,66/12 kV,20.17,1.593,21.763,84.0,25.91,62.24,Interconnection studies in this area have identified adequate deliverability.,709,-117.60498583146834,33.64322429575617
Oak Knoll P.T.,1493,Vista 220/115 System,A -- District Pole Top,Distribution,12/2.4 kV,0.017,0.0,0.017,0.3,4.81,0.98,Interconnection studies in this area have identified adequate deliverability.,711,-117.07325319013972,34.240001458171314
Oak Springs P.T.,1821,Victor 220/115 System,A -- District Pole Top,Distribution,33/12 kV,0.353,0.006,0.359,1.0,35.72,9.64,Interconnection studies in this area have identified adequate deliverability.,713,-117.59976798697936,34.37919488822352
Observatory P.T.,1905,Gould 220/66 System,A -- District Pole Top,Distribution,16/4.16 kV,0.0,0.0,0.0,0.1,0.0,0.3,Interconnection studies in this area have identified adequate deliverability.,715,-118.060636636566,34.22516158234983
Ocean Park,488,La Cienega 220/66 System,D -- Distribution,Distribution,16/4.16 kV,1.062,0.125,1.188,6.0,19.8,13.69,Interconnection studies in this area have identified adequate deliverability.,716,-118.478789035256,33.9978855360838
Olympic,489,La Cienega 220/66 System,D -- Distribution,Distribution,16/4.16 kV,0.541,0.02,0.561,8.3,6.78,10.12,Interconnection studies in this area have identified adequate deliverability.,723,-118.38958337500952,34.05994866826565
Outlaw P.T.,1498,Valley 'Ab' 500/115 System,A -- District Pole Top,Distribution,33/12 kV,0.239,0.016,0.255,3.8,6.69,4.75,Deliverability in this area has not been determined by previous interconnection studies.,729,-117.28454260143783,33.922927640668654
Outlet P.T.,1499,El Casco 220/115 System,A -- District Pole Top,Distribution,33/12 kV,2.079,0.038,2.118,14.0,15.13,11.88,Deliverability in this area has not been determined by previous interconnection studies.,730,-116.81124291582424,33.928160868458896
Pahrump P.T.,2083,Valley Electric System,D -- Distribution,Distribution,25/25 kV,0.0,0.0,0.0,0.2,0.0,1.5,Deliverability in this area has not been determined by previous interconnection studies.,732,-115.86373004552873,35.978368346524945
Painted Cave P.T.,1505,Goleta 220/66 System,A -- District Pole Top,Distribution,16/2.4 kV,0.154,0.0,0.154,0.2,87.08,0.15,Interconnection studies in this area have identified adequate deliverability.,733,-119.79124193051912,34.504194014772914
