run,baseline,season,energy_relocated_pct,county_energy_relocated_pct,bus_hour_rmse_mw,bus_hour_nrmse_pct,mean_loaded_bus_mw_control,spearman_bus_energy,pearson_bus_energy,n_buses_control,n_buses_method,n_buses_both,jaccard_support,max_bus_gain_mwh,max_bus_loss_mwh,peak_bus_mw_control,peak_bus_mw_method,hourly_total_max_dev_mw
genx__env__prox__hold__monthhour,genx__control,Summer,21.1612,9.1462,6.6633,62.578,10.6479,0.7517,0.6598,2471,2468,2468,0.9988,21905.2,-22709.8,213.4,541.8,0.0
genx__env__prox__hold__static,genx__control,Summer,20.3145,7.6773,5.9208,55.6055,10.6479,0.7594,0.6798,2471,2468,2468,0.9988,23256.6,-22640.4,213.4,217.6,0.0
genx__reedsco__catch__aratio__monthhour,genx__control,Summer,50.3629,14.4068,9.2274,86.6586,10.6479,0.3877,0.3369,2471,3680,2424,0.6504,21002.0,-21668.1,213.4,293.8,0.0
genx__reedsco__namecatch__aratio__monthhour,genx__control,Summer,50.7663,14.4071,9.3223,87.5502,10.6479,0.3832,0.322,2471,3680,2426,0.6513,21002.1,-21824.2,213.4,239.7,0.0
genx__reedsco__nameprox__aratio__monthhour,genx__control,Summer,48.1969,14.4073,7.9345,74.517,10.6479,0.4026,0.3431,2471,3757,2462,0.6537,10592.8,-22558.9,213.4,145.9,0.0
genx__reedsco__prox__a0__monthhour,genx__control,Summer,58.8593,14.4095,14.2288,133.6295,10.6479,0.4524,0.2298,2471,1177,1076,0.4184,101453.3,-22440.9,213.4,934.3,0.0
genx__reedsco__prox__a0__static,genx__control,Summer,58.5771,14.4098,13.551,127.2637,10.6479,0.4561,0.2362,2471,1177,1076,0.4184,101039.8,-22440.9,213.4,912.5,0.0
genx__reedsco__prox__aratio__monthhour,genx__control,Summer,49.7834,14.4068,8.0555,75.6533,10.6479,0.4005,0.3294,2471,3763,2461,0.6523,10771.5,-22559.0,213.4,253.3,0.0
genx__reedsco__prox__aratio__static,genx__control,Summer,49.6687,14.4066,7.9027,74.2181,10.6479,0.4023,0.3327,2471,3762,2460,0.652,11821.5,-22484.3,213.4,132.1,0.0
genx__stoch__catch__w2-mean__monthhour,genx__control,Summer,50.0106,18.3477,9.8023,92.0586,10.6479,0.4393,0.3393,2471,3631,2444,0.6681,32901.4,-22190.0,213.4,394.9,0.0
genx__stoch__namecatch__w2-mean__monthhour,genx__control,Summer,49.8908,18.352,9.6332,90.4697,10.6479,0.4396,0.3498,2471,3630,2446,0.6692,32879.6,-22190.3,213.4,306.2,0.0
genx__stoch__nameprox__w1g30top-mean__monthhour,genx__control,Summer,46.0496,18.1057,7.9536,74.6961,10.6479,0.3932,0.2852,2471,3427,2468,0.7195,14600.5,-22725.8,213.4,137.1,0.0
genx__stoch__prox__w1g30-d0__monthhour,genx__control,Summer,48.1913,18.7009,11.5956,108.9,10.6479,0.6587,0.4033,2471,1692,1692,0.6847,36133.7,-22557.6,213.4,851.6,0.0
genx__stoch__prox__w1g30-d1__monthhour,genx__control,Summer,48.1901,18.4898,11.7065,109.9416,10.6479,0.6582,0.3993,2471,1691,1691,0.6843,38511.7,-22553.8,213.4,902.9,0.0
genx__stoch__prox__w1g30-d2__monthhour,genx__control,Summer,48.2197,18.7139,11.6117,109.0507,10.6479,0.6598,0.4013,2471,1691,1691,0.6843,34926.2,-22559.3,213.4,747.5,0.0
genx__stoch__prox__w1g30-mean__monthhour,genx__control,Summer,48.1421,18.6084,11.6319,109.241,10.6479,0.6596,0.4023,2471,1691,1691,0.6843,35390.6,-22555.3,213.4,836.6,0.0
genx__stoch__prox__w1g30top-d0__monthhour,genx__control,Summer,44.1753,14.6853,7.9995,75.1268,10.6479,0.4597,0.2991,2471,3107,2468,0.7936,13792.9,-22740.4,213.4,358.2,0.0
genx__stoch__prox__w1g30top-d1__monthhour,genx__control,Summer,44.2447,14.7611,8.0279,75.3941,10.6479,0.4575,0.2961,2471,3107,2468,0.7936,14666.6,-22739.9,213.4,379.3,0.0
genx__stoch__prox__w1g30top-d2__monthhour,genx__control,Summer,44.1884,14.7249,8.0033,75.1629,10.6479,0.4572,0.2976,2471,3107,2468,0.7936,14265.8,-22741.3,213.4,314.1,0.0
genx__stoch__prox__w1g30top-mean__monthhour,genx__control,Summer,44.1836,14.7406,8.0076,75.2029,10.6479,0.461,0.2983,2471,3107,2468,0.7936,14090.8,-22740.2,213.4,351.5,0.0
genx__stoch__prox__w2-d0__monthhour,genx__control,Summer,21.0117,8.6737,6.5706,61.7076,10.6479,0.7522,0.6679,2471,2468,2468,0.9988,21033.3,-22680.5,213.4,522.6,0.0
genx__stoch__prox__w2-d1__monthhour,genx__control,Summer,21.1424,8.6667,6.6422,62.3799,10.6479,0.7523,0.6645,2471,2468,2468,0.9988,22474.8,-22678.9,213.4,553.9,0.0
genx__stoch__prox__w2-d2__monthhour,genx__control,Summer,21.0986,8.767,6.5797,61.7932,10.6479,0.7531,0.6663,2471,2468,2468,0.9988,20979.7,-22681.8,213.4,464.4,0.0
genx__stoch__prox__w2-mean__monthhour,genx__control,Summer,21.0585,8.6845,6.5922,61.9104,10.6479,0.7533,0.667,2471,2468,2468,0.9988,20728.2,-22679.7,213.4,513.6,0.0
genx__env__prox__hold__monthhour,genx__control,Winter,19.8612,6.5292,5.0093,56.9933,8.7893,0.7623,0.6981,2471,2467,2467,0.9984,17777.9,-18640.0,142.8,244.3,0.0
genx__env__prox__hold__static,genx__control,Winter,20.3145,7.6769,4.8266,54.9144,8.7893,0.7613,0.6824,2471,2466,2466,0.998,19197.2,-18691.4,142.8,146.5,0.0
genx__reedsco__catch__aratio__monthhour,genx__control,Winter,50.31,14.4084,7.6011,86.4809,8.7893,0.3917,0.3368,2471,3684,2426,0.6506,19358.2,-17827.7,142.8,240.0,0.0
genx__reedsco__namecatch__aratio__monthhour,genx__control,Winter,50.6298,14.4091,7.6449,86.9794,8.7893,0.3879,0.3255,2471,3688,2430,0.6516,19358.3,-17827.6,142.8,193.7,0.0
genx__reedsco__nameprox__aratio__monthhour,genx__control,Winter,48.0681,14.4051,6.4547,73.4375,8.7893,0.4071,0.3504,2471,3756,2461,0.6535,8695.7,-18503.4,142.8,90.0,0.0
genx__reedsco__prox__a0__monthhour,genx__control,Winter,58.5642,14.4094,11.6132,132.1279,8.7893,0.4628,0.2412,2471,1176,1075,0.418,80734.1,-18521.6,142.8,605.7,0.0
genx__reedsco__prox__a0__static,genx__control,Winter,58.5756,14.4095,11.0576,125.8074,8.7893,0.46,0.2393,2471,1176,1075,0.418,83403.4,-18521.6,142.8,616.1,0.0
genx__reedsco__prox__aratio__monthhour,genx__control,Winter,49.6573,14.4053,6.5546,74.5744,8.7893,0.4018,0.3343,2471,3762,2460,0.652,11581.2,-18503.6,142.8,161.9,0.0
genx__reedsco__prox__aratio__static,genx__control,Winter,49.6654,14.4059,6.4438,73.3143,8.7893,0.4026,0.3327,2471,3762,2460,0.652,9757.4,-18560.7,142.8,89.2,0.0
genx__stoch__catch__w2-mean__monthhour,genx__control,Winter,49.3581,16.8367,7.8472,89.2804,8.7893,0.4511,0.364,2471,3564,2421,0.6699,24633.3,-17903.0,142.8,300.8,0.0
genx__stoch__namecatch__w2-mean__monthhour,genx__control,Winter,49.0721,16.2406,7.6572,87.1188,8.7893,0.4516,0.3783,2471,3563,2423,0.671,24616.7,-17903.9,142.8,172.2,0.0
genx__stoch__nameprox__w1g30top-mean__monthhour,genx__control,Winter,44.9811,16.0191,6.3184,71.887,8.7893,0.4131,0.3325,2471,3423,2467,0.7199,11094.3,-18686.9,142.8,81.0,0.0
genx__stoch__prox__w1g30-d0__monthhour,genx__control,Winter,47.554,15.5604,9.1182,103.7411,8.7893,0.6747,0.4543,2471,1691,1691,0.6843,33431.1,-18521.6,142.8,396.0,0.0
genx__stoch__prox__w1g30-d1__monthhour,genx__control,Winter,47.4586,15.5598,9.0804,103.3119,8.7893,0.6782,0.4573,2471,1690,1690,0.6839,29591.0,-18521.6,142.8,411.6,0.0
genx__stoch__prox__w1g30-d2__monthhour,genx__control,Winter,47.4197,15.4931,9.0446,102.9038,8.7893,0.6751,0.4584,2471,1690,1690,0.6839,28930.2,-18521.6,142.8,410.7,0.0
genx__stoch__prox__w1g30-mean__monthhour,genx__control,Winter,47.4613,15.4584,9.0632,103.1154,8.7893,0.676,0.4578,2471,1690,1690,0.6839,29880.9,-18521.6,142.8,406.9,0.0
genx__stoch__prox__w1g30top-d0__monthhour,genx__control,Winter,43.3315,13.7536,6.3715,72.4908,8.7893,0.4737,0.3367,2471,3106,2467,0.7932,12580.6,-18710.2,142.8,166.5,0.0
genx__stoch__prox__w1g30top-d1__monthhour,genx__control,Winter,43.2454,13.6966,6.3602,72.363,8.7893,0.4752,0.3389,2471,3106,2467,0.7932,11118.7,-18702.3,142.8,172.9,0.0
genx__stoch__prox__w1g30top-d2__monthhour,genx__control,Winter,43.3037,13.7003,6.3538,72.2902,8.7893,0.4761,0.3396,2471,3106,2467,0.7932,10675.8,-18697.0,142.8,172.5,0.0
genx__stoch__prox__w1g30top-mean__monthhour,genx__control,Winter,43.2794,13.7108,6.3568,72.3245,8.7893,0.4747,0.3392,2471,3106,2467,0.7932,11074.9,-18705.2,142.8,171.0,0.0
genx__stoch__prox__w2-d0__monthhour,genx__control,Winter,19.9542,6.3094,5.0504,57.4608,8.7893,0.7616,0.6966,2471,2467,2467,0.9984,19381.9,-18633.3,142.8,244.6,0.0
genx__stoch__prox__w2-d1__monthhour,genx__control,Winter,19.8512,6.3106,5.0225,57.1432,8.7893,0.7641,0.699,2471,2467,2467,0.9984,17037.9,-18620.5,142.8,254.2,0.0
genx__stoch__prox__w2-d2__monthhour,genx__control,Winter,19.8785,6.278,5.0017,56.906,8.7893,0.7627,0.7006,2471,2467,2467,0.9984,16636.3,-18615.1,142.8,253.6,0.0
genx__stoch__prox__w2-mean__monthhour,genx__control,Winter,19.8734,6.2685,5.0121,57.0247,8.7893,0.763,0.6997,2471,2467,2467,0.9984,17214.5,-18625.8,142.8,251.3,0.0
genx__env__prox__hold__monthhour,genx__control,Spring,20.7364,8.7666,5.4524,62.4841,8.7261,0.7547,0.6566,2471,2468,2468,0.9988,28005.8,-18570.4,159.4,401.8,0.0
genx__env__prox__hold__static,genx__control,Spring,20.3137,7.6768,4.8,55.0073,8.7261,0.7613,0.6824,2471,2466,2466,0.998,19059.8,-18556.2,159.4,162.4,0.0
genx__reedsco__catch__aratio__monthhour,genx__control,Spring,50.3065,14.4078,7.6517,87.687,8.7261,0.3929,0.3399,2471,3700,2434,0.6513,27557.8,-17620.7,159.4,268.7,0.0
genx__reedsco__namecatch__aratio__monthhour,genx__control,Spring,50.6844,14.4072,7.6906,88.1336,8.7261,0.3893,0.327,2471,3690,2431,0.6517,27557.7,-17756.3,159.4,268.7,0.0
genx__reedsco__nameprox__aratio__monthhour,genx__control,Spring,48.0985,14.4051,6.425,73.6295,8.7261,0.4049,0.3505,2471,3761,2462,0.6531,8043.5,-18446.5,159.4,103.2,0.0
genx__reedsco__prox__a0__monthhour,genx__control,Spring,58.5587,14.4073,11.4491,131.2053,8.7261,0.4544,0.2422,2471,1179,1078,0.4191,74220.8,-18386.0,159.4,701.0,0.0
genx__reedsco__prox__a0__static,genx__control,Spring,58.5742,14.4071,10.9969,126.0233,8.7261,0.46,0.2394,2471,1176,1075,0.418,82803.5,-18386.0,159.4,681.2,0.0
genx__reedsco__prox__aratio__monthhour,genx__control,Spring,49.7197,14.4049,6.5335,74.8727,8.7261,0.4044,0.3333,2471,3763,2461,0.6523,9352.9,-18446.5,159.4,210.7,0.0
genx__reedsco__prox__aratio__static,genx__control,Spring,49.6651,14.4051,6.4087,73.4425,8.7261,0.403,0.3327,2471,3762,2460,0.652,9687.6,-18428.1,159.4,98.6,0.0
genx__stoch__catch__w2-mean__monthhour,genx__control,Spring,49.8472,17.6427,8.2367,94.3918,8.7261,0.4504,0.3511,2471,3621,2444,0.67,41602.1,-18022.5,159.4,404.2,0.0
genx__stoch__namecatch__w2-mean__monthhour,genx__control,Spring,49.6643,17.6473,8.0324,92.0503,8.7261,0.4505,0.3647,2471,3620,2446,0.6711,41574.0,-18023.1,159.4,403.9,0.0
genx__stoch__nameprox__w1g30top-mean__monthhour,genx__control,Spring,45.6168,17.4926,6.4454,73.8631,8.7261,0.4018,0.2942,2471,3430,2469,0.7194,18081.2,-18588.1,159.4,177.5,0.0
genx__stoch__prox__w1g30-d0__monthhour,genx__control,Spring,47.8809,17.3783,9.5106,108.9901,8.7261,0.6664,0.4131,2471,1694,1694,0.6856,40313.1,-18412.0,159.4,485.5,0.0
genx__stoch__prox__w1g30-d1__monthhour,genx__control,Spring,47.7131,17.411,9.5072,108.9508,8.7261,0.6686,0.4133,2471,1693,1693,0.6851,45028.6,-18399.0,159.4,549.2,0.0
genx__stoch__prox__w1g30-d2__monthhour,genx__control,Spring,47.8395,17.4669,9.6605,110.7084,8.7261,0.6643,0.4089,2471,1693,1693,0.6851,44812.0,-18413.4,159.4,739.7,0.0
genx__stoch__prox__w1g30-mean__monthhour,genx__control,Spring,47.7516,17.41,9.4583,108.3909,8.7261,0.6668,0.4162,2471,1693,1693,0.6851,41075.6,-18406.5,159.4,590.5,0.0
genx__stoch__prox__w1g30top-d0__monthhour,genx__control,Spring,43.8887,14.1718,6.4901,74.3761,8.7261,0.4604,0.3066,2471,3109,2470,0.7942,16619.3,-18605.9,159.4,204.2,0.0
genx__stoch__prox__w1g30top-d1__monthhour,genx__control,Spring,43.7886,14.2437,6.4858,74.3269,8.7261,0.4661,0.3062,2471,3107,2468,0.7936,18585.0,-18601.7,159.4,230.8,0.0
genx__stoch__prox__w1g30top-d2__monthhour,genx__control,Spring,43.9025,14.2876,6.5259,74.7861,8.7261,0.4643,0.3034,2471,3109,2470,0.7942,18492.9,-18606.8,159.4,310.8,0.0
genx__stoch__prox__w1g30top-mean__monthhour,genx__control,Spring,43.8054,14.2614,6.4735,74.1858,8.7261,0.4656,0.3087,2471,3109,2470,0.7942,16923.0,-18604.3,159.4,248.1,0.0
genx__stoch__prox__w2-d0__monthhour,genx__control,Spring,20.565,7.9582,5.3635,61.4644,8.7261,0.757,0.6699,2471,2468,2468,0.9988,24331.6,-18542.2,159.4,299.1,0.0
genx__stoch__prox__w2-d1__monthhour,genx__control,Spring,20.4979,7.8839,5.3569,61.3895,8.7261,0.7585,0.6693,2471,2468,2468,0.9988,27195.8,-18534.2,159.4,339.3,0.0
genx__stoch__prox__w2-d2__monthhour,genx__control,Spring,20.618,8.0201,5.4581,62.5491,8.7261,0.756,0.6654,2471,2470,2470,0.9996,27064.0,-18543.4,159.4,453.6,0.0
genx__stoch__prox__w2-mean__monthhour,genx__control,Spring,20.4847,7.9521,5.3253,61.0269,8.7261,0.7577,0.6721,2471,2468,2468,0.9988,24789.0,-18539.2,159.4,363.7,0.0
genx__env__prox__hold__monthhour,genx__control,Fall,20.8831,8.7164,7.3368,62.6876,11.7038,0.7563,0.6626,2471,2468,2468,0.9988,26957.0,-24960.1,211.1,509.8,0.0
genx__env__prox__hold__static,genx__control,Fall,20.3139,7.6771,6.5054,55.5841,11.7038,0.7593,0.6798,2471,2468,2468,0.9988,25563.4,-24886.1,211.1,216.3,0.0
genx__reedsco__catch__aratio__monthhour,genx__control,Fall,50.4831,14.4081,10.2082,87.2213,11.7038,0.3916,0.336,2471,3706,2435,0.6507,24393.4,-23794.7,211.1,325.0,0.0
genx__reedsco__namecatch__aratio__monthhour,genx__control,Fall,50.9018,14.4088,10.2924,87.9404,11.7038,0.3869,0.3209,2471,3706,2437,0.6516,21196.1,-23999.8,211.1,254.3,0.0
genx__reedsco__nameprox__aratio__monthhour,genx__control,Fall,48.1479,14.404,8.732,74.608,11.7038,0.4046,0.3441,2471,3759,2462,0.6534,11656.1,-24804.6,211.1,150.4,0.0
genx__reedsco__prox__a0__monthhour,genx__control,Fall,58.8478,14.4089,15.702,134.1622,11.7038,0.4577,0.2326,2471,1177,1076,0.4184,110720.4,-24664.8,211.1,937.7,0.0
genx__reedsco__prox__a0__static,genx__control,Fall,58.5765,14.4091,14.897,127.2838,11.7038,0.456,0.2362,2471,1177,1076,0.4184,111059.4,-24664.8,211.1,911.1,0.0
genx__reedsco__prox__aratio__monthhour,genx__control,Fall,49.7777,14.4035,8.8803,75.8758,11.7038,0.4034,0.3275,2471,3763,2461,0.6523,13317.7,-24804.6,211.1,266.3,0.0
genx__reedsco__prox__aratio__static,genx__control,Fall,49.6673,14.4034,8.6884,74.2356,11.7038,0.4025,0.3327,2471,3762,2460,0.652,12992.8,-24715.2,211.1,131.9,0.0
genx__stoch__catch__w2-mean__monthhour,genx__control,Fall,49.8392,18.5608,10.8074,92.3411,11.7038,0.4481,0.3464,2471,3617,2442,0.6698,30384.3,-24336.3,211.1,432.7,0.0
genx__stoch__namecatch__w2-mean__monthhour,genx__control,Fall,49.6929,18.5649,10.5791,90.3902,11.7038,0.4486,0.356,2471,3616,2444,0.6709,30363.9,-24336.6,211.1,282.6,0.0
genx__stoch__nameprox__w1g30top-mean__monthhour,genx__control,Fall,45.6332,17.2121,8.675,74.1216,11.7038,0.4052,0.3026,2471,3427,2468,0.7195,13382.0,-24969.6,211.1,133.7,0.0
genx__stoch__prox__w1g30-d0__monthhour,genx__control,Fall,48.1901,18.5355,12.8405,109.7126,11.7038,0.6682,0.4135,2471,1692,1692,0.6847,42620.5,-24778.0,211.1,770.1,0.0
genx__stoch__prox__w1g30-d1__monthhour,genx__control,Fall,48.003,18.2839,12.7641,109.06,11.7038,0.6682,0.4184,2471,1691,1691,0.6843,40099.3,-24763.8,211.1,726.5,0.0
genx__stoch__prox__w1g30-d2__monthhour,genx__control,Fall,48.0008,18.5114,12.7104,108.601,11.7038,0.6676,0.4203,2471,1691,1691,0.6843,43469.8,-24771.3,211.1,682.3,0.0
genx__stoch__prox__w1g30-mean__monthhour,genx__control,Fall,47.9789,18.4457,12.7401,108.8547,11.7038,0.6689,0.4188,2471,1691,1691,0.6843,40956.3,-24772.3,211.1,743.0,0.0
genx__stoch__prox__w1g30top-d0__monthhour,genx__control,Fall,43.9082,14.1865,8.7808,75.025,11.7038,0.4685,0.3068,2471,3107,2468,0.7936,16262.5,-24988.7,211.1,323.9,0.0
genx__stoch__prox__w1g30top-d1__monthhour,genx__control,Fall,43.7861,14.0067,8.7579,74.8295,11.7038,0.4726,0.3103,2471,3107,2468,0.7936,15125.5,-24982.8,211.1,305.3,0.0
genx__stoch__prox__w1g30top-d2__monthhour,genx__control,Fall,43.7872,14.1057,8.7412,74.6873,11.7038,0.4722,0.3117,2471,3107,2468,0.7936,16294.3,-24986.2,211.1,286.6,0.0
genx__stoch__prox__w1g30top-mean__monthhour,genx__control,Fall,43.7862,14.0816,8.7522,74.7806,11.7038,0.4735,0.3106,2471,3107,2468,0.7936,15544.0,-24986.5,211.1,312.2,0.0
genx__stoch__prox__w2-d0__monthhour,genx__control,Fall,20.7996,8.1635,7.2363,61.8284,11.7038,0.7579,0.6699,2471,2468,2468,0.9988,24887.3,-24920.2,211.1,475.5,0.0
genx__stoch__prox__w2-d1__monthhour,genx__control,Fall,20.5961,8.0103,7.1815,61.3606,11.7038,0.7587,0.6741,2471,2468,2468,0.9988,23258.7,-24911.5,211.1,448.4,0.0
genx__stoch__prox__w2-d2__monthhour,genx__control,Fall,20.5799,7.9896,7.1428,61.0302,11.7038,0.7578,0.6753,2471,2468,2468,0.9988,25178.8,-24916.0,211.1,421.1,0.0
genx__stoch__prox__w2-mean__monthhour,genx__control,Fall,20.5701,8.0465,7.1663,61.2306,11.7038,0.759,0.6745,2471,2468,2468,0.9988,23865.7,-24916.6,211.1,458.6,0.0
