source,YEAR,MONTH,HOUR,SUBSTATION,MIN_LOAD_A,MAX_LOAD_A,MIN_LOAD,MAX_LOAD,MONTHLABEL,OBJECTID,longitude,latitude
scrape,2024,0,9,Modoc,570.78,786.47,,,"JAN, 09",142.0,-119.71411429816072,34.43004540243831
scrape,2024,3,22,Las Lomas,826.43,1038.6,16.318174,20.507551,"APR, 22",201.0,-117.7391784103374,33.71867641955388
scrape,2024,0,18,Madrid,276.8,385.5,1.82184,2.537281,"JAN, 18",465.0,-118.32409750883438,33.83533381342406
scrape,2023,0,2,Lacresta P.T.,39.0,56.1,,,"JAN, 02",530.0,-117.29600716876844,33.512996202449685
scrape,2023,0,2,Albury P.T.,28.2,44.4,,,"JAN, 02",683.0,-118.11677451985788,33.83891625263318
scrape,2024,6,10,Naples,502.2,718.7,3.305376,4.730335,"JUL, 10",1208.0,-118.13205146268136,33.768759982218015
scrape,2024,2,13,Moab P.T.,-6.3,12.6,,,"MAR, 13",1538.0,-117.70376703395036,34.15216273942732
scrape,2018,5,5,Gunsite P.T.,0.0,0.0,,,"JUN, 05",1831.0,-116.85622670508616,34.032046956248955
scrape,2022,5,12,Copy P.T.,-1.3,5.5,,,"JUN, 12",2284.0,,
scrape,2024,4,2,Moneta,480.3,580.0,3.161235,3.81744,"MAY, 02",2434.0,-118.30992656395875,33.88389261680484
scrape,2023,10,8,Parker Strip,24.2,55.9,0.477838,1.103767,"NOV, 08",2448.0,-114.19485474762315,34.228937448042785
scrape,2024,9,6,Dolores P.T.,25.1,34.8,,,"OCT, 06",2846.0,,
scrape,2017,9,18,Pahrump P.T.,0.0,0.0,,,"OCT, 18",2960.0,-115.86373004552873,35.978368346524945
scrape,2024,9,0,Car Wash P.T.,31.6,45.7,,,"OCT, 00",3010.0,-118.1260117439953,33.84791938792783
scrape,2017,0,18,Alola,0.0,0.0,0.0,0.0,"JAN, 18",3024.0,-116.88125278288295,33.96941961867055
scrape,2018,0,1,Alpine P.T.,109.43,132.57,,,"JAN, 01",3199.0,-117.23632790733168,34.238664178957094
scrape,2024,7,12,O'Neill,841.74,1994.96,,,"AUG, 12",3635.0,-117.60498583146834,33.64322429575617
scrape,2022,2,4,Kuffel P.T.,52.3,80.7,,,"MAR, 04",3835.0,-117.18359128053036,34.247628407195684
scrape,2023,9,12,Hutt P.T.,0.21,0.5,,,"OCT, 12",3857.0,-117.32941048726266,35.0101155908089
scrape,2022,5,11,Penitentiary P.T.,0.57,1.51,,,"JUN, 11",4400.0,-114.91585616302976,33.56645973758409
scrape,2024,0,7,Huntington P.T.,2.92,4.59,,,"JAN, 07",4760.0,-119.21209805186427,37.20978963207122
scrape,2024,0,7,Ashley P.T.,40.0,46.5,,,"JAN, 07",4799.0,-119.65588938914516,34.44049966667659
scrape,2024,0,19,Crump P.T.,23.3,30.8,,,"JAN, 19",5000.0,-116.92173454047229,34.08919933252988
scrape,2024,7,20,Granada,439.3,806.6,2.891382,5.308874,"AUG, 20",5059.0,-118.12156799891294,34.105522002336
scrape,2023,3,18,Temescal P.T.,61.97,95.53,,,"APR, 18",5135.0,-117.51667146058186,33.82799849956841
scrape,2023,2,16,Black Meadows,0.11,0.2,0.002172,0.003949,"MAR, 16",5232.0,-114.19596505767748,34.3487917918322
scrape,2023,1,7,Bandage P.T.,46.9,64.5,,,"FEB, 07",5246.0,-116.46392796750416,33.778606049415224
scrape,2024,1,23,Daisy,303.22,419.88,1.995731,2.763563,"FEB, 23",5256.0,-118.2000940015866,33.78857299996503
scrape,2024,1,18,Ocean Park,327.02,520.11,,,"FEB, 18",5349.0,-118.478789035256,33.9978855360838
scrape,2024,0,11,Montecito,300.6,446.6,1.978487,2.939429,"JAN, 11",5591.0,-119.63477064000334,34.4318675315151
scrape,2023,4,22,Gabrielino P.T.,45.7,63.8,,,"MAY, 22",5634.0,-118.09351128524295,34.084080889069995
scrape,2022,9,12,Cove P.T.,0.13,0.3,,,"OCT, 12",5639.0,-116.6051725956054,33.88973706516375
scrape,2023,1,2,Johnsondale P.T.,0.0,0.0,,,"FEB, 02",5717.0,-118.53925845730728,35.97431674452949
scrape,2023,7,12,Gage,210.0,379.0,1.382177,2.4945,"AUG, 12",5721.0,-118.15565626543383,33.96285388729544
scrape,2024,2,10,Palos Verdes,313.1,491.4,2.060759,3.234293,"MAR, 10",5787.0,-118.37906529099078,33.803860500737535
scrape,2022,8,8,Red Box P.T.,0.04,0.06,,,"SEP, 08",5859.0,-118.1003640930633,34.260373738057446
scrape,2024,6,3,Garvey,347.6,439.5,2.287831,2.892698,"JUL, 03",5956.0,-118.0910441257477,34.06333642914691
scrape,2022,5,22,Grapevine P.T.,0.0,0.0,,,"JUN, 22",6052.0,-117.28631243290252,37.05920306834882
scrape,2024,0,22,Huntington Park,663.5,924.4,4.36702,6.08421,"JAN, 22",6158.0,-118.22572520657688,33.97986101405952
scrape,2024,4,20,Manhattan,697.93,857.53,4.593631,5.644085,"MAY, 20",6204.0,-118.39841771902574,33.87862305133165
scrape,2024,6,0,Palm Springs 'A',161.0,258.7,1.059669,1.70271,"JUL, 00",6527.0,,
scrape,2024,7,9,Mountain Pass,3.33,5.9,,,"AUG, 09",6601.0,,
scrape,2024,11,8,Heartwell P.T.,69.0,99.5,,,"DEC, 08",7317.0,-118.13356916466896,33.83079573290369
scrape,2023,0,6,Job P.T.,70.2,81.9,,,"JAN, 06",7625.0,-117.32859690519936,34.26024138107216
scrape,2023,5,4,Crestwind U.G.S.,27.2,56.9,,,"JUN, 04",7637.0,-118.41941446413716,33.77852113938615
scrape,2024,0,15,Blythe City,281.68,474.25,2.224751,3.745698,"JAN, 15",7647.0,-114.59963819241848,33.60578415772661
scrape,2024,1,18,Arrington P.T.,50.7,60.9,,,"FEB, 18",7719.0,-118.10043101358654,33.829755520215
scrape,2022,10,2,Jessie P.T.,0.0,0.0,,,"NOV, 02",7894.0,-117.65453104542348,35.008145492353535
scrape,2024,0,18,Lakeview,187.7,241.87,3.706208,4.775815,"JAN, 18",8020.0,-117.13410471129237,33.82557942716747
scrape,2023,0,0,High School P.T.,0.0,0.0,,,"JAN, 00",8050.0,-117.1989983761408,34.239078122087065
scrape,2023,6,15,Bigfoot P.T.,0.0,0.0,,,"JUL, 15",8288.0,-118.73856106944936,36.60088395546939
scrape,2022,10,3,Ridgeview P.T.,0.22,0.3,,,"NOV, 03",8357.0,-116.99926100485908,33.84523899603052
scrape,2022,10,3,Tapia,185.45,228.63,4.882374,6.019181,"NOV, 03",8455.0,-118.68464815377833,34.03632128875002
scrape,2018,10,23,Paularino,176.0,213.33,,,"NOV, 23",8542.0,,
scrape,2024,8,4,Oak Springs P.T.,7.1,15.5,,,"SEP, 04",8576.0,-117.59976798697936,34.37919488822352
scrape,2023,3,15,Emigrant P.T.,0.15,0.36,,,"APR, 15",8754.0,-117.14340065601516,36.60388225402959
scrape,2022,7,20,Lunada,159.36,214.61,1.048875,1.412519,"AUG, 20",8919.0,-118.3787449154016,33.76031762955384
scrape,2017,8,22,Pimiento P.T.,5.74,11.7,,,"SEP, 22",9059.0,,
scrape,2024,0,4,Loucks P.T.,1.8,2.9,,,"JAN, 04",9072.0,-118.25905079195915,34.52349201299314
scrape,2023,4,8,Outlaw P.T.,61.5,74.5,,,"MAY, 08",10372.0,-117.28454260143783,33.922927640668654
scrape,2023,6,9,Mescalero P.T.,16.7,68.3,,,"JUL, 09",10414.0,-116.580192907024,34.047846982172274
scrape,2018,11,12,Siphon P.T.,6.28,12.15,,,"DEC, 12",10465.0,,
scrape,2024,8,11,Aha P.T.,14.7,78.8,,,"SEP, 11",10759.0,-114.5337720046856,33.86588835692363
scrape,2023,9,3,Calcadia P.T.,0.23,0.32,,,"OCT, 03",10778.0,,
scrape,2024,5,22,Banducci,200.8,435.1,3.964872,8.591214,"JUN, 22",10806.0,-118.59934938676032,35.09970798299895
scrape,2024,11,14,Olympic,202.77,352.46,1.33459,2.319819,"DEC, 14",10807.0,-118.38958337500952,34.05994866826565
scrape,2024,3,14,Pruitt P.T.,44.9,53.7,,,"APR, 14",10826.0,-118.3639673395868,33.85874370930089
scrape,2023,0,1,Mt. Wilson P.T.,102.3,108.0,,,"JAN, 01",10869.0,-118.06558094047053,34.22481982764218
scrape,2024,0,6,Daeley P.T.,26.3,35.6,,,"JAN, 06",11032.0,-118.14182197758188,33.9283278766198
scrape,2023,10,14,Observatory P.T.,0.05,0.13,,,"NOV, 14",11518.0,-118.060636636566,34.22516158234983
scrape,2024,2,8,Morongo P.T.,32.4,37.5,,,"MAR, 08",11520.0,-116.56047071375936,34.06381471246918
scrape,2022,8,20,Minneola,0.12,0.22,0.002369,0.004344,"SEP, 20",11598.0,-116.81726402706413,34.86456245737038
scrape,2024,2,23,San Vicente,167.35,254.82,1.101463,1.677173,"MAR, 23",11730.0,-118.49863429460974,34.02866397869504
scrape,2023,1,2,Sugarloaf P.T.,3.7,7.1,,,"FEB, 02",11964.0,-118.61610103815796,35.84119712706771
scrape,2023,0,0,Westfall P.M.,90.9,108.9,,,"JAN, 00",12066.0,-119.74406674690124,34.45401946062403
scrape,2023,11,8,Kliss P.T.,22.5,53.9,,,"DEC, 08",12276.0,-118.09440449446686,33.8316215574556
scrape,2023,0,15,Oak Knoll P.T.,40.7,77.8,,,"JAN, 15",12324.0,-117.07325319013972,34.240001458171314
scrape,2024,0,12,Stroh P.T.,42.9,46.9,,,"JAN, 12",12380.0,-117.52165051890846,33.83854905420777
scrape,2022,7,9,Coso,0.11,0.24,0.002172,0.004739,"AUG, 09",12524.0,-117.9508794515932,36.082697937378725
scrape,2022,4,16,Grimshaw P.T.,13.5,38.5,,,"MAY, 16",12617.0,-116.22601109207082,35.84798971593569
scrape,2018,4,12,Topanga,60.22,73.47,,,"MAY, 12",12801.0,,
scrape,2024,10,14,Outlet P.T.,160.21,222.02,,,"NOV, 14",13312.0,-116.81124291582424,33.928160868458896
scrape,2024,2,13,Via Huerto P.T.,0.21,0.44,,,"MAR, 13",13362.0,-119.78481610250216,34.42852551056769
scrape,2023,2,0,Ice House P.T.,0.0,0.0,,,"MAR, 00",13380.0,-117.63667425109055,34.2505413049094
scrape,2024,0,23,Coldbrook P.T.,54.4,59.6,,,"JAN, 23",13403.0,-118.12132699213583,33.85935675592398
scrape,2024,1,20,Palm Springs 'B',94.26,97.13,0.6204,0.63929,"FEB, 20",13430.0,,
scrape,2024,0,1,Dolphin P.T.,0.53,0.68,,,"JAN, 01",13615.0,-119.051375324635,34.15954170706311
scrape,2023,10,23,Poole,0.25,0.36,0.004936,0.007108,"NOV, 23",13632.0,,
scrape,2023,5,5,Papaya P.T.,24.1,30.9,,,"JUN, 05",13788.0,,
scrape,2023,4,2,Domeland P.T.,0.22,0.37,,,"MAY, 02",13837.0,-117.851531062441,35.791809933097475
scrape,2024,3,9,Jay P.T.,17.9,51.8,,,"APR, 09",13969.0,-118.20111911507654,33.865762696313126
scrape,2023,4,10,Mebane P.T.,0.22,0.51,,,"MAY, 10",13986.0,-118.77988907692443,35.45955932287375
scrape,2023,8,13,Marina P.T.,0.0,0.0,,,"SEP, 13",14027.0,-118.11558973816268,33.75758542368183
scrape,2024,0,19,Long P.T.,40.0,44.4,,,"JAN, 19",14078.0,-118.11569882743052,33.832458657026784
scrape,2022,11,0,Snowcreek P.T.,0.12,0.18,,,"DEC, 00",14090.0,-116.67595756755536,33.904916760230016
scrape,2018,0,20,Camp Baldy P.T.,47.33,66.64,,,"JAN, 20",14107.0,,
scrape,2022,4,21,Hook Creek P.T.,79.3,94.4,,,"MAY, 21",14154.0,-117.1592067069181,34.25141917140717
scrape,2024,4,15,Bixby,326.1,381.8,2.146323,2.512929,"MAY, 15",14162.0,-118.17070239713516,33.77254515576724
scrape,2023,0,17,Dalba P.T.,108.8,162.8,,,"JAN, 17",14182.0,-117.12039687304828,34.20608557579066
scrape,2024,4,19,Moynier P.T.,56.5,58.8,,,"MAY, 19",14246.0,-118.37931540710947,34.01331000272637
scrape,2024,1,7,Galileo P.T.,7.9,22.4,,,"FEB, 07",14345.0,-117.7650016012762,35.218163138249764
scrape,2022,7,8,Eagle Crest P.T.,16.4,25.6,,,"AUG, 08",14397.0,-117.26877509370809,33.72498088808595
scrape,2024,5,5,Surrey U.G.S.,19.6,21.0,,,"JUN, 05",14419.0,-118.3499964209899,33.75575006143004
scrape,2024,7,6,Elementary P.T.,13.1,20.3,,,"AUG, 06",14439.0,-118.10358632634345,34.10633553615135
scrape,2024,1,22,Tatanka P.T.,87.3,103.7,,,"FEB, 22",14446.0,-119.61407210203724,34.43997563487477
scrape,2022,9,20,Deigaard P.T.,0.01,0.01,,,"OCT, 20",14558.0,,
scrape,2022,5,13,Cottage Grove,50.7,87.9,0.200218,0.347124,"JUN, 13",14586.0,-117.19723414306642,34.24375366141106
scrape,2023,6,10,Cascade P.T.,15.7,128.7,,,"JUL, 10",14762.0,-117.28933408908274,33.551587377901555
scrape,2022,6,2,Badwater P.T.,0.1,0.15,,,"JUL, 02",14789.0,-116.8452024905156,36.455969002788585
scrape,2022,7,8,Escala P.T.,25.1,39.4,,,"AUG, 08",15096.0,-117.33327331429768,33.505778122375155
scrape,2024,0,17,High P.T.,0.58,0.72,,,"JAN, 17",15641.0,-117.02086988565104,34.90020773819528
scrape,2022,10,1,Blue Ridge P.T.,0.0,0.0,,,"NOV, 01",15699.0,-117.69271041942166,34.37737571780408
scrape,2024,11,7,Soper P.T.,101.0,120.1,,,"DEC, 07",15717.0,-118.1191094431758,33.86582283709328
scrape,2022,4,4,Tollhouse P.T.,0.02,0.03,,,"MAY, 04",15830.0,,
scrape,2022,10,12,Allview P.T.,49.3,72.3,,,"NOV, 12",15857.0,-117.12502108530076,34.21479099860479
scrape,2023,6,4,Fighter P.T.,19.3,35.5,,,"JUL, 04",15966.0,-117.51824665701758,33.818226965303246
scrape,2023,9,16,Retreat P.T.,26.3,116.2,,,"OCT, 16",16065.0,-117.5087296597496,33.80542627194658
scrape,2024,1,18,Madrone P.T.,52.4,84.7,,,"FEB, 18",16121.0,-117.9613431680313,33.866905113436665
scrape,2024,0,5,Kneeland P.T.,19.5,29.5,,,"JAN, 05",16209.0,-118.1134240067606,33.84289039343719
scrape,2023,0,0,Yacht P.T.,62.7,72.1,,,"JAN, 00",16255.0,-117.88379972383537,33.60777944311863
scrape,2023,1,22,Capanero P.T.,0.67,0.9,,,"FEB, 22",16546.0,,
scrape,2022,4,18,Camp Angelus P.T.,61.3,79.0,,,"MAY, 18",16560.0,-116.97974167739488,34.14634669428895
scrape,2024,2,15,Sinker P.T.,2.5,4.67,,,"MAR, 15",16694.0,-118.499682206711,37.32371886917248
scrape,2023,0,8,Green Bear P.T.,130.6,171.6,,,"JAN, 08",16777.0,-117.07987409261612,34.21189424600382
scrape,2023,5,5,Mc Clary P.T.,50.0,55.9,,,"JUN, 05",16895.0,-117.32564177144472,34.74171966500952
scrape,2024,8,0,Mckevett P.T.,25.2,37.1,,,"SEP, 00",17003.0,-119.05381194228602,34.357287308524704
scrape,2024,0,11,Pedestrian P.T.,59.4,83.5,,,"JAN, 11",17030.0,-118.1388349149462,34.072323441886475
scrape,2022,8,12,Styx P.T.,0.12,0.3,,,"SEP, 12",17038.0,-117.20522467565172,34.59965106449961
scrape,2022,7,0,Chillon P.T.,89.8,120.3,,,"AUG, 00",17041.0,-117.25271894571011,34.237491161319305
scrape,2022,10,3,Native P.T.,0.11,0.15,,,"NOV, 03",17049.0,-117.1942017211258,34.59316650007429
scrape,2023,0,17,Canadian P.T.,155.9,210.1,,,"JAN, 17",17134.0,-117.16122250893385,34.26243754845793
scrape,2023,7,8,Dysart P.T.,4.9,10.4,,,"AUG, 08",17256.0,-116.90972073182132,33.896619249714675
scrape,2022,5,17,Autobody,54.0,110.7,,,"JUN, 17",17326.0,,
scrape,2022,3,11,Timberwine,29.8,60.9,0.588412,1.202494,"APR, 11",17444.0,-119.26106387118564,37.13603914241052
scrape,2018,9,22,Camino,7.39,9.23,0.194558,0.243,"OCT, 22",17478.0,,
scrape,2018,9,23,Ziggy P.T.,0.0,0.0,,,"OCT, 23",17491.0,-117.53998139159704,34.98711204178539
scrape,2022,8,0,Cardinal P.T.,67.7,109.4,,,"SEP, 00",17501.0,-117.63690737563212,34.36169633330616
scrape,2024,2,7,Calamar P.T.,31.6,35.1,,,"MAR, 07",17568.0,-117.16950200366703,33.47177544989847
scrape,2023,8,16,Queen Mary U.G.S.,0.0,0.0,,,"SEP, 16",17578.0,-118.19134574924804,33.75011514963357
scrape,2023,0,0,Cedar Pines P.T.,38.2,57.2,,,"JAN, 00",17712.0,-117.32530879218336,34.2494706856681
scrape,2022,3,5,Keeler P.T.,13.5,31.0,,,"APR, 05",17747.0,-117.87785814921892,36.48718534720168
scrape,2022,7,17,Weesha P.T.,6.2,11.3,,,"AUG, 17",17770.0,-116.94889555669124,34.17485310005095
scrape,2022,7,0,Luring P.T.,44.1,59.2,,,"AUG, 00",17780.0,-117.11378982933076,34.21251796471428
scrape,2023,0,8,Safari,230.8,415.1,4.557234,8.196307,"JAN, 08",17783.0,,
scrape,2022,5,8,Valley Of The Moon P.T.,65.2,100.3,,,"JUN, 08",17808.0,-117.25983834866324,34.24334825125187
scrape,2023,3,9,La Cumbre P.T.,29.8,63.0,,,"APR, 09",17822.0,-119.75525555461176,34.42221189564841
scrape,2018,0,1,Kagle Canyon P.T.,28.8,88.5,,,"JAN, 01",17899.0,-118.37638350268448,34.297525037903924
scrape,2018,0,0,Elaine P.T.,21.34,31.93,,,"JAN, 00",18031.0,,
scrape,2024,7,2,Casper P.T.,0.45,0.7,,,"AUG, 02",18107.0,-119.09556094664534,34.130415619407664
scrape,2023,4,14,Brown P.T.,0.0,0.0,,,"MAY, 14",18393.0,-116.2630220375144,35.9797923321422
scrape,2024,1,3,Mockingbird P.T.,9.1,13.8,,,"FEB, 03",18473.0,-116.58407635527507,34.042945401159564
scrape,2017,0,5,Escondido P.T.,6.74,12.1,,,"JAN, 05",18564.0,-118.32216227118028,34.489360609943034
scrape,2023,0,10,Sophie P.T.,30.5,56.9,,,"JAN, 10",18739.0,-117.2959148993144,33.72370748245825
scrape,2022,0,4,Bedford,353.7,419.99,2.32798,2.764287,"JAN, 04",18865.0,-118.39930445924148,34.062880472190464
scrape,2022,8,11,Skyborne P.T.,3.4,46.1,,,"SEP, 11",19205.0,-116.56609080208187,33.9634093828063
scrape,2023,1,14,Hession P.T.,10.9,21.7,,,"FEB, 14",19242.0,-118.28855548537793,37.173693605683454
scrape,2024,0,8,Blue Cut P.T.,49.4,60.5,,,"JAN, 08",19280.0,-117.46851743847311,34.30773098427744
scrape,2023,0,0,Joburg P.T.,124.8,136.7,,,"JAN, 00",19334.0,-117.64604476373556,35.36535145949334
scrape,2022,7,0,Painted Cave P.T.,22.3,24.7,,,"AUG, 00",19356.0,-119.79124193051912,34.504194014772914
scrape,2018,8,3,Crawford P.T.,22.31,28.8,,,"SEP, 03",19647.0,-118.98708328176254,37.62900545166868
scrape,2022,6,11,Hot Water P.T.,0.1,0.24,,,"JUL, 11",19748.0,-116.23687440752092,35.8799801049664
scrape,2024,0,2,Morningside,308.3,378.8,2.029167,2.493183,"JAN, 02",19782.0,-118.33031271695256,33.9611984076802
scrape,2022,10,11,Peacor P.T.,21.0,40.4,,,"NOV, 11",19789.0,-116.61118026429408,34.36998061567038
scrape,2018,7,1,Doheny,180.56,272.48,1.188409,1.793407,"AUG, 01",19902.0,-118.39157019643156,34.09039725281789
scrape,2024,0,12,Chollita P.T.,4.6,51.0,,,"JAN, 12",19959.0,-116.3080615408371,34.13987057719961
scrape,2018,1,20,Southridge P.T.,0.0,0.0,,,"FEB, 20",20549.0,-116.50266784848702,33.79445005439098
scrape,2022,10,4,Bard P.T.,86.9,100.4,,,"NOV, 04",20715.0,-119.18816290220516,34.16027322450465
scrape,2022,9,5,Carancho P.T.,50.1,97.0,,,"OCT, 05",20832.0,-117.22239713861714,33.51114201825317
scrape,2023,0,3,Sespe P.T.,0.0,0.0,,,"JAN, 03",20937.0,-118.93540972338351,34.409905999642085
scrape,2018,0,4,Sunlight P.T.,26.01,37.51,,,"JAN, 04",20939.0,-118.1768934648279,33.87973365665105
scrape,2023,7,19,Mountain Pass A,0.0,0.0,,,"AUG, 19",21030.0,-115.55128033550264,35.503245795845864
scrape,2018,9,5,Ettalee P.T.,0.0,0.0,,,"OCT, 05",21407.0,-116.41507365047508,36.30854453683688
scrape,2022,7,1,Tumbleweed P.T.,31.5,37.2,,,"AUG, 01",21749.0,-117.6399305395016,35.34632039954138
scrape,2023,0,1,Armijo P.T.,0.12,0.17,,,"JAN, 01",21861.0,-117.2490183897524,34.78433379772276
scrape,2024,5,19,Tyburn P.T.,39.5,51.9,,,"JUN, 19",21904.0,-118.4150374659854,33.76234082276714
scrape,2022,0,2,Rincon P.T.,0.88,1.2,,,"JAN, 02",22031.0,,
scrape,2017,9,3,Canalino P.T.,0.0,0.0,,,"OCT, 03",22041.0,-119.51362149312124,34.388460915574804
scrape,2023,9,15,Camp Nelson P.T.,18.8,31.4,,,"OCT, 15",22045.0,,
scrape,2023,10,23,Peacock U.G.S.,9.5,19.7,,,"NOV, 23",22240.0,-118.4057875936086,33.78253081686645
scrape,2018,0,9,Nidever P.T.,29.11,36.63,,,"JAN, 09",22682.0,-119.56024246779651,34.41477339390648
scrape,2023,0,2,Deluz P.T.,22.9,31.8,,,"JAN, 02",22707.0,-117.18461438567844,33.49973013826498
scrape,2017,1,1,Homewood P.T.,20.56,25.46,,,"FEB, 01",22794.0,-117.33084440229511,35.890093300896446
scrape,2022,3,19,North Bay P.T.,47.2,70.1,,,"APR, 19",22864.0,-117.18447565362496,34.2667598256054
scrape,2024,0,2,Ronnie P.T.,65.9,66.9,,,"JAN, 02",22929.0,-118.15910571958877,33.89370286149141
scrape,2017,7,14,Oaktree P.T.,27.95,70.32,,,"AUG, 14",22953.0,,
scrape,2018,10,0,Poso Park P.T.,13.46,19.99,,,"NOV, 00",23016.0,,
scrape,2023,10,14,Bessemer P.T.,0.21,0.42,,,"NOV, 14",23048.0,-116.72150157839668,34.40840314814915
scrape,2023,5,12,Flagstone P.T.,0.0,0.0,,,"JUN, 12",23246.0,-118.12107910289824,33.81906581179163
scrape,2023,5,16,Scout P.T.,0.27,0.57,,,"JUN, 16",23851.0,-116.91893140838816,34.31103076158852
scrape,2022,10,18,Ranger P.T.,98.7,136.0,,,"NOV, 18",23854.0,,
scrape,2017,1,0,Santa Ana River 1,0.0,0.0,0.0,0.0,"FEB, 00",23905.0,,
scrape,2018,0,0,Lathrop Wells P.T.,0.76,1.04,,,"JAN, 00",23932.0,-115.64885522572864,35.809858164599184
scrape,2017,10,18,Tejon Peak P.T.,0.0,0.0,,,"NOV, 18",23981.0,-118.81914765786487,34.78746751829648
scrape,2018,10,12,Par P.T.,0.0,0.0,,,"NOV, 12",24004.0,-119.79973178870829,34.4528027686033
scrape,2018,1,7,Kimberly P.T.,18.23,25.47,,,"FEB, 07",24125.0,,
scrape,2018,0,12,Richuson P.T.,13.93,18.22,,,"JAN, 12",24660.0,,
scrape,2017,2,13,Bishop Creek Plant 2,27.88,63.28,,,"MAR, 13",25028.0,,
scrape,2017,11,4,San Ysidro P.T.,12.19,20.15,,,"DEC, 04",25077.0,,
scrape,2023,2,15,Pheasant P.T.,2.8,23.9,,,"MAR, 15",25323.0,-116.89759266587669,33.96779900311329
scrape,2018,0,1,Sherwood P.T.,23.43,36.47,,,"JAN, 01",25332.0,,
scrape,2018,6,15,Mcclenny P.T.,0.0,0.0,,,"JUL, 15",25636.0,-118.63717515972311,35.82175814352335
scrape,2023,0,7,Vogan P.T.,31.3,38.2,,,"JAN, 07",25638.0,-118.13016962305164,33.84219925462069
scrape,2018,0,17,Vanderlip P.T.,0.0,0.0,,,"JAN, 17",27505.0,-118.37109828367488,33.74749758577968
scrape,2023,0,2,Dinkey Creek P.T.,0.0,0.0,,,"JAN, 02",27548.0,-119.1661012488832,37.06493512397656
scrape,2023,3,5,Nogal P.T.,20.4,29.7,,,"APR, 05",27577.0,-119.77163885280284,34.43724984624559
scrape,2018,8,20,Yankee P.T.,0.0,0.0,,,"SEP, 20",28118.0,-118.4183870538017,35.62331865392004
scrape,2023,6,12,Tahquitz P.T.,13.0,14.9,,,"JUL, 12",28205.0,-116.73267963167255,33.706694509279565
scrape,2018,6,15,Lunar,0.0,0.0,0.0,0.0,"JUL, 15",28394.0,,
scrape,2018,9,21,Barwick P.T.,0.0,0.0,,,"OCT, 21",28695.0,-119.80133317026456,34.421217966055394
scrape,2018,1,0,Loma Vista P.T.,0.0,0.0,,,"FEB, 00",28739.0,-119.2207671258413,34.28107609803653
scrape,2017,4,21,Falls P.T.,0.0,0.0,,,"MAY, 21",28851.0,-119.0183354078835,37.61929260719179
