util_name,util_norm,util_lat,util_lon,basin_name,basin_norm,basin_lat,basin_lon,dist_km,name_match
SHAFTER,shafter,35.513906883314405,-119.31779636005952,Shafter,shafter,35.513904843903426,-119.31780144050684,0.0005127081813872944,True
OCEANO,oceano,35.10171002130732,-120.58099919103158,Oceano,oceano,35.10171139194951,-120.58099108951156,0.000752606480326521,True
HERDLYN,herdlyn,37.81698475446724,-121.58716994811228,Byron Bethany,byron bethany,37.81698935517064,-121.587145694383,0.0021910319615522653,False
WILLIAMS,williams,39.15751081265503,-122.14773879689832,Williams,williams,39.15748765308179,-122.14771205348706,0.003456708411185756,True
SONOMA,sonoma,38.27657572900672,-122.46207109995244,Sonoma,sonoma,38.2765392653175,-122.4620912899526,0.004421051160327305,True
HURON,huron,36.18607144784237,-120.10386221168731,Huron,huron,36.18606391411192,-120.10391112178026,0.004468700293272018,True
NORD,nord,39.76022573614664,-121.90699546602146,Nord,nord,39.760240802984654,-121.90704864173188,0.004844311097317209,True
SUNOL,sunol,37.58689135859106,-121.86962721571362,Sunol,sunol,37.58690265828723,-121.8696840010358,0.0051589343499602435,True
JARVIS,jarvis,37.59533398503197,-122.01754403270029,Air Liquide,air liquide,37.59531055787571,-122.01749144961028,0.005314945290633489,False
CHARCA,charca,35.608124985119254,-119.32533697812512,Charca,charca,35.60807500748761,-119.32531387859125,0.005936669031275757,True
HAMMER,hammer,38.02161846146168,-121.3204489914979,Hammer,hammer,38.02160701470673,-121.3203790103872,0.006260878990364264,True
CLAY,clay,38.34223678954548,-120.93502517926262,Clay,clay,38.34219061191322,-120.93498037585024,0.006452378930648119,True
WYANDOTTE,wyandotte,39.49164315311975,-121.54096296885037,Wyandotte,wyandotte,39.49170025621256,-121.54094668549344,0.006501501066708476,True
COALINGA NO 1,coalinga no 1,36.13620074047216,-120.34415486251105,Coalinga 1,coalinga 1,36.136203290897456,-120.34422914244838,0.006676584100216986,False
ARLINGTON,arlington,37.88897961680794,-122.27297827230667,Arlington,arlington,37.88892427650707,-122.2729390429972,0.007051075766126436,True
SNEATH LANE,sneath lane,37.62198851913939,-122.44686234566812,Sneath Lane,sneath lane,37.62203201200436,-122.44680297920873,0.0071222515843479784,True
ORLAND B,orland b,39.72519125045083,-122.17865785695024,Orland B,orland b,39.72519600027397,-122.17874101256352,0.007131226770058013,True
MONROE,monroe,38.45325388171991,-122.74428924814126,Monroe,monroe,38.453223885544176,-122.74421648741736,0.007160211206159077,True
HAMILTON BRANCH,hamilton branch,40.26931804937077,-121.08804585596388,Hamilton Branch,hamilton branch,40.26934856638285,-121.08812389778008,0.007440209338069227,True
RIO DELL,rio dell,40.495345252516735,-124.09933588858924,Rio Dell,rio dell,40.49538981817036,-124.09926805925724,0.007579822449315155,True
ALTO,alto,37.898563217546894,-122.5246426549278,Alto,alto,37.898627509040566,-122.5246062288268,0.007830841026371221,True
HOLLISTER,hollister,36.86291061228925,-121.4059655595244,Hollister,hollister,36.86284609293578,-121.40601088934692,0.008229969151431591,True
DIXON,dixon,38.44526066389723,-121.82592500657064,Dixon,dixon,38.44525036336403,-121.82601980252832,0.008334679392052844,True
CABRILLO,cabrillo,34.643231832675774,-120.4373602032375,Cabrillo,cabrillo,34.6432697885287,-120.43728019313264,0.008449033541939783,True
BUENA VISTA,buena vista,36.65393162469321,-121.62925836204246,Buena Vista,buena vista,36.65389082139208,-121.62933839543028,0.008459210970351997,True
ATWATER,atwater,37.3600903184248,-120.61458852452108,Atwater,atwater,37.36010093561656,-120.61468476352314,0.008587324528561051,True
SALMON CREEK,salmon creek,38.343512395969725,-123.04470594130596,Salmon Creek,salmon creek,38.34344600928007,-123.04475798077164,0.008665392185802128,True
RIO BRAVO,rio bravo,35.44206083008288,-119.26062694774596,Rio Bravo,rio bravo,35.44202960741,-119.2607153968728,0.00873249024706099,True
MOUNTAIN VIEW,mountain view,37.38264012657535,-122.06962750222034,Mt. View,mt view,37.38260833645474,-122.06971944286131,0.008859228121171132,False
VASONA,vasona,37.25372623401983,-121.96618795298204,Vasona,vasona,37.25376295961767,-121.96627723605908,0.008894998162577493,True
LERDO,lerdo,35.500438317703164,-119.15186971490876,Lerdo,lerdo,35.500366029903,-119.15182728465126,0.00890860971172469,True
ESQUON,esquon,39.60772314757492,-121.76822648360046,Esquon,esquon,39.60773551464629,-121.76833358384148,0.009277502799492602,True
OREGON TRAIL,oregon trail,40.61899130155303,-122.3221442755599,Oregon Trail,oregon trail,40.61904558800701,-122.32206024241452,0.009313627184958463,True
CATLETT,catlett,38.80879690086217,-121.5164995196137,Catlett,catlett,38.80884800692517,-121.51641401759566,0.009337030286832318,True
OLEMA,olema,38.042251130418286,-122.7863974329975,Olema,olema,38.04217884496899,-122.786452187854,0.009359378051485975,True
WALNUT CREEK,walnut creek,37.904820730988014,-122.06085617174196,Walnut Creek,walnut creek,37.904802047538944,-122.06096087634268,0.009418390438655241,True
MIWUK,miwuk,38.05297067526115,-120.2170845064534,Mi-Wuk,mi wuk,38.052894384768784,-120.2171349558828,0.009564310486326968,False
VIRGINIA,virginia,37.924728371508415,-122.35950190637028,Virginia,virginia,37.92472410400429,-122.35939138417984,0.009705802351958647,True
JESSUP,jessup,40.46170457696071,-122.32775472405966,Jessup,jessup,40.46179282157093,-122.32775872178756,0.009818180030569041,True
SANTA MARIA,santa maria,34.95030148149897,-120.44405177080088,Santa Maria,santa maria,34.950262762178305,-120.44414964714996,0.00990516731818487,True
DEL MAR,del mar,38.798905518358,-121.22132249121611,Del Mar,del mar,38.79881551672975,-121.2213126039165,0.010044337159947255,True
DAIRYVILLE,dairyville,40.1280600543476,-122.09824574117305,Dairyville,dairyville,40.12802358226514,-122.09835630796664,0.01023792604224878,True
SMARTVILLE,smartville,39.20859431679137,-121.30260526619712,Smartsville Ss,smartsville ss,39.20853388787,-121.30269852011072,0.01047409203871174,False
HOPLAND,hopland,38.97287952085421,-123.08117071435976,Hopland,hopland,38.97279313501813,-123.0811217825633,0.010495815634538308,True
PURISIMA,purisima,34.7008255827051,-120.43565969291836,Purisima,purisima,34.70085389912369,-120.43554815305627,0.010671744478335347,True
BARRY,barry,39.069242120060025,-121.68996821514853,Barry,barry,39.06921638560733,-121.6898478161391,0.01078076063463036,True
GABILAN,gabilan,36.73135977881113,-121.61341084063255,Gabilan,gabilan,36.73130337624566,-121.61331164213672,0.01083902346885148,True
CALPELLA,calpella,39.19727795800626,-123.1925392202005,Calpella,calpella,39.19724965871583,-123.19241807516715,0.010903408289048205,True
STOREY,storey,36.98320145592562,-120.03348454940144,Storey,storey,36.983142164277794,-120.0335837764216,0.011006749191364294,True
RICHMOND R,richmond r,37.92625133438892,-122.36966637516512,Richmond R,richmond r,37.92618059542927,-122.36957712050716,0.011097660868487569,True
JAMESON,jameson,38.20543608324877,-122.14796860832556,Jameson,jameson,38.20550643382101,-122.1478779805956,0.011131045265307853,True
LUCERNE,lucerne,39.11048704064002,-122.81284365571706,Lucerne,lucerne,39.11038685603239,-122.81283817023412,0.011150069369527685,True
RED BLUFF,red bluff,40.1824640348198,-122.244707344526,Red Bluff,red bluff,40.18238661661079,-122.24461774556656,0.011491015881702944,True
SOLANO,solano,37.89093964397114,-122.29229298057712,Solano,solano,37.89085880175824,-122.29220973770788,0.011583038113165906,True
SAN JOSE A,san jose a,37.328168501922605,-121.90253619243413,San Jose Station A,san jose station a,37.328165308040944,-121.90240499218696,0.01160609240727835,False
TEMPLETON,templeton,35.55507511442895,-120.68041422031772,Templeton,templeton,35.55501644554795,-120.68030663520751,0.011716669788738747,True
BERKELEY F,berkeley f,37.87234225189556,-122.27809421905329,Berkeley F,berkeley f,37.87242956835905,-122.27816911147052,0.011725224952401312,True
GOOSE LAKE,goose lake,35.60174548016343,-119.57986582808483,Goose Lake,goose lake,35.60163890356536,-119.57988056253367,0.011925416000650103,True
MANCHESTER,manchester,36.78815334896068,-119.78793761047945,Manchester,manchester,36.78805531433461,-119.78787886781062,0.012091119591273833,True
FAIRHAVEN,fairhaven,40.80053988251958,-124.1961850487832,Fairhaven,fairhaven,40.80046703945119,-124.19629383745486,0.012225345805483479,True
MARYSVILLE,marysville,39.14000454607997,-121.5836129617673,Marysville,marysville,39.14002976308495,-121.5834742691922,0.012285587738747364,True
DESCHUTES,deschutes,40.55543101923755,-122.23990905392132,Deschutes,deschutes,40.55535283082838,-122.23980477568264,0.012377423122530382,True
KEARNEY,kearney,36.706696128628494,-119.88009059611775,Kearney (Old),kearney old,36.70679399597088,-119.880022999056,0.012439372743635302,False
SOBRANTE,sobrante,37.90535027631521,-122.20813319872327,Sobrante,sobrante,37.905458048175525,-122.20809506910524,0.012441861194275736,True
EL CAPITAN,el capitan,37.33595281998132,-120.50540396991832,El Capitan,el capitan,37.3358510420461,-120.5054697961686,0.0127258780460005,True
VACAVILLE,vacaville,38.35652261234486,-121.98035345499687,Vacaville,vacaville,38.3565241316156,-121.98050101939384,0.012868004454244342,True
NEWARK 21KV,newark 21kv,37.50289932556285,-121.98163324660962,Newark Distribution,newark distribution,37.50280390429028,-121.9817169420632,0.01292630930274647,False
GOLDTREE,goldtree,35.32026204712884,-120.69304755782936,Goldtree,goldtree,35.32017501326539,-120.69314451285074,0.013078104894456202,True
CARQUINEZ,carquinez,38.09076019525074,-122.24869737229972,Carquinez,carquinez,38.09087251077395,-122.24865135326652,0.013122207177897487,True
OLETA,oleta,38.4807522569046,-120.84479287419188,Oleta,oleta,38.48076425490602,-120.84494363383558,0.013190559053450776,True
BIG RIVER,big river,39.31134527209194,-123.78666920979292,Big River,big river,39.31141158284998,-123.78654080553652,0.013281714380361713,True
EAST MARYSVILLE,east marysville,39.16342235495069,-121.56120836057298,East Marysville,east marysville,39.163437922321634,-121.56105561499616,0.01328220014857227,True
MC FARLAND,mc farland,35.68826942087962,-119.276810556332,Mc Farland,mc farland,35.6883840601955,-119.2768598083155,0.01350108774822572,True
DOLAN ROAD,dolan road,36.80013119439448,-121.76897719428231,Dolan Road,dolan road,36.80022812267143,-121.76907061405304,0.013614330174668794,True
MIRABEL,mirabel,38.48962828607511,-122.89415788279445,Mirabel,mirabel,38.48950733334947,-122.89418272045346,0.013621951782591282,True
WESTPARK,westpark,35.37405023329696,-119.04033986202364,West Park,west park,35.37392780753941,-119.04031665945443,0.0137747136468206,False
BROOKSIDE,brookside,37.96197173061187,-122.34740011271514,Brookside,brookside,37.96209565707229,-122.3474106211808,0.013810754555220319,True
COLUMBUS,columbus,35.39851810200948,-118.93981268255826,Columbus,columbus,35.398405555376186,-118.93988055546694,0.013944982099853244,True
RINCON,rincon,38.49018866904616,-122.66602642884762,Rincon,rincon,38.49006768021555,-122.66607232599657,0.014033865848841778,True
WILLITS,willits,39.40550748378168,-123.32695422926648,Willits Station A,willits station a,39.40558965953939,-123.32707957151013,0.014123278344267737,False
BRIDGEVILLE,bridgeville,40.47973690196123,-123.78042714948089,Bridgeville,bridgeville,40.47964597017619,-123.78030981845563,0.014167419076460307,True
ROCKLIN,rocklin,38.7878362079499,-121.2316984669296,Rocklin,rocklin,38.78796354713167,-121.2316919770298,0.014170639524531172,True
OLD RIVER,old river,35.20832874558806,-119.10078114322462,Old River,old river,35.20843056321126,-119.10068620407476,0.014232991538162224,True
NOTRE DAME,notre dame,39.73006455906166,-121.79624495707743,Notre Dame,notre dame,39.73015382806001,-121.79636502454132,0.0142813181983055,True
SEMITROPIC,semitropic,35.600617453739545,-119.4375052688722,Semitropic,semitropic,35.600745710428626,-119.43752405277478,0.014362255054913781,True
MIRA VISTA,mira vista,37.938513118125606,-122.3247799791383,Mira Vista,mira vista,37.93855075112244,-122.32462290119236,0.014396710666287768,True
LINCOLN,lincoln,38.900472292516405,-121.29424750207652,Lincoln,lincoln,38.90052330344682,-121.29409397354496,0.014445924021016614,True
STAFFORD,stafford,38.12001877968342,-122.61391256045738,Stafford,stafford,38.11991638969132,-122.61401508372496,0.01449347196158312,True
PARLIER,parlier,36.60756183371276,-119.52147471307352,Parlier,parlier,36.60755351445216,-119.52131008495267,0.014723874001472126,True
DIAMOND SPRINGS,diamond springs,38.69335810297077,-120.82605011972905,Diamond Springs,diamond springs,38.69341228610576,-120.82589480729813,0.014764461259724328,True
KERMAN,kerman,36.69166461699721,-120.06003825090616,Kerman,kerman,36.691535007009925,-120.06008299787214,0.014954039784097676,True
PANAMA,panama,35.29554130507497,-119.02181642397912,Panama,panama,35.295556072797815,-119.0216521139904,0.01500215126514396,True
SMYRNA,smyrna,35.717948469880604,-119.45528357473574,Smyrna,smyrna,35.71782150992626,-119.4553416393832,0.015059122911245204,True
CHICO A,chico a,39.71896295197578,-121.82083893681968,Chico A,chico a,39.71884015875547,-121.82092062359636,0.015337688492975574,True
JANES CREEK,janes creek,40.90518967567011,-124.07217770855576,Janes Creek,janes creek,40.90513782437269,-124.07234698514996,0.015350043256226048,True
HICKS,hicks,37.233642133115225,-121.9012169860993,Hicks,hicks,37.233713452707946,-121.90106831081536,0.015366754988696055,True
LOS GATOS,los gatos,37.22645888521239,-121.97717996165842,Los Gatos,los gatos,37.22643981154891,-121.97735216024137,0.015393108287218122,True
BARTON,barton,36.764127437715366,-119.73480480396712,Barton,barton,36.76424275634893,-119.73491080578825,0.015924404692887077,True
OAKLAND L,oakland l,37.810340376987845,-122.27159254723468,Oakland L,oakland l,37.81031399495175,-122.27141300504756,0.01604307784764403,True
CRESSEY,cressey,37.42859913669553,-120.6384473846346,Cressey,cressey,37.4284695169969,-120.63852774445644,0.016065101305780802,True
SANTA ROSA A,santa rosa a,38.43690591996298,-122.71335000873452,Santa Rosa A,santa rosa a,38.43677550701216,-122.7134328571638,0.01619742411972682,True
SOLEDAD,soledad,36.42977626821583,-121.3324241495369,Soledad,soledad,36.4296388113508,-121.33249626729054,0.01659052260598894,True
BASALT,basalt,38.26311376964152,-122.26904909242027,Basalt,basalt,38.26316201235704,-122.2692320112342,0.016847041861654102,True
WOODSIDE,woodside,37.437220837862704,-122.24226770027914,Woodside,woodside,37.43708060614827,-122.24219443836604,0.016881445783420997,True
ALMADEN,almaden,37.26010442296057,-121.8898329799593,Almaden,almaden,37.25996121985501,-121.8898983887587,0.016942993757722586,True
WILLOW CREEK,willow creek,40.94802778714024,-123.64012366855172,Willow Creek,willow creek,40.94787589943116,-123.64010616074664,0.01695303078768335,True
WEEDPATCH,weedpatch,35.223900483374415,-118.88000875571748,Weedpatch,weedpatch,35.22374722376815,-118.8800083424542,0.017041732020127143,True
SERRAMONTE,serramonte,37.65081882661072,-122.45407076888073,Serramonte,serramonte,37.65079991874742,-122.4542630438474,0.01705764474260164,True
POSO MOUNTAIN,poso mountain,35.559202917522015,-118.95782903329666,Poso Mt.,poso mt,35.55923489011593,-118.95764321438143,0.017180801362342422,False
WOODWARD,woodward,36.896288880187065,-119.75080744529772,Woodward,woodward,36.8962770171285,-119.7510009798942,0.017260583556137427,True
HONCUT,honcut,39.3207327968909,-121.59528383517107,Honcut,honcut,39.32058027310813,-121.59532768391398,0.017374256204921713,True
CURTIS,curtis,37.97431175393948,-120.31978089327473,Curtis,curtis,37.9744325633102,-120.31990681792604,0.017386411884049668,True
CANTUA,cantua,36.429254389544624,-120.3414752851558,Cantua,cantua,36.42931356064096,-120.34165575802164,0.01743535540469804,True
HIGHLANDS,highlands,38.93697153956946,-122.60907443594864,Highlands,highlands,38.93706128927308,-122.60890848746357,0.01748162948326798,True
SAN BRUNO,san bruno,37.62096289057508,-122.42531311330475,San Bruno,san bruno,37.62095692901936,-122.42511447118066,0.017507713622999667,True
POINT PINOLE,point pinole,37.995974173346816,-122.34791448274218,Point Pinole,point pinole,37.9959215829392,-122.34810313924945,0.017535333048693907,True
JACINTO,jacinto,39.58288667011789,-122.01062919339816,Jacinto,jacinto,39.58278563658707,-122.01047191610203,0.017546500470280398,True
PEASE,pease,39.17017321175534,-121.66111558856706,Pease,pease,39.170232484388265,-121.66130954428624,0.017972339032098654,True
STELLING,stelling,37.33589708085293,-122.04301499076,Stelling,stelling,37.335995015082055,-122.04317701163414,0.01799370992726765,True
PIKE CITY,pike city,39.43821522456168,-120.9959439071993,Pike City,pike city,39.43810610512932,-120.99609874674582,0.018001026181700432,True
CASSIDY,cassidy,36.923692299083626,-119.81261089872176,Cassidy,cassidy,36.9235350157937,-119.8126589810418,0.01800381984683642,True
SAN MIGUEL,san miguel,35.75222542522153,-120.68382054645429,San Miguel,san miguel,35.75233608078926,-120.683966845535,0.018046926239557226,True
COARSEGOLD,coarsegold,37.22741691128599,-119.690552055026,Coarsegold,coarsegold,37.22747610662805,-119.69074521540252,0.01832496488707127,True
CRESTA PH,cresta ph,39.82649357391756,-121.4096899580418,Cresta,cresta,39.82643415142927,-121.4094876870716,0.018493844326415942,False
PINEDALE,pinedale,36.85007067841538,-119.8034557830923,Pinedale,pinedale,36.84992908278196,-119.80334504901184,0.018573585439421458,True
STILLWATER,stillwater,40.67760281495655,-122.34983936540058,Stillwater,stillwater,40.67776349188238,-122.34977518071872,0.018668338721620936,True
STROUD,stroud,36.53114916455339,-120.10431099777811,Stroud,stroud,36.53108764192172,-120.10450647672408,0.018757779879194834,True
GRASS VALLEY,grass valley,39.20922183386184,-121.06131819310708,Grass Valley,grass valley,39.20905548676379,-121.06136091053834,0.018859565211571925,True
SANTA NELLA,santa nella,37.08567509415812,-121.01318384348406,Santa Nella,santa nella,37.085841857403146,-121.01322547094186,0.018907299259874638,True
MERCED FALLS,merced falls,37.52304085412926,-120.33024521668725,Merced Falls,merced falls,37.5231917383836,-120.33034452620844,0.01892591577569433,True
HAMILTON A,hamilton a,39.74626480299121,-122.01146489920175,Hamilton A,hamilton a,39.74641854176892,-122.01136933547082,0.018947081942378395,True
FORT ORD,fort ord,36.64329014858041,-121.7923827803921,Fort Ord,fort ord,36.64341665332674,-121.79252517166388,0.018954249953099002,True
OROSI,orosi,36.54494016402164,-119.2512498016316,Orosi,orosi,36.54483612446745,-119.25141944291128,0.019065538347269883,True
OAKLAND X,oakland x,37.80525464784044,-122.23148010243337,Oakland X,oakland x,37.805289865997466,-122.23126768762208,0.01906815441708316,True
FROGTOWN,frogtown,38.05723780621027,-120.5341629491827,Frogtown,frogtown,38.05715279971415,-120.53397105129636,0.01927787479043299,True
MOSHER,mosher,38.02182537980966,-121.28076435779292,Mosher,mosher,38.021869998315466,-121.28097901653813,0.019446919349271032,True
GIRVAN,girvan,40.51345782429336,-122.37892882123532,Girvan,girvan,40.51332737038144,-122.37877447664933,0.0195105621328562,True
SWIFT,swift,37.322704670725145,-121.79709909967092,Swift,swift,37.322568019299865,-121.79695998817743,0.01955000537487057,True
ELK HILLS,elk hills,35.226241139395945,-119.37663775129045,Elk Hills,elk hills,35.22606664016438,-119.37660312489945,0.019656690739619762,True
FAIRVIEW,fairview,38.01590927413491,-122.11629244561098,Fairview,fairview,38.01608705182072,-122.11628728147318,0.019773152697253552,True
WILSON,wilson,37.2934446066299,-120.40695900507797,Wilson,wilson,37.29339508805083,-120.40717388158028,0.019789502677858898,True
CHANNEL,channel,37.95540129864133,-121.33245614324008,Channel,channel,37.95525900058912,-121.33259399642591,0.019910891717846387,True
MC ARTHUR,mc arthur,41.0514109866347,-121.40819070502693,Mc Arthur,mc arthur,41.05123900244495,-121.40826095781478,0.020010561639653077,True
GUSTINE,gustine,37.253059038898215,-121.01309879419414,Gustine,gustine,37.25323614332989,-121.01304169556924,0.020331214979939838,True
PASO ROBLES,paso robles,35.615659121898986,-120.67926595289852,Paso Robles,paso robles,35.615638873572074,-120.67949166031464,0.020526675683421525,True
UKIAH,ukiah,39.14297181783122,-123.19174687279155,Ukiah,ukiah,39.143149566432285,-123.19181491813512,0.020617491032238262,True
MARIPOSA,mariposa,37.504521775185246,-120.00756996777992,Mariposa,mariposa,37.50444462762693,-120.00778324285658,0.02067681305020566,True
LAWRENCE,lawrence,37.39719513054225,-122.0100946003828,Lawrence,lawrence,37.39720613760379,-122.01032950183628,0.020786829517664297,True
AUBURN,auburn,38.90362002905324,-121.07000550995504,Auburn,auburn,38.90349314437346,-121.06982652969592,0.020950589949291644,True
EMERALD LAKE,emerald lake,37.46149299207372,-122.2772794279851,Emerald Lake,emerald lake,37.46167499319351,-122.27734441979476,0.02103487327026418,True
KINGSBURG,kingsburg,36.4886216034969,-119.5824905378176,Kingsburg,kingsburg,36.48843212335158,-119.58249021621556,0.021069250475849993,True
HIGGINS,higgins,39.04402916015481,-121.0909371400403,Higgins,higgins,39.04404057010053,-121.09069254692402,0.021161344636525137,True
WASCO,wasco,35.6019019395657,-119.32598797488932,Wasco,wasco,35.6018111032607,-119.3261944083058,0.02122161562162529,True
BULLARD,bullard,36.82406405231952,-119.76842651281234,Bullard,bullard,36.82387712081925,-119.76847588716016,0.021245352698682128,True
OLIVEHURST,olivehurst,39.09191021084869,-121.54283685629107,Olivehurst,olivehurst,39.09206971077931,-121.54297320499404,0.02128421537602577,True
COPUS,copus,35.09340403050877,-119.27870217911948,Copus,copus,35.09339007164383,-119.27893651119976,0.021376302345125848,True
WEST FRESNO,west fresno,36.71798260214739,-119.81904246829367,West Fresno,west fresno,36.71817366980103,-119.81900447551196,0.02151394146148236,True
GREEN VALLEY,green valley,36.952075206180815,-121.7601230620376,Green Valley,green valley,36.95194003570028,-121.76029691983965,0.021554166230584138,True
FRENCH CAMP,french camp,37.881897863897066,-121.29042050604268,French Camp,french camp,37.88208898737167,-121.29036398565094,0.02182319262731444,True
GREENBRAE,greenbrae,37.93806581399283,-122.51415076392202,Greenbrae,greenbrae,37.93787270382002,-122.51419760633036,0.021862280707840142,True
LIVINGSTON,livingston,37.36355711461608,-120.76057836344424,Livingston,livingston,37.36342701655074,-120.76039099415776,0.02198824083728083,True
ROUGH AND READY ISLA,rough and ready isla,37.94947516937854,-121.3463583310698,Rough & Ready,rough ready,37.94966800711843,-121.34642298218624,0.022179258677159256,False
CORONA,corona,38.26512802531959,-122.6571608149265,Corona,corona,38.26501270479249,-122.65736853423064,0.022210532426703237,True
LAS GALLINAS A,las gallinas a,38.02256741456931,-122.53813147487423,Las Gallinas,las gallinas,38.02243332549303,-122.53794071204062,0.022394963678471734,False
WILLOWS A,willows a,39.53184406918284,-122.18627003440444,Willows A,willows a,39.5316759967068,-122.1861239374362,0.02250021809333026,True
TUDOR,tudor,38.9816906487069,-121.63537871499491,Tudor,tudor,38.98167904921362,-121.63511741419704,0.02262286877936417,True
STUART,stuart,37.857984085569285,-122.26844071173984,Stuart,stuart,37.85804465342326,-122.26868745271749,0.022684733796561968,True
PLEASANT GROVE,pleasant grove,38.82203193935343,-121.30628841171048,Pleasant Grove,pleasant grove,38.822090412493125,-121.30654082172713,0.022812862595571363,True
SILVERADO,silverado,38.49997654207099,-122.45894388782744,Silverado,silverado,38.49981793855024,-122.45911067581191,0.022840507515775484,True
SAN JOAQUIN #2,san joaquin 2,37.20342953647724,-119.49674358337344,San Joaquin 2,san joaquin 2,37.20359878008065,-119.49689024306964,0.022866383569858352,True
BUTTE,butte,39.712000513701405,-121.81334760711448,Butte,butte,39.7122064481817,-121.81335707689334,0.022913192011708147,True
BELL,bell,38.946685494069264,-121.0914507213159,Bell,bell,38.94679967505984,-121.0916715839996,0.022934962061884646,True
EL DORADO PH,el dorado ph,38.79358310217803,-120.61933508570162,Camino,camino,38.79337762420475,-120.61931096873364,0.02294351082599439,False
EEL RIVER,eel river,40.60254042515516,-124.20988251695042,Eel River,eel river,40.60262281321588,-124.21013282987988,0.0230326722238889,True
ORO FINO,oro fino,39.87163789301229,-121.611036786173,Oro Fino,oro fino,39.87156253113776,-121.61078506142388,0.02305881292719359,True
ZACA,zaca,34.69665857732155,-120.15172324390338,Zaca,zaca,34.6967037474649,-120.15147681827511,0.023081807785853465,True
RIPON,ripon,37.75576421896199,-121.14626329694828,Ripon,ripon,37.75580975020523,-121.14652034365436,0.023158146872614443,True
KIRKER,kirker,38.02096833726849,-121.90608941215515,Kirker,kirker,38.02078899146564,-121.90595499339868,0.02315907644834059,True
BRUNSWICK,brunswick,39.231239532701935,-121.03491018822432,Brunswick,brunswick,39.23105001931794,-121.03502608178792,0.023317605243928296,True
WHEATLAND,wheatland,39.013259823908015,-121.41884454220936,Wheatland,wheatland,39.01314723169966,-121.418616320747,0.023356844713503015,True
PENNGROVE,penngrove,38.31542240187963,-122.68088467235825,Penngrove,penngrove,38.315508557263975,-122.68113148263924,0.023567792908448806,True
OAKHURST,oakhurst,37.321751489665104,-119.63425437090476,Oakhurst,oakhurst,37.32195435968183,-119.63433155980304,0.023568137580356932,True
OROVILLE,oroville,39.50420642182479,-121.56020606130058,Oroville,oroville,39.50399794952197,-121.56015501732595,0.02359110809265482,True
LLAGAS,llagas,37.00719420510908,-121.5569929127207,Llagas,llagas,37.0072629332842,-121.55724432477602,0.023596169434840233,True
REEDLEY,reedley,36.604246761895766,-119.37597494144654,Reedley,reedley,36.60434719510366,-119.37620837505273,0.02364125293726393,True
PIT NO 5,pit no 5,40.98670271889426,-121.97630522163178,Pit 5,pit 5,40.98672928632707,-121.97658491117306,0.02366138214642471,False
AIRWAYS,airways,36.77817677583952,-119.67395617756009,Airways,airways,36.77800449376864,-119.6737997732644,0.02368598041844009,True
BIOLA,biola,36.79252636020794,-120.11415824294244,Biola,biola,36.79273986686032,-120.11414660446664,0.023763465805148407,True
ORICK,orick,41.29430712515043,-124.05658700221892,Orick,orick,41.2942870880898,-124.0568713812834,0.02386242498004072,True
VASCO,vasco,37.71097214981069,-121.71567702519704,Vasco,vasco,37.71111924146901,-121.71587494114254,0.02388773412033589,True
LOS MOLINOS,los molinos,40.03430703089894,-122.09587413860588,Los Molinos,los molinos,40.03419987957665,-122.0961177707717,0.0239207030940107,True
RIDGE,ridge,37.88486073895271,-122.25488061856642,Ridge,ridge,37.88498247194448,-122.25510573016852,0.023948240662928964,True
MONARCH,monarch,37.969157660213625,-121.28024699494452,Monarch,monarch,37.96937501643341,-121.2802389849553,0.02417910616919656,True
GRAND ISLAND,grand island,38.23143431844358,-121.59064447220264,Grand Island,grand island,38.23156044070725,-121.59041520934294,0.02444750702333792,True
GERBER,gerber,40.06428224737149,-122.15622506854064,Gerber,gerber,40.06410007779955,-122.15605722893883,0.024785640473001712,True
DEEPWATER,deepwater,38.55140495900723,-121.55981764661082,Deepwater,deepwater,38.55156818452924,-121.56001216502244,0.02481015821474188,True
OAKLAND C,oakland c,37.79750313857218,-122.28100831632332,Oakland I,oakland i,37.79743896091407,-122.28073765446842,0.024829123854350883,False
ARANA,arana,36.98438410414178,-121.99012545589314,Arana,arana,36.9842876083443,-121.99037773136556,0.024844241985909628,True
SCHINDLER,schindler,36.401932506462806,-120.13844397559691,Schindler,schindler,36.401944424908194,-120.1387222013054,0.024935851586194213,True
CLAYTON,clayton,37.94428985556829,-121.96926364911442,Clayton,clayton,37.94410025199704,-121.96910714862464,0.02515598906516778,True
EVERGREEN,evergreen,37.30352178997496,-121.83997139739384,Evergreen,evergreen,37.30332426454305,-121.84011095738254,0.025194863061400317,True
BOWLES,bowles,36.60577292106775,-119.77351527184116,Bowles,bowles,36.6056190151958,-119.77330698067958,0.02526972772465512,True
CLOVERDALE,cloverdale,38.79708983960812,-123.01056995209038,Cloverdale,cloverdale,38.797151570512106,-123.01028683646923,0.02547743975819558,True
MERCED,merced,37.273105730126126,-120.48710262742296,Merced,merced,37.27330800181223,-120.4872390057089,0.02552433014387123,True
COTTLE,cottle,37.772814224827606,-120.826244610004,Cottle,cottle,37.77265674847956,-120.82645877775784,0.02570919142180583,True
CORNING,corning,39.932572768315495,-122.18734884261642,Corning,corning,39.932431514275535,-122.18758967583248,0.02585279687964099,True
HORSESHOE,horseshoe,38.74422432366909,-121.16136710564363,Horseshoe,horseshoe,38.74431606810035,-121.16164253935796,0.025974494904399244,True
VIEJO,viejo,36.578607210500685,-121.90842396908974,Viejo,viejo,36.57837138389728,-121.90841786106006,0.026228393305396946,True
ELK,elk,39.129493032948936,-123.71168466277476,Elk,elk,39.12926005444285,-123.7117349541515,0.026266711688107056,True
ROB ROY,rob roy,36.97944444856634,-121.86712902180676,Rob Roy,rob roy,36.97922709718958,-121.8672496384155,0.02643678590545079,True
LAS POSITAS,las positas,37.70094251288631,-121.73350621738382,Las Positas,las positas,37.70082423282943,-121.73324446912255,0.026519496479982134,True
ALHAMBRA,alhambra,37.99408242188111,-122.13034397164172,Alhambra,alhambra,37.9939232223922,-122.13011557123694,0.02671995499495201,True
GILL,gill,37.98700838558783,-122.04030298525278,Gill,gill,37.986768207370986,-122.04026889673518,0.02687317230257024,True
STOCKTON A,stockton a,37.94731136404815,-121.28897066909988,Stockton Station A,stockton station a,37.94745800461249,-121.2887219790938,0.027228671852147095,False
BORDEN,borden,36.92213595117919,-119.98430925285751,Borden,borden,36.92214300830158,-119.98461599164996,0.027278856240145772,True
WEIMAR,weimar,39.03618697846676,-120.98785201726103,Weimar,weimar,39.0359625927244,-120.9879836044398,0.027417138875768708,True
HARDING,harding,37.96361485228802,-121.29066673738885,Harding,harding,37.96372898729796,-121.29038899788084,0.027457425609114443,True
SAUSALITO,sausalito,37.8633472927428,-122.4989921967848,Sausalito,sausalito,37.86356845628652,-122.49885083123884,0.027546041145843556,True
MEADOW LANE,meadow lane,37.96346551773498,-122.05211023752588,Meadow Lane,meadow lane,37.96324325632197,-122.05225312487916,0.027707588533398816,True
MC MULLIN,mc mullin,36.593617549943424,-119.9886805783096,Mc Mullin,mc mullin,36.59336916065014,-119.9887083695419,0.02773084622066329,True
HOOPA,hoopa,41.0562197839853,-123.6821751759544,Hoopa,hoopa,41.056465389372136,-123.6821089188975,0.02786940939670023,True
REDBUD,redbud,39.027411633952696,-122.66266510947312,Redbud,redbud,39.0275350391145,-122.66238326015598,0.02794716812634487,True
LAURELES,laureles,36.477771837963815,-121.7269203955055,Laureles,laureles,36.47770202544918,-121.7272208311117,0.027961281953250438,True
CALIFORNIA AVE,california ave,36.71976722854816,-119.76422834299458,California Ave,california ave,36.71951798339581,-119.76418502160708,0.0279824816395082,True
SAN LUIS OBISPO,san luis obispo,35.26178451937213,-120.63457824118316,San Luis Obispo,san luis obispo,35.261690787983795,-120.6348658471788,0.028115827654930977,True
GANSO,ganso,35.50133512445359,-119.44912437034876,Ganso,ganso,35.50111516603199,-119.44896686745672,0.02831062946707098,True
PACIFIC GROVE,pacific grove,36.61716803226243,-121.9191911959669,Pacific Grove,pacific grove,36.61739068641315,-121.91902970025458,0.028647937841534517,True
HARTER,harter,39.1430758668314,-121.64781496424256,Harter,harter,39.14328190436777,-121.64801526159908,0.028692487224507,True
CHEROKEE,cherokee,38.00576000998228,-121.23810008766183,Cherokee,cherokee,38.00551198513393,-121.23800900755306,0.028710428574294462,True
ARCATA,arcata,40.86730949748007,-124.08825985825644,Arcata,arcata,40.86708117110176,-124.08842427813433,0.0289092075101017,True
EL PECO,el peco,36.88099449637093,-120.16446451789515,El Peco,el peco,36.88073633628072,-120.16442581399936,0.028911765373378008,True
COTATI,cotati,38.30980554981653,-122.73175577070296,Cotati,cotati,38.30955900237303,-122.73164799441626,0.028982772936999586,True
FORT SEWARD,fort seward,40.213926195853496,-123.5966650918544,Fort Seward,fort seward,40.21377701409556,-123.59638439474168,0.02903907753367357,True
NEWBURG,newburg,40.594817406183694,-124.13502277842233,Newburg,newburg,40.59459298156031,-124.1352072063305,0.029414819998599673,True
VALLEJO B,vallejo b,38.10678437817224,-122.24125992296035,Vallejo B,vallejo b,38.10651968498403,-122.2412248775844,0.02959183337515281,True
PLACER,placer,38.90151853238145,-121.08791088443655,Placer,placer,38.90125522393904,-121.0878584895581,0.02962754327010484,True
GEYSERVILLE,geyserville,38.70995941018712,-122.9076911568436,Geyserville,geyserville,38.70981339234968,-122.9079796468376,0.029836331616117876,True
KING CITY,king city,36.21705442156273,-121.12682030175492,King City,king city,36.2169972915545,-121.1271468897357,0.02997911336800078,True
MORGAN HILL,morgan hill,37.12649792772826,-121.6591293431273,Morgan Hill,morgan hill,37.12670056195035,-121.6589030313354,0.030170311090629034,True
PLACERVILLE,placerville,38.730977599017024,-120.78350575501544,Placerville,placerville,38.73089864212415,-120.78383860827384,0.03017782618667504,True
KONOCTI,konocti,38.932601383485405,-122.74098053352844,Konocti,konocti,38.93233036162131,-122.74100628988566,0.030218492041970427,True
ERTA,erta,36.93065412756231,-121.76425096468428,Erta,erta,36.93038172667928,-121.76424019825812,0.03030470992196363,True
NOVATO,novato,38.10854640016638,-122.56790709808408,Novato,novato,38.108614398502894,-122.56824321885992,0.03036463462092069,True
KERN OIL,kern oil,35.44071661874439,-119.02040105128609,Kern Oil,kern oil,35.4407056097126,-119.02073606106468,0.03037397926850707,True
BAYWOOD,baywood,35.36100149108163,-120.8115828504644,Baywood,baywood,35.36124621126173,-120.81143387275726,0.030380614146665312,True
CAROLANDS,carolands,37.552816739650304,-122.3759674032582,Carolands,carolands,37.55280499465498,-122.37631200928465,0.030406609441068645,True
CAYUCOS,cayucos,35.44897550448366,-120.87040792910972,Cayucos,cayucos,35.448703299598,-120.87035972373032,0.030581154372332803,True
LIVERMORE,livermore,37.680003612395765,-121.78085098109068,Livermore,livermore,37.68002780796131,-121.78050482975056,0.030581194472374947,True
BAHIA,bahia,38.08114613944989,-122.13740639333582,Bahia,bahia,38.08087076372414,-122.1373890774632,0.030657868472868586,True
RADUM,radum,37.67228311817145,-121.85958601044506,Radum,radum,37.672555014651145,-121.85952801975954,0.030661296107830367,True
ATASCADERO,atascadero,35.4651926369646,-120.6714179229173,Atascadero,atascadero,35.465472178074315,-120.6714416884647,0.031157980444366608,True
CHICO B,chico b,39.7253212399454,-121.846804015902,Chico B,chico b,39.72551493360511,-121.84707580851182,0.03168860049779744,True
COLUMBIA HILL,columbia hill,39.3315648176399,-121.10125373763962,Columbia Hill,columbia hill,39.33184021378099,-121.10135032722202,0.03172950186046973,True
COVELO,covelo,39.78636157593041,-123.24873746443508,Covelo,covelo,39.78611627594674,-123.24854696006476,0.03176407306102407,True
ORTIGA,ortiga,36.983443336036615,-120.8198332500453,Ortiga,ortiga,36.98352226268427,-120.81948913475556,0.03180053172786396,True
SAN JOAQUIN,san joaquin,36.62114126800271,-120.17810289515532,San Joaquin,san joaquin,36.620936147425546,-120.17835130169104,0.03180702284147543,True
PARKWAY,parkway,38.13810009221848,-122.20945720439109,Parkway,parkway,38.13818918955193,-122.20911047771322,0.03190121484894061,True
FLORENCE,florence,37.83612012296221,-122.2202658186114,Florence,florence,37.83632030709053,-122.22000455752703,0.031966949512983664,True
BELLEVUE,bellevue,38.37873966235465,-122.7127531517697,Bellevue,bellevue,38.37897355035385,-122.71253961282282,0.031981967115487404,True
HATTON,hatton,36.55698934837941,-121.89760148903191,Hatton,hatton,36.556860720745206,-121.8979239294068,0.03215606078763224,True
WEST SACRAMENTO,west sacramento,38.58949498136971,-121.54527027674682,West Sacramento,west sacramento,38.58951498035394,-121.54490113999591,0.03216006075904513,True
RESEARCH,research,37.7823591848183,-121.96730288036213,San Ramon Research Cntr.,san ramon research cntr,37.78241595866594,-121.96766243161322,0.03222260574116213,False
LINDEN,linden,38.0167719179122,-121.09611286247085,Linden,linden,38.01698500755364,-121.09586298042954,0.03225856432858612,True
FRANKLIN,franklin,38.012370285670094,-122.26448472267798,Franklin,franklin,38.01210700210434,-122.26432998479756,0.0322621392303421,True
PAUL SWEET,paul sweet,36.99259833764791,-121.9820620699066,Paul Sweet,paul sweet,36.99232273085709,-121.98217929661874,0.032366283898336505,True
RALSTON,ralston,37.511320391790726,-122.33975670219075,Ralston,ralston,37.51131388825796,-122.34012499701088,0.03249293835368732,True
CLOVIS,clovis,36.82632258904477,-119.68092161392016,Clovis,clovis,36.8261981070358,-119.68125380958496,0.03264721148201787,True
SISQUOC,sisquoc,34.87888609675112,-120.3307559903573,Sisquoc,sisquoc,34.878598629858416,-120.330677457305,0.03275778472030605,True
WEBER,weber,37.91977787523238,-121.24063827031146,Weber,weber,37.91985100304596,-121.24027399076682,0.032972449928276776,True
WILLOW PASS,willow pass,38.02501979007568,-121.96117701573776,Willow Pass,willow pass,38.02477032006086,-121.96097329600856,0.032983635822827886,True
PUEBLO,pueblo,38.34543841547816,-122.299196392614,Pueblo,pueblo,38.34521980878797,-122.29945343649096,0.03306619595076946,True
CHOWCHILLA,chowchilla,37.12083563007519,-120.25043505532854,Chowchilla,chowchilla,37.12056168878955,-120.25058468607872,0.03322455574480912,True
MIDDLE RIVER,middle river,37.93681260482009,-121.52887983580312,Middle River,middle river,37.936957360514114,-121.52921205843272,0.03328589497582295,True
VALLEJO C,vallejo c,38.09844361859794,-122.25279173182363,Vallejo C,vallejo c,38.09847470951672,-122.25317220453654,0.03347228805870297,True
ANTELOPE,antelope,35.657909182784095,-119.99680487400924,Antelope,antelope,35.657901199099186,-119.9964344714247,0.03347661505858035,True
FITCH MOUNTAIN,fitch mountain,38.606826614556056,-122.85303132509898,Fitch Mt.,fitch mt,38.60655700780188,-122.85285800306566,0.033549254625003334,False
DRUM,drum,39.25637292962176,-120.76688167651604,Drum 1,drum 1,39.25666722895088,-120.76679573880246,0.03355068288529943,False
SAN JOSE B,san jose b,37.34102949703376,-121.901895980367,San Jose Station B,san jose station b,37.34096401468957,-121.9015250001308,0.03359483875627081,False
MORRO BAY,morro bay,35.374352209340344,-120.85564135935418,Morro Bay,morro bay,35.37433961065797,-120.85601432618392,0.03384475476273782,True
CLARK ROAD,clark road,39.65482672818301,-121.63548123647666,Clark Road,clark road,39.65452133080093,-121.63550822129932,0.03403712710328161,True
EL NIDO,el nido,37.12088972778191,-120.47290782246549,El Nido,el nido,37.12063344519221,-120.47269727142356,0.03406750278410324,True
TASSAJARA,tassajara,37.80025073342344,-121.90788099393204,Tassajara,tassajara,37.7999449878799,-121.90785395711802,0.034080242917488526,True
EUREKA A,eureka a,40.79388382264845,-124.18290357012602,Eureka Station A,eureka station a,40.79375287687645,-124.18327027149384,0.0341312240517439,False
BIG BEND,big bend,39.67704842121007,-121.4915529611423,Big Bend,big bend,39.67735464121586,-121.49151789252134,0.034182121563903135,True
TRINIDAD,trinidad,41.06502580500504,-124.12827879249215,Trinidad,trinidad,41.06473688164412,-124.128423239171,0.03433342856724003,True
BONNIE NOOK,bonnie nook,39.21451033170248,-120.80959918082056,Bonnie Nook,bonnie nook,39.21470786930682,-120.8092924505058,0.03436236357682491,True
STOCKTON ACRES,stockton acres,37.9630980647908,-121.3237146106475,Stockton Acres,stockton acres,37.96331210001517,-121.32343120564369,0.03440503002503575,True
SUMMIT,summit,39.31945516117808,-120.37918428385689,Summit,summit,39.31928513190563,-120.37884971476753,0.034435190171414505,True
CAMDEN,camden,36.44568692380856,-119.79886678890834,Camden,camden,36.44598609096055,-119.79896661374448,0.03444337681910206,True
MILPITAS,milpitas,37.41557922482778,-121.88806969825762,Milpitas,milpitas,37.41538248570829,-121.88837260043444,0.03455732130216543,True
ARBUCKLE,arbuckle,39.01767623855932,-122.0610830521299,Arbuckle,arbuckle,39.01747967888832,-122.06139482465692,0.034687170436353706,True
MAXWELL,maxwell,39.27720532980578,-122.15302787153044,Maxwell,maxwell,39.27695996315382,-122.15328887379604,0.03534267692916751,True
CAMP EVERS,camp evers,37.04175134982072,-122.02549688702273,Camp Evers,camp evers,37.04188835011482,-122.02513661190704,0.03541967434226532,True
EAST QUINCY,east quincy,39.93825707055911,-120.91057480535616,East Quincy,east quincy,39.93856266293809,-120.91070223131588,0.035674751848516616,True
PLUMAS,plumas,39.0262294520019,-121.54346448414113,Plumas,plumas,39.02624606204569,-121.5430520224537,0.035677365783462534,True
PACIFICA,pacifica,37.59472221036465,-122.48920894376208,Pacifica,pacifica,37.59480099325919,-122.48881601975864,0.03570968758746196,True
FMC,fmc,37.34728445797068,-121.9223066818288,FMC,fmc,37.34735122617952,-121.92191123495176,0.035736010124728365,True
SANTA YNEZ,santa ynez,34.62552143506068,-120.11931589174262,Santa Ynez,santa ynez,34.625201112592144,-120.11935266826184,0.03577683996192015,True
KERCKHOFF,kerckhoff,37.09207364074768,-119.55301276394894,Kerchoff 1,kerchoff 1,37.09224609880732,-119.55266643410953,0.03621251782606655,False
MOUNTAIN QUARRIES,mountain quarries,38.91439251858,-121.01899061136776,Mt. Quarries,mt quarries,38.9140659675594,-121.01898220192484,0.036318105502590965,False
EAST NICOLAUS,east nicolaus,38.90941478613143,-121.54229853496466,East Nicolaus,east nicolaus,38.9097025313182,-121.54249826250768,0.03636453600310625,True
JACOBS CORNER,jacobs corner,36.22220579820744,-119.77959785166227,Jacobs Corner,jacobs corner,36.22241110449142,-119.77991388320748,0.03639851841647422,True
METTLER,mettler,38.07824965745363,-121.28692033613773,Mettler,mettler,38.077922370760064,-121.28690168406489,0.036429221530116955,True
CANAL,canal,37.06637138757264,-120.83597188351864,Canal,canal,37.06633333339536,-120.83556394913944,0.03644115927412723,True
BANGOR,bangor,39.38796688540241,-121.40298390629762,Bangor,bangor,39.38767373773818,-121.40317569925232,0.036526797582048,True
RIVERBANK,riverbank,37.76887583084935,-120.90778635201956,Riverbank,riverbank,37.7692030729445,-120.90784477935696,0.0367482889733853,True
HIGHWAY,highway,38.165934399172585,-122.25383771242235,Highway,highway,38.16621801651261,-122.2536210070525,0.03678984688377594,True
PITTSBURG,pittsburg,38.03070653596985,-121.8692592247712,Loveridge Road,loveridge road,38.03040028127549,-121.8694190811146,0.03681992644226877,False
APPLE HILL,apple hill,38.73938813175536,-120.67736539967991,Apple Hill,apple hill,38.73968296741021,-120.67716509488646,0.03710283600890249,True
CARRIZO PLAINS,carrizo plains,35.381017002802906,-120.04015761995842,Carrizo Plains,carrizo plains,35.38068153866974,-120.04019423974916,0.03744935831232711,True
WAHTOKE,wahtoke,36.61521376920539,-119.45225124272176,Wahtoke,wahtoke,36.61539070993896,-119.45260870680616,0.03748307585186944,True
BAY MEADOWS,bay meadows,37.55164336687077,-122.29243887652298,Bay Meadows,bay meadows,37.55158035932156,-122.29285775519622,0.037585370191822405,True
RESERVE OIL,reserve oil,36.27603890498239,-119.65340386371432,Reserve Oil,reserve oil,36.27633342399792,-119.65361190916563,0.037687001638887906,True
TYLER,tyler,40.13845382134672,-122.20839746763076,Tyler,tyler,40.1384747493391,-122.2088408813554,0.037765159034687516,True
LOS COCHES,los coches,36.36678536359205,-121.27993696622347,Los Coches,los coches,36.36646576287461,-121.28008081271584,0.037799963388809865,True
VALLEY HOME,valley home,37.85608548958504,-120.94440964637616,Valley Home,valley home,37.85642658658715,-120.9444261734473,0.037956000344612474,True
LOYOLA,loyola,37.36101855697285,-122.09928092012728,Loyola,loyola,37.36105837680576,-122.0997083840317,0.0380381753254486,True
EDES,edes,37.738958386689234,-122.19406786917396,Edes,edes,37.7386895431528,-122.19379906549648,0.03810983768298666,True
PETALUMA A,petaluma a,38.23437308284748,-122.63657806577606,Petaluma Station A,petaluma station a,38.23417000206364,-122.63622400296876,0.03829174711890043,False
LAS PULGAS,las pulgas,37.46317528473907,-122.22801351794423,Las Pulgas,las pulgas,37.46284167816763,-122.22790555904724,0.0382995840581498,True
MC KEE,mc kee,37.36629769546083,-121.84378234897032,Mc Kee,mc kee,37.3662534085359,-121.84335247469508,0.03830781294826064,True
CLARKSVILLE,clarksville,38.6556481194856,-121.05997890956418,Clarksville,clarksville,38.65571788293646,-121.0595437331988,0.03857597331767705,True
DAIRYLAND,dairyland,37.055238199109,-120.31690423390413,Dairyland,dairyland,37.054915448421376,-120.31674289512644,0.03863867632262408,True
DUMBARTON,dumbarton,37.55713232904114,-122.05834145293557,Dumbarton,dumbarton,37.556992018214,-122.05794001685494,0.03867313984587264,True
CORCORAN,corcoran,36.1097291421788,-119.55733517121652,Corcoran,corcoran,36.10940094533666,-119.55719266405735,0.03867412599881828,True
WARD,ward,37.7223556609754,-122.16118821037313,Ward,ward,37.72239091971295,-122.16162891461188,0.03895924576777095,True
MARTELL,martell,38.36883661631688,-120.79647096943472,Martell,martell,38.36910799331439,-120.79675402179372,0.03898085759751352,True
PANORAMA,panorama,40.43443262495934,-122.26746683270112,Panorama,panorama,40.43436790172827,-122.26792297442684,0.03927106161637157,True
LOGAN CREEK,logan creek,39.53921325844442,-122.2628031886025,Logan Creek,logan creek,39.53951119071489,-122.26305085446424,0.03935160235429416,True
DUNBAR,dunbar,38.38374078362537,-122.52780897971554,Dunbar,dunbar,38.383395007654975,-122.52790900424829,0.03942461297404818,True
FOOTHILL,foothill,35.28648919476478,-120.7062571845936,Foothill,foothill,35.28670653090418,-120.70591377619728,0.03944073966086615,True
LOS OSITOS,los ositos,36.293861081093134,-121.19982427087686,Los Ositos,los ositos,36.29381155278764,-121.2002607208847,0.039501415698812395,True
PALMER,palmer,34.82519468144487,-120.29920094235554,Palmer,palmer,34.82531944132415,-120.29879444459286,0.03961350386121031,True
GLENWOOD,glenwood,37.457303934642994,-122.18733079776786,Glenwood,glenwood,37.457155571098994,-122.18692221960626,0.0396583008472707,True
VIERRA,vierra,37.79819570487165,-121.2743535358029,Vierra,vierra,37.797855016410985,-121.2742169983529,0.03973699471976082,True
FAIRWAY,fairway,34.91060882113302,-120.44608849948852,Fairway,fairway,34.91052314642181,-120.44651258584707,0.03982648630301916,True
SARATOGA,saratoga,37.28110735135594,-122.015662147593,Saratoga,saratoga,37.28103662677783,-122.01521981672684,0.0399175037345594,True
BERESFORD,beresford,37.56455256555905,-122.31946336534357,Beresford,beresford,37.56489265618386,-122.31931200422642,0.0401006150443681,True
SOTO,soto,37.66853088274776,-122.08545486907524,Soto,soto,37.668511288872686,-122.084997586592,0.040307736430050076,True
LE GRAND,le grand,37.18467134480297,-120.27370723472944,Le Grand,le grand,37.18497687324676,-120.2739550698558,0.04045008771464022,True
LOS ALTOS,los altos,37.39360169214869,-122.1150733503216,Los Altos,los altos,37.39384444710306,-122.11472499894712,0.04093503334181318,True
HAYWARD O,hayward o,37.68617570872579,-122.10256842334825,Hayward O,hayward o,37.68638909966676,-122.10218867840564,0.040983619878462274,True
EL CERRITO G,el cerrito g,37.91642199870226,-122.30263855024612,El Cerrito Station G,el cerrito station g,37.9162522425779,-122.30222220257755,0.04111256491404654,False
SHINGLE SPRINGS,shingle springs,38.6594107880625,-120.94678677552162,Shingle Springs,shingle springs,38.659297687416505,-120.94723810852622,0.04115737943793975,True
PENRYN,penryn,38.84486110184167,-121.16643199707649,Penryn,penryn,38.84450411971604,-121.16656041028244,0.041223056169423615,True
VINEYARD,vineyard,37.66981508616917,-121.85487819350168,Vineyard,vineyard,37.66968929475397,-121.85443759246584,0.04122532966836497,True
BRITTON,britton,37.37491569242551,-122.01651663969916,Britton,britton,37.37456219213301,-122.01636588479026,0.04150342835932111,True
REDWOOD CITY,redwood city,37.49079641984113,-122.21284294525265,Redwood City,redwood city,37.49046667016374,-122.21306391272245,0.041527174506151,True
MABURY,mabury,37.36110148781495,-121.86446124822062,Mabury,mabury,37.36081517235132,-121.86415760519633,0.04163852934208508,True
LAYTONVILLE,laytonville,39.68493707127593,-123.47704802021951,Laytonville,laytonville,39.684586506278166,-123.47722297792636,0.04175725758093997,True
BLACKWELL,blackwell,35.61426839081551,-119.8538757564631,Blackwell,blackwell,35.61462223382047,-119.85371117195912,0.04206450021949916,True
BORONDA,boronda,36.690641286171,-121.67942490459326,Boronda,boronda,36.69028668467311,-121.67925781517144,0.04215067500171344,True
SAN ARDO,san ardo,36.073430288905165,-120.93646564476516,San Ardo,san ardo,36.073694446131,-120.93680552869054,0.04237788077428736,True
PARSONS,parsons,37.702249031979264,-122.08272925560476,Parsons,parsons,37.701870770501614,-122.08279949493938,0.04251227319864259,True
WOLFE,wolfe,37.33477745536544,-122.02082362284114,Wolfe,wolfe,37.33443633426892,-122.02060640357652,0.042515631956957546,True
WHISMAN,whisman,37.40496417559913,-122.0690328952126,Whisman,whisman,37.40499722340614,-122.06855277641526,0.042567328548120696,True
EDENVALE,edenvale,37.24486514436606,-121.79536211168684,Edenvale,edenvale,37.24456359512649,-121.7950653785124,0.04259365259862845,True
SAN RAFAEL,san rafael,37.97034817117299,-122.5268270651713,San Rafael,san rafael,37.97057814841819,-122.5272159897048,0.042617283381018715,True
WALDO,waldo,37.909212124547615,-122.3064730075285,Waldo,waldo,37.90942593874367,-122.30687762688434,0.04272397613164873,True
OAKLAND J,oakland j,37.76329902345095,-122.21419146834046,Oakland J,oakland j,37.76299826428102,-122.21449482097786,0.04277282798443449,True
ANDERSON,anderson,40.4500398913538,-122.3047386818897,Anderson,anderson,40.44973411757957,-122.3050458968686,0.042799484555155504,True
PARADISE,paradise,39.76034094880524,-121.6190062372056,Paradise,paradise,39.76066295290581,-121.61873043546984,0.0428695377647526,True
BIG BASIN,big basin,37.13125948685303,-122.17227801178812,Big Basin,big basin,37.130888014806175,-122.17214468956844,0.04296349180830874,True
BURNEY,burney,40.888215757543065,-121.6708403712964,Burney,burney,40.88793197595096,-121.67118732303456,0.04296918728130722,True
PINE GROVE,pine grove,38.41280369646983,-120.66072875769709,Pine Grove,pine grove,38.41279770310059,-120.6602339445871,0.043116882608162516,True
SANTA RITA,santa rita,37.05503123485525,-120.63408256251265,Santa Rita,santa rita,37.05464719500596,-120.63399444296688,0.04341334698167536,True
WEST LANE,west lane,37.99058390947568,-121.2838089984723,West Lane,west lane,37.990206511065786,-121.28368075254568,0.04344367292863554,True
SAN LEANDRO U,san leandro u,37.710671483216295,-122.14868122906188,San Leandro U,san leandro u,37.71062477494543,-122.14818833093142,0.04366892425254439,True
FAIRMOUNT,fairmount,37.90189965591967,-122.29689529328267,Fairmont,fairmont,37.90223219996787,-122.29662994323913,0.043696144454702435,False
MONTAGUE,montague,37.4030689299594,-121.90562357845783,Montague,montague,37.403332697501774,-121.90599044132966,0.043707393454042405,True
BONITA,bonita,36.96781971171099,-120.2031525152736,Bonita Tap,bonita tap,36.967724032752265,-120.2026749282796,0.04374321494432204,False
CHALLENGE,challenge,39.48563129002225,-121.22014874811364,Challenge,challenge,39.48525925803122,-121.22031867914004,0.043863295512860306,True
MT EDEN,mt eden,37.63195322408561,-122.1023291475442,Mt. Eden,mt eden,37.63206011003971,-122.10184811059204,0.043996183748329185,True
BLUE LAKE,blue lake,40.88014012907379,-123.98025783924872,Blue Lake,blue lake,40.87983429974335,-123.98059072697896,0.04404212872286547,True
NARROWS,narrows,39.235347065419134,-121.26906719226427,Narrows,narrows,39.23512866946219,-121.26863146830156,0.044699523470279286,True
DUNLAP,dunlap,36.70967604208161,-119.0292556541925,Dunlap,dunlap,36.70935277109184,-119.0289555728194,0.044807163844284174,True
HILLSDALE,hillsdale,37.53650756155396,-122.32255097270397,Hillsdale,hillsdale,37.53658611345428,-122.32205000420552,0.04502753376313777,True
BALFOUR,balfour,37.926180349016605,-121.67855023269668,Balfour,balfour,37.92583800616787,-121.67827598590216,0.04502998053583282,True
INDUSTRIAL ACRES,industrial acres,36.664142645204045,-121.62883846892647,Industrial Acres,industrial acres,36.66378718640669,-121.62859499820712,0.045098171493811665,True
MENDOTA,mendota,36.72025412492721,-120.45868266031763,Mendota,mendota,36.72059631080433,-120.45895510584718,0.04513773534188393,True
NAPA,napa,38.29522583876939,-122.27848498957331,Napa,napa,38.2954518695612,-122.27891504790612,0.045169036272667384,True
DALY CITY,daly city,37.69202059210078,-122.45565658797352,Daly City,daly city,37.6916795472424,-122.45593791212416,0.04528636769465876,True
TRES VIAS,tres vias,39.48664776643268,-121.68751739757202,Tres Vias,tres vias,39.486764538827885,-121.68802420710148,0.04538979743621755,True
CARLOTTA,carlotta,40.541262800218725,-124.06428630276322,Carlotta,carlotta,40.54114692359107,-124.06376729572114,0.045710371452493875,True
PETALUMA C,petaluma c,38.23949974182017,-122.63676111116996,Petaluma Station C,petaluma station c,38.23908894718915,-122.63671235397786,0.04587633346000739,False
EL PATIO,el patio,37.29163644525506,-121.93561870955156,El Patio,el patio,37.29203239473645,-121.9357659123516,0.04591292574102517,True
ALLEGHANY,alleghany,39.465472208842606,-120.84426368187933,Alleghany,alleghany,39.46548155585289,-120.84480093929696,0.04613168094667547,True
RANCHERS COTTON,ranchers cotton,36.70069654914869,-119.7539900369112,Ranchers Cotton,ranchers cotton,36.70056751093756,-119.7544889578796,0.04673711708490925,True
VALLEY VIEW,valley view,37.96628771253263,-122.27912095478516,Valley View,valley view,37.96613398470146,-122.27862421739036,0.04678047536511163,True
COLUSA,colusa,39.213661583558526,-122.00306856656788,Colusa,colusa,39.21353467336371,-122.00255032128622,0.046825530341506855,True
TEJON,tejon,35.01982434064145,-118.95468562709183,Tejon,tejon,35.01965399271657,-118.9551558962072,0.04682649656880993,True
LAKEWOOD,lakewood,37.9088184998879,-122.0574732475179,Lakewood,lakewood,37.90841012924259,-122.05733485714823,0.0470038711270795,True
PIT NO 3,pit no 3,40.99802297914013,-121.7472863637594,Pit 3,pit 3,40.9976967164697,-121.74764364029494,0.04706551618584084,False
POINT MORETTI,point moretti,37.03115942213585,-122.1886952521402,Point Moretti,point moretti,37.03106847758357,-122.18817332080263,0.04742152129340049,True
DOBBINS,dobbins,39.340076339250025,-121.19541552842642,Dobbins,dobbins,39.33987651538986,-121.1949272411389,0.04750794515260572,True
CLEAR LAKE,clear lake,39.007758745598494,-122.89345093801266,Clear Lake,clear lake,39.00776750858565,-122.89400077129945,0.04751844985163901,True
GUALALA,gualala,38.78608834746834,-123.52264215716971,Gualala,gualala,38.78617977578909,-123.52209765733848,0.048277248596312924,True
SOQUEL,soquel,36.986659979326745,-121.95052120875124,Soquel,soquel,36.98677959085639,-121.95104567646784,0.048444590979150395,True
SPENCE,spence,36.61397731072983,-121.56666763878204,Spence,spence,36.61375279893127,-121.56713328671503,0.04848205974978168,True
CAYETANO,cayetano,37.73836825979488,-121.77069648385788,Cayetano,cayetano,37.7386049986163,-121.77116328727968,0.04876375622984942,True
AUBERRY,auberry,37.0682317832377,-119.49617440265196,Auberry,auberry,37.06798806235496,-119.49571647400064,0.04883848799021779,True
ROSEDALE,rosedale,35.377501694340864,-119.07758922783194,Rosedale,rosedale,35.37716309022068,-119.07793299382897,0.04887726583066148,True
ALPAUGH,alpaugh,35.963432505647624,-119.45629715975916,Alpaugh,alpaugh,35.96336388597445,-119.45683611564412,0.049102657321199235,True
BURLINGAME,burlingame,37.589994031230255,-122.3628212137506,Burlingame,burlingame,37.58992414455095,-122.36337404834336,0.04932650258631107,True
CHESTER,chester,40.30286123740071,-121.22690255646653,Chester,chester,40.30242578830534,-121.22702068809072,0.04944517610556715,True
SALT SPRINGS,salt springs,38.49873757346975,-120.21883454678164,Salt Springs,salt springs,38.498419895679,-120.21842016704748,0.05047953882678102,True
WESTLEY,westley,37.57919043551431,-121.20566160950838,Westley,westley,37.5795778931092,-121.20596017237388,0.050481697850385414,True
GARBERVILLE,garberville,40.10337464980182,-123.7925248171206,Garberville,garberville,40.10300785982294,-123.79287741477847,0.05062377573069412,True
GANSNER,gansner,39.93961216668611,-120.94857323506642,Gansner,gansner,39.939266393185335,-120.94818507117058,0.05072897520805031,True
FREMONT,fremont,37.5418196595348,-121.961946339948,Fremont,fremont,37.54136311404011,-121.96195742157144,0.05077494406348044,True
SF X (MISSION),sf x mission,37.77752693688508,-122.41435930467767,Mission,mission,37.77735297807763,-122.41382288375962,0.05095895356000671,False
BARRETT,barrett,37.93963708159622,-122.3466580473046,Barrett,barrett,37.93956363231305,-122.34723449027432,0.05120662535445256,True
UPPER LAKE,upper lake,39.14608725571375,-122.91705320074546,Upper Lake,upper lake,39.1457404903959,-122.9166584019911,0.051438192159304896,True
ANTLER,antler,40.894973011426686,-122.38051411817683,Antler,antler,40.89453712707826,-122.38072195182964,0.051520211707740654,True
LAMONT,lamont,35.29714530040142,-118.8617741098652,Lamont,lamont,35.29677424643295,-118.86143242707536,0.0516128813971614,True
WATERLOO,waterloo,38.05131599877336,-121.20945809220316,Waterloo,waterloo,38.05163078327458,-121.20989255434432,0.05169495681963068,True
LEMOORE,lemoore,36.30978580363061,-119.79816461547026,Lemoore,lemoore,36.309333811206585,-119.79830060208944,0.051715249671269024,True
HARRIS,harris,40.781372534153576,-124.1319638474449,Harris,harris,40.780914589124485,-124.13185342405006,0.0517629882284304,True
SPRING GAP,spring gap,38.186423435629614,-120.111394105077,Spring Gap,spring gap,38.1865924012224,-120.11194736598286,0.05187651068180292,True
GUERNSEY,guernsey,36.22643077790519,-119.65578907910825,Guernsey,guernsey,36.226313369169056,-119.65522471160294,0.05227987785881057,True
NORCO,norco,35.28554247160178,-119.30890079948529,Norco,norco,35.28599981233232,-119.30903741111212,0.052343858850196476,True
STONE,stone,37.30430354718722,-121.8681773963203,Stone,stone,37.30400399503388,-121.86771598785953,0.05267796108632644,True
FIREBAUGH,firebaugh,36.85079413120268,-120.4658435279364,Firebaugh,firebaugh,36.85058109750191,-120.46637233049564,0.052678463256183077,True
ELECTRA,electra,38.33116093177938,-120.67246808322844,Electra 2,electra 2,38.33132421900456,-120.6730350165961,0.05267898494198188,False
MENLO,menlo,37.43306229991303,-122.20225008841324,Menlo,menlo,37.43280833182845,-122.2027583179545,0.05302103506462492,True
ARVIN,arvin,35.14989859396815,-118.87875605697371,Arvin,arvin,35.15031452530935,-118.87846735665951,0.05317870558846113,True
OILFIELDS,oilfields,35.956083731993004,-120.85149439691293,Oil Fields,oil fields,35.9564749662973,-120.85115276190712,0.05327381070351283,False
MANTECA,manteca,37.8015045271901,-121.22348162992516,Manteca,manteca,37.801133988578215,-121.22386999463303,0.05349662519763179,True
RESERVATION ROAD,reservation road,36.62420269765867,-121.68862755200468,Reservation Road,reservation road,36.62404336583979,-121.68806042023954,0.05362294618424117,True
DOS PALOS,dos palos,36.97511066443014,-120.63479080838368,Dos Palos,dos palos,36.97476896390239,-120.63521695745663,0.05363531981677239,True
TULUCAY,tulucay,38.24734918540386,-122.2680448123168,Tulucay,tulucay,38.24782902083961,-122.26794898800048,0.054007474717771634,True
MALAGA,malaga,36.6933448884706,-119.7259384506958,Malaga,malaga,36.69325501803404,-119.72653397903986,0.05403017490446045,True
BOLINAS,bolinas,37.940980126696346,-122.706692230778,Bolinas,bolinas,37.941212015097584,-122.70614899138528,0.05416890527695227,True
CEDAR CREEK,cedar creek,40.79097149681122,-121.9383470502897,Cedar Creek,cedar creek,40.79121365415692,-121.93778829102152,0.054200950129305515,True
AVENA,avena,37.84274975923836,-121.05412253622625,Avena,avena,37.84226199204446,-121.0541250136846,0.05423767363725157,True
VICTOR,victor,38.14519826927607,-121.1770973185347,Victor,victor,38.14550601166566,-121.17758098211316,0.05440499380517483,True
STONE CORRAL,stone corral,36.4725997946069,-119.18808580526532,Stone Corral,stone corral,36.472113770589765,-119.18801052757304,0.05446096857294327,True
BRENTWOOD,brentwood,37.91951019657826,-121.6770008771395,Brentwood,brentwood,37.91905743453774,-121.6767632027892,0.05449098015775109,True
TEMBLOR,temblor,35.383198949735814,-119.6964252470037,Temblor,temblor,35.38274812099552,-119.69618759671236,0.05456352625986259,True
RIVER OAKS,river oaks,37.41128179639234,-121.92707411842656,River Oaks,river oaks,37.41117121224068,-121.92767879187348,0.0548030618980514,True
PRUNEDALE,prunedale,36.7848917695957,-121.6710561826014,Prunedale,prunedale,36.785381301385314,-121.6711331172012,0.05486293815076784,True
CROWS LANDING,crows landing,37.37774567278726,-121.08632626856836,Crows Landing,crows landing,37.37738332848153,-121.08590273598206,0.054990003328173206,True
FORT BRAGG A,fort bragg a,39.4353215496146,-123.79944585942631,Fort Bragg,fort bragg,39.434829296251486,-123.799384023294,0.05499308956053458,False
LAWNDALE,lawndale,37.66284710325899,-122.44306917304786,Lawndale,lawndale,37.66252369636041,-122.44259458446248,0.05512156341444906,True
DUNNIGAN,dunnigan,38.92506225480307,-121.99011725790068,Dunnigan,dunnigan,38.92500648397224,-121.9894822376,0.05528210871974489,True
GONZALES,gonzales,36.50924719473701,-121.44649143497328,Gonzales,gonzales,36.50886506696333,-121.44689042031597,0.0554709405662669,True
SANGER,sanger,36.70772235449084,-119.61086419533504,Sanger,sanger,36.70722322080933,-119.61090006390856,0.05559316272792298,True
BURNS,burns,37.09517776069064,-122.14368831593914,Burns,burns,37.09533199716804,-122.14428727103169,0.05582283990233288,True
ASHLAN AVE,ashlan ave,36.79285389656522,-119.82738205997627,Ashlan Ave,ashlan ave,36.79289039579161,-119.82800800955027,0.055885589442565144,True
CASTRO VALLEY,castro valley,37.6917841084946,-122.06126559376074,Castro Valley,castro valley,37.69128098435761,-122.06127739017332,0.05595447959137644,True
LAKEVIEW,lakeview,35.09364619774964,-119.10121328188974,Lakeview,lakeview,35.094144434837254,-119.1011222366665,0.05601726068366163,True
EIGHT MILE,eight mile,38.058406468108736,-121.37663705496492,Eight Mile,eight mile,38.05886607785135,-121.37690208647813,0.05612741698590252,True
COPPERMINE,coppermine,36.89631750001298,-119.664718786115,Coppermine,coppermine,36.89581265313488,-119.6647063893895,0.056147234627962214,True
HALSEY,halsey,38.95682089677347,-121.04286722342916,Halsey,halsey,38.95692847708868,-121.04223033527708,0.05635428848544139,True
HAAS,haas,36.92739381730309,-119.02017254615168,Haas,haas,36.92739551493467,-119.02080883955904,0.05655976485656559,True
SF P (HUNTERS POINT),sf p hunters point,37.737055022315424,-122.37748705304148,Hunters Point,hunters point,37.73691799383807,-122.37686636880566,0.05666745760081086,False
FRENCH GULCH,french gulch,40.6868686177047,-122.6404649477137,French Gulch,french gulch,40.6868994531246,-122.64113796308338,0.056850321974523325,True
ROSSMOOR,rossmoor,37.86479574223729,-122.0809458485731,Rossmoor,rossmoor,37.86465421625634,-122.08032327587512,0.05687264102325234,True
WOODACRE,woodacre,38.01250684697549,-122.65399200051384,Woodacre,woodacre,38.01206225668505,-122.6536699406762,0.05692122417205323,True
FIGARDEN,figarden,36.82143004382485,-119.85912186746845,Fig Garden,fig garden,36.82191866501834,-119.85892793129833,0.05700865804633183,False
NEWMAN,newman,37.315811138560335,-121.01443366157086,Newman,newman,37.315586112666914,-121.01501392854986,0.05709079929304633,True
FRUITVALE,fruitvale,35.37778171713446,-119.09265249949172,Fruitvale,fruitvale,35.37726759509589,-119.09268803960424,0.057258497457556116,True
DAYTON ROAD,dayton road,39.72016631724905,-121.83969083882324,Dayton Road,dayton road,39.719727027619335,-121.83933629287388,0.05749383967468767,True
MAPLE CREEK,maple creek,40.76836583499929,-123.87400272507614,Maple Creek,maple creek,40.76789910706237,-123.873700206482,0.05781373220258925,True
MILLBRAE,millbrae,37.6054239917948,-122.39200798842708,Millbrae,millbrae,37.60593812655228,-122.39189344273694,0.05805285365124291,True
FORT ROSS,fort ross,38.539950114554514,-123.22321445936709,Fort Ross,fort ross,38.53959300252851,-123.22370201479188,0.058094420604028814,True
RACETRACK,racetrack,37.97990732524795,-120.41350998469224,Racetrack,racetrack,37.97991079096231,-120.4141780589576,0.05855583811371399,True
NORTECH,nortech,37.42095169352169,-121.9604588755621,Nortech,nortech,37.42070310255024,-121.95986987419542,0.0589035898435141,True
BELMONT,belmont,37.52392507929761,-122.2655656379043,Belmont,belmont,37.52346570103678,-122.26523211220224,0.058943703632079146,True
PERRY,perry,35.57121004522495,-121.0559169553722,Perry,perry,35.57091817059289,-121.05537112809648,0.05908028391211815,True
PUTAH CREEK,putah creek,38.52334998723117,-121.9952137072624,Putah Creek,putah creek,38.52282675411816,-121.99508094551214,0.05931613797270131,True
GRANT,grant,37.67180204255067,-122.15958413255876,Grant,grant,37.67126803925739,-122.15953867436106,0.05951309733427928,True
TIVY VALLEY,tivy valley,36.770688020428544,-119.39266766293925,Tivy Valley,tivy valley,36.77054900633203,-119.39331298114485,0.05952160223686522,True
JOLON,jolon,36.01345405632114,-121.1673499639731,Jolon,jolon,36.013241708000336,-121.1679583269854,0.059595401191814765,True
BUELLTON,buellton,34.62516166893696,-120.18655523536748,Buellton,buellton,34.624776631645176,-120.18609463634252,0.060077296015128595,True
COALINGA NO 2,coalinga no 2,36.237727890424445,-120.31459024852086,Coalinga 2,coalinga 2,36.23719530813537,-120.31471623769188,0.060288822309364595,False
WHEELER RIDGE,wheeler ridge,35.08904963931724,-118.9765211969902,Wheeler Ridge,wheeler ridge,35.08875271780095,-118.9759646600732,0.060450037396832884,True
BROWNS VALLEY,browns valley,39.22604998760262,-121.42343570527576,Browns  Valley,browns valley,39.22586945122523,-121.4227730889153,0.06050387644386336,True
COLUSA JUNCTION,colusa junction,39.19056773290833,-121.99053805724722,Colusa Junction,colusa junction,39.1911088675894,-121.99045724860068,0.06057310410260794,True
BOGUE,bogue,39.096194366463855,-121.6233825471538,Bogue,bogue,39.095903402766886,-121.62397928761747,0.06081701167281919,True
PEACHTON,peachton,39.37878705432235,-121.68516794919552,Peachton,peachton,39.37824172207953,-121.68509451825736,0.0609657512832457,True
LONE TREE,lone tree,37.94630532263428,-121.75910439326935,Lone Tree,lone tree,37.94623587461143,-121.7597975664782,0.061270835042521406,True
DIXON LANDING,dixon landing,37.45705888772975,-121.92097272747756,Dixon Landing,dixon landing,37.45755414227556,-121.92127798956194,0.06130820896505874,True
CARNERAS,carneras,35.5408527000329,-119.80462245906078,Carneras,carneras,35.54109994696263,-119.80523057317228,0.061508015021148256,True
CALISTOGA,calistoga,38.59257954214048,-122.57827051121993,Calistoga,calistoga,38.59208804224296,-122.57861044400111,0.06212650855598612,True
WHITMORE,whitmore,40.6295221042704,-121.91545710136442,Whitmore,whitmore,40.62903385703951,-121.91581806937708,0.0622528126443106,True
TAMARACK,tamarack,39.31400206641118,-120.49620864570748,Tamarack,tamarack,39.31387986258088,-120.4969206510396,0.06274291385870907,True
HALF MOON BAY,half moon bay,37.46904870806549,-122.4294538339823,Half Moon Bay & CM&O Yard ,half moon bay cm o yard,37.46884721555426,-122.43012216506732,0.06309458574364404,False
PIT NO 1,pit no 1,40.990515571941216,-121.49747687310516,Pit 1,pit 1,40.99103496354888,-121.49779162016772,0.06350874987416426,False
OTTER,otter,36.38026746652593,-121.89862348687925,Otter,otter,36.38008663965642,-121.8993004698779,0.06385389223575007,True
FAMOSO,famoso,35.60547527167606,-119.20318663401906,Famoso,famoso,35.60504032904604,-119.20365312438253,0.06416895923750075,True
CARUTHERS,caruthers,36.53207399155622,-119.88218484607894,Caruthers,caruthers,36.5321694559588,-119.8814694502654,0.0647944230309697,True
AMES,ames,37.41803546385238,-122.06722574863358,Ames Distribution,ames distribution,37.41853022786698,-122.06761586680192,0.06491272069749851,False
EAST STOCKTON,east stockton,37.96312284092296,-121.26093352398566,East Stockton,east stockton,37.96293398993085,-121.26163502109512,0.06498451803335638,True
NORTH TOWER,north tower,38.066339734584254,-122.19598269824904,North Tower,north tower,38.06582096810914,-122.19632934541984,0.0651797173100142,True
WATSONVILLE,watsonville,36.90322145782284,-121.75635320535145,Watsonville,watsonville,36.90275189090223,-121.75590924656431,0.06545664999318325,True
LOW GAP,low gap,40.43382494194464,-123.472854441197,Low Gap,low gap,40.43324912756948,-123.472691142014,0.06550238611994784,True
MONTE RIO,monte rio,38.47143665695768,-123.01148395746652,Monte Rio,monte rio,38.47141397437374,-123.01223630501092,0.06554533977684499,True
HUMBOLDT BAY PP,humboldt bay pp,40.74070324565622,-124.20905652543362,Humboldt Bay,humboldt bay,40.7403252642439,-124.20965592244193,0.06570099808745553,False
ELK CREEK,elk creek,39.59327331009217,-122.54352006687898,Elk Creek,elk creek,39.59291369815601,-122.54291039149912,0.0657877515826458,True
GLENN,glenn,39.77771129658629,-122.14217762044808,Glenn,glenn,39.77791304436671,-122.142904054826,0.06600776633943949,True
LOCKEFORD,lockeford,38.11719384065125,-121.16028330539748,Lockeford,lockeford,38.117748085853535,-121.1605601257086,0.06621647527952396,True
RENFRO,renfro,35.3871335591251,-119.1642609395004,Renfro,renfro,35.38771938712356,-119.16409451354572,0.06686536502560787,True
MOLINO,molino,38.425711114587386,-122.83287143283748,Molino,molino,38.4252880061949,-122.8323259975505,0.06686586258248041,True
CAPAY,capay,39.77653431381928,-122.10355513930796,Capay,capay,39.77596358103245,-122.10381094002612,0.06712210990906092,True
HAMMONDS,hammonds,36.71999629266149,-120.60261292866964,Hammonds,hammonds,36.72023521859973,-120.60331078826115,0.06763650188221242,True
SUISUN,suisun,38.24454829820952,-122.04148241778712,Suisun,suisun,38.24513201232641,-122.04125599715135,0.06785111800806469,True
SALINAS,salinas,36.68286418701568,-121.651172576963,Salinas,salinas,36.68227571857433,-121.65138546406432,0.06813288056301618,True
MIDDLETOWN,middletown,38.75298395846147,-122.60794041011712,Middletown,middletown,38.75291721241588,-122.60872248884506,0.06822333765480519,True
BANCROFT,bancroft,37.74028783112764,-122.1548323818996,Bancroft,bancroft,37.73986963293181,-122.15540723260396,0.06868402215835075,True
BIG LAGOON,big lagoon,41.162116737480105,-124.1022126767118,Big Lagoon,big lagoon,41.162714744863706,-124.10200637028775,0.06870157137829383,True
SYCAMORE CREEK,sycamore creek,39.76887891514183,-121.82323209706044,Sycamore Creek,sycamore creek,39.768761061395054,-121.824028388523,0.06930760334276381,True
WRIGHT,wright,37.01392488612878,-120.94478091254076,Wright,wright,37.013411112949264,-120.9452333297489,0.06983763030807642,True
MONTICELLO,monticello,38.50914491487987,-122.21449434653393,Monticello,monticello,38.50851658942113,-122.21446363828817,0.06991767776364756,True
EUREKA E,eureka e,40.793699357832445,-124.17955004886942,Eureka Station E,eureka station e,40.79343242207439,-124.1803134677917,0.07078960027064682,False
SAN JUSTO,san justo,36.85649197045642,-121.51264396321426,San Justo,san justo,36.85686673551709,-121.51198690822748,0.071791466490671,True
WILKINS SLOUGH,wilkins slough,39.0064697514912,-121.86729753227635,Wilkins Slough,wilkins slough,39.005842687054574,-121.8670286493896,0.07349530545721225,True
SAN PABLO,san pablo,37.98592857019798,-122.33656746665152,San Pablo,san pablo,37.98529640750591,-122.33682526254108,0.07383494941292792,True
SAN RAMON,san ramon,37.74487564264759,-121.93673033346126,San Ramon,san ramon,37.74472575304592,-121.93590980356208,0.0740467451563102,True
STOCKDALE,stockdale,35.31647157909954,-119.06802793721036,Stockdale,stockdale,35.317056923008494,-119.06763425730595,0.07424428355426362,True
PEORIA,peoria,37.90339247520717,-120.49708389009176,Peoria,peoria,37.90373843285021,-120.49781126746883,0.07451612077222773,True
COUNTRY CLUB,country club,37.97960932789654,-121.31570780413264,Country Club,country club,37.97921028718587,-121.31639202851346,0.07460074681103451,True
RICE,rice,39.402405951136096,-122.0140123123825,Rice,rice,39.402747176055385,-122.0132646948227,0.07460489306383992,True
SHADY GLEN,shady glen,39.115253699631616,-120.95381821842112,Shady Glen,shady glen,39.11534451385823,-120.95294531231836,0.07598283893869016,True
MORMON,mormon,37.96829976020206,-121.18544225637552,Mormon,mormon,37.96883799029348,-121.18598299624314,0.07634614709951855,True
BEAR VALLEY,bear valley,37.58580609306456,-120.12582981367848,Bear Valley,bear valley,37.58645560462845,-120.1255417263133,0.07655365989475481,True
PHILO,philo,39.06446920578099,-123.43729611086648,Philo,philo,39.06398273628727,-123.4379281431657,0.076835097697002,True
CORRAL,corral,38.10147374789754,-120.92528602571213,Corral,corral,38.101480653393175,-120.92617586661036,0.07786612210360627,True
WOODLAND,woodland,38.67836096439384,-121.75921270604204,Woodland,woodland,38.67863770636255,-121.76004075764016,0.07818980280019068,True
COLONY,colony,38.19050048956095,-121.18105263498548,Colony,colony,38.1902244358813,-121.1818846468171,0.07892713257941257,True
FULTON,fulton,38.497363244277295,-122.76136488870888,Fulton,fulton,38.49781842377962,-122.76066894697142,0.07892893615801796,True
SF H (MARTIN),sf h martin,37.70424294017619,-122.40919513249818,Martin,martin,37.70357715132619,-122.40953733134864,0.07991935711104761,False
TRACY,tracy,37.74813194950613,-121.41575105836796,Tracy,tracy,37.74881850754059,-121.41602183613314,0.07996787292724149,True
PEABODY,peabody,38.28556962442518,-121.97162432823951,Peabody,peabody,38.28546411187329,-121.9707061017594,0.08099755473846694,True
INDIAN FLAT,indian flat,37.66553336561797,-119.84124163589712,Indian Flat,indian flat,37.66479447681744,-119.8412278307714,0.08216967140979294,True
WEST POINT,west point,38.42091643492973,-120.5488378291623,West Point,west point,38.42101504600821,-120.54977367107364,0.08226222981951432,True
SAN CARLOS,san carlos,37.49925681676064,-122.2433672056333,San Carlos,san carlos,37.49975329872381,-122.24406340927844,0.08258219514287453,True
MCKITTRICK,mckittrick,35.29701832939979,-119.6266169615922,Mckittrick,mckittrick,35.29631924245988,-119.62700952309002,0.08551005771788397,True
DEVILS DEN,devils den,35.77577482106427,-119.97369007248874,Devils Den,devils den,35.77500833436411,-119.97378894289916,0.08569488745306372,True
SARANAP,saranap,37.8949912204196,-122.07469961303588,Saranap,saranap,37.89510413784193,-122.07372832288436,0.08614871170521315,True
MARICOPA,maricopa,35.10762692812825,-119.39725152751392,Maricopa,maricopa,35.10778001807841,-119.39818100307734,0.08624682359971216,True
FELLOWS,fellows,35.19473434349657,-119.58611007274465,Fellows,fellows,35.19517778904881,-119.58529444556518,0.08901861694818651,True
GIFFEN,giffen,36.54577475933991,-120.33539282422548,Giffen,giffen,36.54514360185848,-120.33477561137126,0.08924986205259625,True
HARTLEY,hartley,39.07670414389441,-122.93340708386404,Hartley,hartley,39.077214070382624,-122.93256785221448,0.09199466211695016,True
WELLFIELD,wellfield,35.22496336365365,-118.77833722283752,Wellfield,wellfield,35.22432025874951,-118.77897441184862,0.09199810414504005,True
FRUITLAND,fruitland,40.286587508255074,-123.83681278567364,Fruitland,fruitland,40.28584174156862,-123.8373077081287,0.09294614995997033,True
EAST GRAND,east grand,37.65396784266645,-122.40420306125036,East Grand,east grand,37.65381238392636,-122.40316525507636,0.09298392442262599,True
STAGG,stagg,37.99168060969362,-121.34788419136744,Stagg,stagg,37.99229903158738,-121.34862733050988,0.09470843562656975,True
BUCKS CREEK,bucks creek,39.91160243296182,-121.32682793665592,Grizzly,grizzly,39.910969838998064,-121.32758041656646,0.09522034874675676,False
OAK,oak,37.90115636063787,-122.28687516138622,Oak,oak,37.90188336246642,-122.2863009581251,0.09525310401341511,True
CUYAMA,cuyama,34.927616278599906,-119.62029680803812,Cuyama,cuyama,34.927605555832194,-119.62134166579372,0.09526302528050845,True
MC CALL,mc call,36.6103052673948,-119.63836125979108,McCall,mccall,36.61082900597876,-119.63921063456868,0.0955987132740875,False
LAKEVILLE,lakeville,38.25024379525056,-122.58100117848136,Lakeville,lakeville,38.25095566704731,-122.58164540213878,0.09711029377663313,True
PALO SECO,palo seco,37.81955732296677,-122.20690655429549,Palo Seco,palo seco,37.81910650759913,-122.20595533965694,0.09743695379665587,True
TIDEWATER,tidewater,38.02052295487403,-122.06207554043746,Tidewater,tidewater,38.01964420411481,-122.06185703349573,0.09956973987436019,True
TERMINOUS,terminous,38.11711521592538,-121.42139866543384,Terminous,terminous,38.11646156281604,-121.422181919905,0.09988995219868381,True
DIVIDE,divide,34.8291272881148,-120.44860259638226,Divide,divide,34.82822558276568,-120.44842243666147,0.10160460155929531,True
RISING RIVER,rising river,40.92860888434032,-121.54329343192305,Rising River,rising river,40.92900611205241,-121.54438678481873,0.10192129484547377,True
CONTRA COSTA,contra costa,37.99867901702416,-121.78318387764637,Contra Costa,contra costa,37.99955467869259,-121.78282309756756,0.10237248880436683,True
WATERSHED,watershed,37.48720723663254,-122.31003681213176,Watershed,watershed,37.48729719596609,-122.3112195445634,0.10483308732179981,True
MENDOCINO,mendocino,39.25063932695956,-123.19762575124754,Mendocino,mendocino,39.250483534031325,-123.1963905905829,0.10775859902151684,True
KETTLEMAN HILLS,kettleman hills,36.043228470347096,-120.11027046537308,Kettleman Hills,kettleman hills,36.04359444768913,-120.1113916540389,0.10870931784471585,True
FORESTHILL,foresthill,39.01998695236322,-120.8293416806212,Foresthill,foresthill,39.01930166874294,-120.83024524168704,0.10908573800997294,True
LAMMERS,lammers,37.71280029392499,-121.47875326631689,Lammers,lammers,37.71296547424562,-121.47752769056574,0.10936088985851215,True
POINT ARENA,point arena,38.912156018548,-123.67866119514616,Point Arena,point arena,38.91228990349537,-123.679924033987,0.11027263021511645,True
SAND CREEK,sand creek,36.64397666926381,-119.15978031526912,Sand Creek,sand creek,36.64478731397589,-119.16049811199976,0.11057260623958742,True
TRIMBLE,trimble,37.38283159012757,-121.92643970315228,Trimble,trimble,37.38206205330404,-121.92724261163217,0.111151564067718,True
ZAMORA,zamora,38.77465430165772,-121.85821418077823,Zamora,zamora,38.77565521973385,-121.85816692262264,0.11137238531359503,True
ANNAPOLIS,annapolis,38.679837362204594,-123.3107420981408,Annapolis,annapolis,38.6803029150572,-123.31188627934075,0.11200096624718088,True
VOLTA,volta,40.45943689773459,-121.8677559059613,Volta 1,volta 1,40.45955126665701,-121.8664328193955,0.11265891616781772,False
WINTERS,winters,38.51671294425671,-121.95185421086413,Winters,winters,38.51760056658567,-121.95115181645906,0.11608553742877858,True
TUPMAN,tupman,35.35313544613848,-119.27093751559444,Tupman,tupman,35.3541610923557,-119.2706555655539,0.1168780106539345,True
KNIGHTS LANDING,knights landing,38.80894434056115,-121.74638901920422,Knights Landing,knights landing,38.80928378458452,-121.74509479848558,0.11832244038030718,True
BIG MEADOWS,big meadows,40.17150258367834,-121.08392810254136,Big Meadows,big meadows,40.171557302152735,-121.08533652645772,0.11982257854737537,True
MESA,mesa,35.0078834935596,-120.45376497641756,Mesa,mesa,35.00886455676995,-120.45319888309312,0.12065925417946954,True
ORO LOMA,oro loma,36.88604386572732,-120.65597132911496,Oro Loma,oro loma,36.886750573285184,-120.65491603381926,0.12240851963405558,True
MORAGA,moraga,37.84853384034408,-122.16184860596728,Moraga,moraga,37.84776392918334,-122.16083185480454,0.12368948508433872,True
PIERCY,piercy,37.27020479293485,-121.78738454597324,Piercy,piercy,37.26909515749541,-121.78724623859824,0.12399131542411836,True
PLAINFIELD,plainfield,38.6182663711888,-121.79358211851525,Plainfield,plainfield,38.61926401297399,-121.7944613113622,0.1346863235629893,True
HENRIETTA,henrietta,36.24184869376041,-119.90482761916222,Henrietta,henrietta,36.24191955475813,-119.90327197289793,0.13973557982503873,True
BALCH NO 1,balch no 1,36.90832240674941,-119.08622824128604,Balch 2,balch 2,36.90898957181731,-119.08759344986868,0.14225682428554415,False
DEL MONTE,del monte,36.59919530577832,-121.85414882424809,Del Monte,del monte,36.59823782593487,-121.8530361578862,0.1456068552160717,True
GRAYS FLAT,grays flat,40.0221483161838,-121.063733200033,Grays Flat,grays flat,40.02241741879699,-121.06544554254224,0.14884885089989025,True
BAKERSFIELD,bakersfield,35.38858633344532,-119.00445108128255,Bakersfield,bakersfield,35.38723247177944,-119.0044360309872,0.15054873083047385,True
IGNACIO,ignacio,38.075692626064345,-122.53961816606646,Ignacio,ignacio,38.07692860079395,-122.54056371767577,0.16043154363551404,True
KERN POWER,kern power,35.378644853294965,-119.09838282217432,Kern Power,kern power,35.38000116873635,-119.09736644193148,0.17673776356197213,True
OAKLAND D,oakland d,37.837475094130205,-122.26158519172704,Oakland D,oakland d,37.83757074843421,-122.26361185898772,0.1782925248214507,True
VACA DIXON,vaca dixon,38.39965913851507,-121.920052746684,Vaca-Dixon & Gc Yard,vaca dixon gc yard,38.40116764046183,-121.92078581127718,0.17949018153498203,False
SAN MATEO,san mateo,37.58173090782904,-122.31998566182828,San Mateo,san mateo,37.58307460925212,-122.31866392138384,0.18944570172678762,True
MAGUNDEN,magunden,35.36190117650727,-118.92383965394583,Magunden,magunden,35.361126825277424,-118.9217317285238,0.20964733204969124,True
NEWARK 12KV,newark 12kv,37.50151207995332,-121.98896346778255,Newark,newark,37.50087311537809,-121.98626242223652,0.2486413731485286,False
GATES,gates,36.13875751303389,-120.1233876281544,Gates,gates,36.14024498483854,-120.12546365722362,0.24922175656204132,True
COTTONWOOD,cottonwood,40.39732263215315,-122.26727834579738,Cottonwood,cottonwood,40.39788002258034,-122.26422492870724,0.26589452874270025,True
PANOCHE,panoche,36.65147106321651,-120.58017074552066,Panoche,panoche,36.65353625161828,-120.5817560649944,0.2696934213112231,True
MIDWAY,midway,35.40071397340408,-119.44889279756244,Midway,midway,35.403680946179904,-119.45237612261928,0.4566366281545307,True
RAWSON,rawson,40.14506917599813,-122.2122547593741,Rawson Packaging,rawson packaging,40.14997334510596,-122.21302309610718,0.5492151856852914,False
SANTA TERESA,santa teresa,37.238496970450434,-121.79054338190755,Edenvale,edenvale,37.24456359512649,-121.7950653785124,0.784404195815054,False
RUSSELL,russell,37.85452448999599,-122.27989615948655,Stuart,stuart,37.85804465342326,-122.26868745271749,1.0590499491962317,False
8TH AVENUE,8th avenue,37.80064538752543,-122.24202081133105,Oakland X,oakland x,37.805289865997466,-122.23126768762208,1.0766872089929518,False
BERKELEY T,berkeley t,37.86457393824122,-122.25905444052576,Stuart,stuart,37.85804465342326,-122.26868745271749,1.1145670471697124,False
WOOD,wood,37.8264060148404,-122.21614490767148,Florence,florence,37.83632030709053,-122.22000455752703,1.1533551052306048,False
LODI,lodi,38.137240812553664,-121.26217434307496,Industrial,industrial,38.12992771852424,-121.25156189484872,1.2340210196094021,False
ESTUDILLO,estudillo,37.72712154609791,-122.1388744667424,Cherry,cherry,37.715813950900895,-122.14392687926076,1.3335659044025372,False
HOLLYWOOD,hollywood,37.81262335848576,-122.2188198016409,Palo Seco,palo seco,37.81910650759913,-122.20595533965694,1.340405904465693,False
WALL,wall,37.92740629292976,-122.31817641662892,Mira Vista,mira vista,37.93855075112244,-122.32462290119236,1.3620878226246453,False
SULLIVAN,sullivan,37.68724547633245,-122.4717637101012,Daly City,daly city,37.6916795472424,-122.45593791212416,1.4772597518127673,False
WHITNEY,whitney,38.02255800796905,-121.88567049158526,Loveridge Road,loveridge road,38.03040028127549,-121.8694190811146,1.6693457391676598,False
CONCORD NO 1,concord no 1,37.97581268089191,-122.02429744721525,Gill,gill,37.986768207370986,-122.04026889673518,1.8556683109670564,False
SF A (POTRERO),sf a potrero,37.75597723579284,-122.38631343999468,Bayshore ,bayshore,37.74602981587972,-122.40337211093212,1.863553411231223,False
OAKLAND I,oakland i,37.74773573727129,-122.17432143246587,Bancroft,bancroft,37.73986963293181,-122.15540723260396,1.879072131864494,False
ACTON,acton,37.70866425535986,-122.45185131815214,Daly City,daly city,37.6916795472424,-122.45593791212416,1.9225316530084602,False
YOSEMITE,yosemite,37.72932287844001,-122.39705250965748,Bayshore ,bayshore,37.74602981587972,-122.40337211093212,1.9390638975616283,False
SF E,sf e,37.75998246201988,-122.42031135616251,Mission,mission,37.77735297807763,-122.41382288375962,2.013955368219821,False
TAR FLAT,tar flat,37.98475497824085,-120.37980694800358,Sonora Mining,sonora mining,37.96718047107743,-120.38640751228633,2.03803864840905,False
CASSERLY,casserly,36.96982661403625,-121.7670741950634,Green Valley,green valley,36.95194003570028,-121.76029691983965,2.078053688930043,False
CHICO C,chico c,39.74305713932799,-121.83856008023211,Chico B,chico b,39.72551493360511,-121.84707580851182,2.082093434127155,False
SILVER,silver,37.7292092119054,-122.41440058169415,Bayshore ,bayshore,37.74602981587972,-122.40337211093212,2.1068379728390196,False
WESTLAKE,westlake,37.69887646243163,-122.48018281387162,Daly City,daly city,37.6916795472424,-122.45593791212416,2.278370756923749,False
LOCKHEED NO 1,lockheed no 1,37.4097706587578,-122.03110865958986,Lawrence,lawrence,37.39720613760379,-122.01032950183628,2.306676169324716,False
PLYMOUTH,plymouth,37.71258459729903,-122.45577702187045,Daly City,daly city,37.6916795472424,-122.45593791212416,2.324578603115864,False
DAVIS,davis,38.54537389882344,-121.7337412213476,UC Davis,uc davis,38.52911014688864,-121.7513986700727,2.3725805974225236,False
MAPLE,maple,37.79719717055544,-122.2057538023828,Oakland X,oakland x,37.805289865997466,-122.23126768762208,2.4155177196805457,False
BEACH (Q),beach q,37.80767668920345,-122.41439367858108,Larkin,larkin,37.78365956601328,-122.41700936897736,2.68045368586788,False
CASTRO,castro,37.74941830614643,-122.43417816629568,Bayshore ,bayshore,37.74602981587972,-122.40337211093212,2.7346534008345578,False
SF M,sf m,37.733508415379255,-122.43054770849852,Bayshore ,bayshore,37.74602981587972,-122.40337211093212,2.765657541739315,False
RANDOLPH,randolph,37.7145484958375,-122.46933508414892,Daly City,daly city,37.6916795472424,-122.45593791212416,2.802779926214362,False
18TH STREET,18th street,37.76111429249559,-122.4388699445812,Mission,mission,37.77735297807763,-122.41382288375962,2.8473441207427226,False
LOCKHEED NO 2,lockheed no 2,37.41633412032817,-122.03185703639838,Lawrence,lawrence,37.39720613760379,-122.01032950183628,2.8529637253309974,False
BECK STREET,beck street,37.76624214689912,-122.17570399534448,Oakland J,oakland j,37.76299826428102,-122.21449482097786,3.4288664450988975,False
OCEAN,ocean,37.72329584444796,-122.45488992150584,Daly City,daly city,37.6916795472424,-122.45593791212416,3.516780482332646,False
KANAKA,kanaka,39.57508683288682,-121.30575066528326,Forbestown,forbestown,39.55100299250648,-121.2785865669752,3.5488016110149636,False
SAN BENITO,san benito,36.86860625244168,-121.54942913233612,San Justo,san justo,36.85686673551709,-121.51198690822748,3.5776668902467037,False
7TH STANDARD,7th standard,35.43969344317223,-119.13116637687604,Cawelo B,cawelo b,35.470765797660405,-119.11831887459046,3.6457883768622943,False
SHEPHERD,shepherd,36.87266718173742,-119.69451127750511,Coppermine,coppermine,36.89581265313488,-119.6647063893895,3.694670266087281,False
LIVE OAK,live oak,39.27647099774993,-121.66045789355064,Encinal,encinal,39.24756793906181,-121.63713575572008,3.789539302588147,False
BABEL,babel,37.96340949870682,-122.00737229942786,Gill,gill,37.986768207370986,-122.04026889673518,3.880816110334197,False
IONE,ione,38.37370944252769,-120.9571666049228,Clay,clay,38.34219061191322,-120.93498037585024,4.003176611079831,False
6TH AVENUE,6th avenue,37.78165946851242,-122.4647973814628,Larkin,larkin,37.78365956601328,-122.41700936897736,4.2055835761157585,False
BEN LOMOND,ben lomond,37.09229030534265,-122.09644564945188,Burns,burns,37.09533199716804,-122.14428727103169,4.256748107869818,False
CAL WATER,cal water,35.42222837471225,-118.90059842079376,Columbus,columbus,35.398405555376186,-118.93988055546694,4.437418925250238,False
WINDSOR,windsor,38.56592444445207,-122.83240176689247,Fitch Mt.,fitch mt,38.60655700780188,-122.85285800306566,4.8553953048233485,False
NORTH DUBLIN,north dublin,37.74483921993783,-121.85769752164674,Parks,parks,37.71164362479632,-121.8938503914868,4.871772001083796,False
SF N,sf n,37.76138387988553,-122.4664254717227,Mission,mission,37.77735297807763,-122.41382288375962,4.952891229974002,False
CALAVERAS CEMENT,calaveras cement,38.17053149409406,-120.66845206163632,North Branch,north branch,38.199746990435486,-120.71934800041429,5.508305351778678,False
ANITA,anita,39.81086776157862,-121.91991335854588,Nord,nord,39.760240802984654,-121.90704864173188,5.735781460816537,False
TAFT,taft,35.13623071502375,-119.48227773692136,Berry Petroleum,berry petroleum,35.09322909516888,-119.4438304395185,5.923923913091939,False
SAN JOAQUIN #3,san joaquin 3,37.25390411510671,-119.51929522608286,San Joaquin 2,san joaquin 2,37.20359878008065,-119.49689024306964,5.935010098381417,False
21ST AVENUE,21st avenue,37.75449989411368,-122.47806162171672,Mission,mission,37.77735297807763,-122.41382288375962,6.192141224553726,False
MADERA,madera,36.92328166223725,-120.05507066657292,Borden,borden,36.92214300830158,-119.98461599164996,6.264305889171983,False
TARAVAL,taraval,37.74199971120542,-122.49319808254324,Daly City,daly city,37.6916795472424,-122.45593791212416,6.484543103130175,False
STANISLAUS,stanislaus,38.14006225541333,-120.36971689458166,Murphy,murphy,38.14698707252699,-120.44641944391417,6.751768462544813,False
JUDAH,judah,37.76070385654141,-122.493499260624,Larkin,larkin,37.78365956601328,-122.41700936897736,7.191288463239289,False
AVENAL,avenal,35.978183285259895,-120.1169296096175,Kettleman Hills,kettleman hills,36.04359444768913,-120.1113916540389,7.29042624312325,False
PINECREST,pinecrest,38.187947321566135,-119.99379985135106,Donnells-Curtis,donnells curtis,38.246450076997306,-120.03384241420105,7.386157589485898,False
NORIEGA,noriega,37.752473274537806,-122.50475444624009,Daly City,daly city,37.6916795472424,-122.45593791212416,8.008244920029314,False
SPAULDING,spaulding,39.32583317195124,-120.643761373542,Cisco Grove,cisco grove,39.30962787094344,-120.54834221528311,8.403919349940947,False
CRESCENT MILLS,crescent mills,40.093925518711536,-120.91070330230104,Spanish Creek,spanish creek,40.02697206206378,-120.96312342905055,8.679207648617153,False
DINUBA,dinuba,36.520228463825966,-119.3938871560341,Reedley,reedley,36.60434719510366,-119.37620837505273,9.485907673065865,False
NEW HOPE,new hope,38.226101912543534,-121.47310289510555,Grand Island,grand island,38.23156044070725,-121.59041520934294,10.265036055910942,False
CALFLAX,calflax,36.28387686148028,-120.12208024379596,Huron,huron,36.18606391411192,-120.10391112178026,10.997705346623304,False
TRES PINOS,tres pinos,36.78439384314798,-121.3195803556968,Hollister,hollister,36.86284609293578,-121.40601088934692,11.63116787470685,False
CHOLAME,cholame,35.68629650117082,-120.33615099258384,Polonio Pass,polonio pass,35.73093259648137,-120.20779772837156,12.6071058948035,False
ALPINE,alpine,38.46682532572175,-120.0381940068952,Salt Springs,salt springs,38.498419895679,-120.21842016704748,16.075999354067182,False
ECHO SUMMIT,echo summit,38.82437656201053,-120.0284989889445,Salt Springs,salt springs,38.498419895679,-120.21842016704748,39.81966646683886,False
