substation,n_feeders,division,voltages,total_res_cust,total_com_cust,redacted_any,lat,lon,our_pge_idx,our_pge_match,our_pge_name,our_pge_voltage_kv,basin_matched,basin_name,cats_dist_km,cats_matched,cats_kv
,3,Sierra,12.0;21.0;4.16,4238,249,Yes,,,-1,unmatched,,,False,,,False,
18TH STREET,2,San francisco,4.16,2887,178,No,,,381,exact,18TH STREET,4.16,False,,,False,
21ST AVENUE,3,San francisco,4.16,3309,185,No,,,306,exact,21ST AVENUE,4.16,False,,,False,
6TH AVENUE,3,San francisco,4.16,3735,252,No,,,480,exact,6TH AVENUE,4.16,False,,,False,
7TH STANDARD,3,Kern,12.0;21.0,6623,254,Yes,,,241,exact,7TH STANDARD,12.0,False,,,False,
8TH AVENUE,1,East Bay,4.16,1871,27,No,,,340,exact,8TH AVENUE,4.16,False,,,False,
ACTON,2,San francisco,4.16,3012,163,No,,,314,exact,ACTON,4.16,False,,,False,
AIRWAYS,8,Fresno,12.0,19831,933,Yes,36.77800449376864,-119.6737997732644,660,exact,AIRWAYS,12.0,True,Airways,2.417740470260398e-06,True,115.0
ALHAMBRA,3,Diablo,12.0,6307,394,No,37.9939232223922,-122.13011557123694,88,exact,ALHAMBRA,12.0,True,Alhambra,2.534505348728273e-06,True,115.0
ALLEGHANY,2,Sierra,12.0,1051,183,Yes,39.46548155585289,-120.84480093929696,263,exact,ALLEGHANY,12.0,True,Alleghany,3.4047559662825784e-06,True,66.0
ALMADEN,4,San Jose,12.0,12651,470,No,37.25996121985501,-121.8898983887587,0,exact,ALMADEN,12.0,True,Almaden,9.949844953368146e-07,True,66.0
ALPAUGH,4,Fresno,12.0,602,130,Yes,35.96336388597445,-119.45683611564412,355,exact,ALPAUGH,12.0,True,Alpaugh,1.4774180686675203e-06,True,115.0
ALPINE,2,Stockton,12.0,551,37,No,,,82,exact,ALPINE,12.0,False,,,False,
ALTO,6,Sonoma,12.0,21674,1754,No,37.898627509040566,-122.5246062288268,162,exact,ALTO,12.0,True,Alto,0.003939061004340786,True,115.0
AMES,2,De Anza,12.0,0,56,Yes,37.41763026688033,-122.06641663089506,290,exact,AMES,12.0,True,Ames,2.750432898215912e-06,True,115.0
ANDERSON,3,North Valley,12.0,3271,541,No,40.44973411757957,-122.3050458968686,584,exact,ANDERSON,12.0,True,Anderson,3.7768296728284087e-07,True,66.0
ANITA,4,North Valley,12.0,3483,264,Yes,,,508,exact,ANITA,12.0,False,,,False,
ANNAPOLIS,1,Humboldt,12.0,171,39,No,38.6803029150572,-123.31188627934075,390,exact,ANNAPOLIS,12.0,True,Annapolis,1.8756352682743477e-06,True,66.0
ANTELOPE,2,Kern,12.0,9,58,Yes,35.657901199099186,-119.9964344714247,75,exact,ANTELOPE,12.0,True,Antelope,2.5836412647163534e-06,True,66.0
ANTLER,1,North Valley,12.0,803,119,No,40.89453712707826,-122.38072195182964,239,exact,ANTLER,12.0,True,Antler,4.061925865135061e-06,True,66.0
APPLE HILL,3,Sierra,12.0;21.0,7964,612,No,,,366,exact,APPLE HILL,21.0,False,,,False,
ARANA,2,Central Coast,4.16,1136,111,No,36.9842876083443,-121.99037773136556,114,exact,ARANA,4.16,True,Arana,2.7920460959131398e-06,True,66.0
ARBUCKLE,3,Sacramento,12.0,1580,246,Yes,39.01747967888832,-122.06139482465692,558,exact,ARBUCKLE,12.0,True,Arbuckle,2.1337759821626737e-06,True,66.0
ARCATA,5,Humboldt,12.0,10871,955,Yes,40.86708117110176,-124.08842427813433,527,exact,ARCATA,12.0,True,Arcata,1.8427373835443054e-06,True,66.0
ARLINGTON,1,East Bay,4.16,673,11,No,37.88892427650707,-122.2729390429972,118,exact,ARLINGTON,4.16,True,Arlington,3.7931717894013047e-06,True,66.0
ARVIN,3,Kern,12.0,418,45,Yes,35.15031452530935,-118.87846735665951,476,exact,ARVIN,12.0,True,Arvin,3.974795331154482e-06,True,66.0
ASHLAN AVE,19,Fresno,12.0;21.0,31290,2336,Yes,36.79289039579161,-119.82800800955027,495,exact,ASHLAN AVE,12.0,True,Ashlan Ave,4.243993431739955,False,230.0
ATASCADERO,3,Los padres,12.0,8443,1058,No,35.465472178074315,-120.6714416884647,631,exact,ATASCADERO,12.0,True,Atascadero,1.0664072514082409e-06,True,66.0
ATWATER,7,Yosemite,12.0,14563,981,Yes,37.36010093561656,-120.61468476352314,623,exact,ATWATER,12.0,True,Atwater,3.260531980800269e-06,True,115.0
AUBERRY,2,Fresno,12.0,4385,426,No,37.06798806235496,-119.49571647400064,157,exact,AUBERRY,12.0,True,Auberry,5.546119452687524,False,115.0
AUBURN,2,Sierra,12.0,1887,343,No,38.90349314437346,-121.06982652969592,303,exact,AUBURN,12.0,True,Auburn,2.6152702176947593e-06,True,66.0
AVENA,2,Stockton,17.0,891,155,No,37.84226199204446,-121.0541250136846,19,exact,AVENA,17.0,True,Avena,1.2229728043823926e-06,True,115.0
AVENAL,1,Fresno,21.0,2747,228,Yes,,,352,exact,AVENAL,21.0,False,,,False,
BABEL,1,Diablo,4.16,433,42,No,,,240,exact,BABEL,4.16,False,,,False,
BAHIA,5,North Bay,12.0,10957,1464,Yes,38.08087076372414,-122.1373890774632,229,exact,BAHIA,12.0,True,Bahia,2.0155563721633574e-06,True,230.0
BAIR,4,Peninsula,12.0,479,192,Yes,37.49770280657784,-122.2140333653122,-1,unmatched,,,True,Bair,3.0837129989990844e-06,True,115.0
BAKERSFIELD,13,Kern,12.0;21.0,27938,3975,Yes,35.38723247177944,-119.0044360309872,95,exact,BAKERSFIELD,12.0,True,Bakersfield,2.8160227801430815e-06,True,66.0
BALCH NO 1,1,Fresno,12.0,36,18,No,,,428,exact,BALCH NO 1,12.0,False,,,False,
BALFOUR,1,Diablo,12.0,290,86,No,37.92583800616787,-121.67827598590216,48,exact,BALFOUR,12.0,True,Balfour,1.3078993193445761e-06,True,66.0
BANCROFT,2,East Bay,4.16,2002,76,No,37.73986963293181,-122.15540723260396,172,exact,BANCROFT,4.16,True,Bancroft,2.885428218787959e-06,True,66.0
BANGOR,1,North Valley,12.0,1837,176,No,39.38767373773818,-121.40317569925232,213,exact,BANGOR,12.0,True,Bangor,2.5958062764176965e-07,True,66.0
BARRETT,2,East Bay,4.16,3310,91,No,37.93956363231305,-122.34723449027432,615,exact,BARRETT,4.16,True,Barrett,8.908297831797377e-07,True,66.0
BARRY,3,Sacramento,12.0,532,105,No,39.06921638560733,-121.6898478161391,161,exact,BARRY,12.0,True,Barry,1.4764258906947378e-06,True,66.0
BARTON,13,Fresno,12.0,22715,2628,No,36.76424275634893,-119.73491080578825,409,exact,BARTON,12.0,True,Barton,3.4665858658046442,False,115.0
BASALT,4,North Bay,12.0,4635,503,Yes,38.26316201235704,-122.2692320112342,294,exact,BASALT,12.0,True,Basalt,1.0152428656074575e-06,True,66.0
BAY MEADOWS,13,Peninsula,12.0;21.0,32998,2479,Yes,37.55158035932156,-122.29285775519622,322,exact,BAY MEADOWS,12.0,True,Bay Meadows,0.003434231077006002,True,66.0
BAYWOOD,1,Los Padres,12.0,148,95,Yes,35.36124621126173,-120.81143387275726,580,exact,BAYWOOD,12.0,True,Baywood,2.474394988810139e-06,True,66.0
BEACH (Q),1,San francisco,4.16,1566,80,No,,,534,exact,BEACH (Q),4.16,False,,,False,
BEAR VALLEY,2,Yosemite,21.0,2427,361,No,37.58645560462845,-120.1255417263133,201,exact,BEAR VALLEY,21.0,True,Bear Valley,2.3750209630181757e-06,True,66.0
BECK STREET,1,East Bay,4.16,455,29,No,,,595,exact,BECK STREET,4.16,False,,,False,
BELL,4,Sierra,12.0,6345,1017,No,38.94679967505984,-121.0916715839996,627,exact,BELL,12.0,True,Bell,1.4887587783716624e-06,True,115.0
BELLE HAVEN,16,Peninsula,12.0;4.16,19289,1184,Yes,37.47765834121956,-122.1685055498896,-1,unmatched,,,True,Belle Haven,4.42398393157938e-06,True,66.0
BELLEVUE,6,Sonoma,12.0;21.0,20512,2526,Yes,38.37897355035385,-122.71253961282282,398,exact,BELLEVUE,21.0,True,Bellevue,4.6050656307315645,False,66.0
BELMONT,15,Peninsula,12.0;4.16,28609,2551,Yes,37.52346570103678,-122.26523211220224,339,exact,BELMONT,12.0,True,Belmont,3.963098915638159,False,66.0
BEN LOMOND,2,Central Coast,12.0;4.16,1533,88,No,,,356,exact,BEN LOMOND,12.0,False,,,False,
BERESFORD,4,Peninsula,4.16,3382,254,Yes,37.56489265618386,-122.31931200422642,500,exact,BERESFORD,4.16,True,Beresford,5.646499935084284e-07,True,66.0
BERKELEY F,14,East Bay,12.0;4.16,18957,1361,Yes,37.87242956835905,-122.27816911147052,661,exact,BERKELEY F,12.0,True,Berkeley F,1.0232240369257727e-06,True,66.0
BERKELEY T,4,East bay,4.16,2751,176,No,,,406,exact,BERKELEY T,4.16,False,,,False,
BETHEL BANK,1,Diablo,4.16,8,5,Yes,,,-1,unmatched,,,False,,,False,
BIG BASIN,2,Central Coast,12.0,3622,350,No,37.130888014806175,-122.17214468956844,335,exact,BIG BASIN,12.0,True,Big Basin,1.0680848318072094e-06,True,66.0
BIG BEND,2,North Valley,12.0,595,56,No,39.67735464121586,-121.49151789252134,332,exact,BIG BEND,12.0,True,Big Bend,12.5837222086109,False,66.0
BIG LAGOON,1,Humboldt,12.0,130,14,No,41.162714744863706,-124.10200637028775,218,exact,BIG LAGOON,12.0,True,Big Lagoon,2.54539869809863e-06,True,66.0
BIG MEADOWS,1,North valley,21.0,2917,323,No,40.171557302152735,-121.08533652645772,451,exact,BIG MEADOWS,21.0,True,Big Meadows,2.2607129115051715e-06,True,66.0
BIG RIVER,1,Humboldt,12.0,2114,460,No,39.31141158284998,-123.78654080553652,548,exact,BIG RIVER,12.0,True,Big River,5.721128386011882e-07,True,66.0
BIOLA,4,Fresno,12.0,1206,203,Yes,36.79273986686032,-120.11414660446664,501,exact,BIOLA,12.0,True,Biola,5.292217553502065e-07,True,66.0
BLACKWELL,2,Kern,12.0,41,47,Yes,35.61462223382047,-119.85371117195912,203,exact,BLACKWELL,12.0,True,Blackwell,2.5701405283046915e-06,True,66.0
BLUE LAKE,2,Humboldt,12.0,1712,219,Yes,40.87983429974335,-123.98059072697896,514,exact,BLUE LAKE,12.0,True,Blue Lake,2.268373767993582e-06,True,66.0
BOGUE,7,Sacramento,12.0,14882,1314,No,39.095903402766886,-121.62397928761747,401,exact,BOGUE,12.0,True,Bogue,4.763155360815403,False,66.0
BOLINAS,1,Sonoma,12.0,1462,170,No,37.941212015097584,-122.70614899138528,362,exact,BOLINAS,12.0,True,Bolinas,9.315933565888591e-07,True,66.0
BONITA,3,Yosemite,12.0,1067,99,Yes,36.92391823971697,-120.20157965744748,115,exact,BONITA,12.0,True,Bonita,3.782751473928327e-06,True,66.0
BONNIE NOOK,2,Sierra,12.0,784,96,No,39.21470786930682,-120.8092924505058,652,exact,BONNIE NOOK,12.0,True,Bonnie Nook,4.264714827029232e-06,True,66.0
BORDEN,3,Yosemite,12.0,3175,240,No,36.92214300830158,-119.98461599164996,351,exact,BORDEN,12.0,True,Borden,7.65926467011352e-07,True,66.0
BORONDA,2,Central Coast,12.0,581,152,Yes,36.69028668467311,-121.67925781517144,83,exact,BORONDA,12.0,True,Boronda,0.0027181733139109805,True,115.0
BOWLES,4,Fresno,12.0,1869,238,Yes,36.6056190151958,-119.77330698067958,173,exact,BOWLES,12.0,True,Bowles,1.8054348391744566e-06,True,66.0
BRENTWOOD,9,Diablo,21.0,29330,2049,Yes,37.91905743453774,-121.6767632027892,523,exact,BRENTWOOD,21.0,True,Brentwood,0.0034342970122571022,True,230.0
BRIDGEVILLE,2,Humboldt,12.0,303,40,Yes,40.47964597017619,-123.78030981845563,89,exact,BRIDGEVILLE,12.0,True,Bridgeville,1.5610812506260545e-06,True,115.0
BRITTON,12,De Anza,12.0,23147,1291,Yes,37.37456219213301,-122.01636588479026,345,exact,BRITTON,12.0,True,Britton,1.3647741601353414e-06,True,115.0
BROOKSIDE,1,East Bay,4.16,931,37,No,37.96209565707229,-122.3474106211808,7,exact,BROOKSIDE,4.16,True,Brookside,1.8852024368214696e-06,True,66.0
BROWNS VALLEY,1,Sacramento,12.0,521,73,No,,,506,exact,BROWNS VALLEY,12.0,False,,,False,
BRUNSWICK,7,Sierra,12.0,18228,2454,Yes,39.23105001931794,-121.03502608178792,206,exact,BRUNSWICK,12.0,True,Brunswick,1.570471956962134e-06,True,115.0
BUCKS CREEK,1,North Valley,12.0,290,81,No,,,133,exact,BUCKS CREEK,12.0,False,,,False,
BUELLTON,2,Los Padres,12.0,3355,892,No,34.624776631645176,-120.18609463634252,395,exact,BUELLTON,12.0,True,Buellton,3.3304125193911553e-06,True,115.0
BUENA VISTA,5,Central Coast,12.0,782,460,Yes,36.65389082139208,-121.62933839543028,573,exact,BUENA VISTA,12.0,True,Buena Vista,4.3604770352045095e-07,True,66.0
BULLARD,14,Fresno,12.0;21.0,20967,1800,No,36.82387712081925,-119.76847588716016,266,exact,BULLARD,12.0,True,Bullard,4.245147650342822,False,115.0
BURLINGAME,6,Peninsula,21.0;4.16,7421,512,Yes,37.58992414455095,-122.36337404834336,634,exact,BURLINGAME,4.16,True,Burlingame,4.289512720432822e-06,True,115.0
BURNEY,2,North Valley,12.0,1962,291,No,40.88793197595096,-121.67118732303456,4,exact,BURNEY,12.0,True,Burney,3.516507502581953,False,66.0
BURNS,1,Central Coast,21.0,3694,239,No,37.09533199716804,-122.14428727103169,490,exact,BURNS,21.0,True,Burns,2.5885050892449285e-06,True,66.0
BUTTE,5,North Valley,12.0,4563,1117,No,39.7122064481817,-121.81335707689334,277,exact,BUTTE,12.0,True,Butte,1.9868156446223106e-06,True,115.0
CABRILLO,2,Los Padres,12.0,2586,220,No,34.6432697885287,-120.43728019313264,504,exact,CABRILLO,12.0,True,Cabrillo,6.491863189589709e-07,True,115.0
CAL WATER,2,Kern,12.0,4726,221,No,,,136,exact,CAL WATER,12.0,False,,,False,
CALAVERAS CEMENT,1,Stockton,12.0,2950,419,No,,,380,exact,CALAVERAS CEMENT,12.0,False,,,False,
CALFLAX,5,Fresno,12.0,61,53,Yes,,,52,exact,CALFLAX,12.0,False,,,False,
CALIFORNIA AVE,12,Fresno,12.0,13367,2051,Yes,36.71951798339581,-119.76418502160708,131,exact,CALIFORNIA AVE,12.0,True,California Ave,1.9625235877033477e-06,True,66.0
CALISTOGA,2,North Bay,12.0,3272,560,No,38.59208804224296,-122.57861044400111,393,exact,CALISTOGA,12.0,True,Calistoga,3.832291739822503e-06,True,66.0
CALPELLA,2,Humboldt,12.0,2129,197,Yes,39.19724965871583,-123.19241807516715,565,exact,CALPELLA,12.0,True,Calpella,2.852150537569932,False,66.0
CAMDEN,4,Fresno,12.0,2848,325,Yes,36.44598609096055,-119.79896661374448,341,exact,CAMDEN,12.0,True,Camden,1.2340345814962598e-06,True,66.0
CAMP EVERS,5,Central Coast,21.0,13884,1401,No,37.04188835011482,-122.02513661190704,464,exact,CAMP EVERS,21.0,True,Camp Evers,1.0568887598979263e-06,True,115.0
CAMPHORA,1,Central coast,12.0,109,40,Yes,36.468219176509145,-121.39036110711068,-1,unmatched,,,True,Camphora,7.449658794914668e-07,True,66.0
CANAL,6,Yosemite,12.0,12143,926,No,37.06633333339536,-120.83556394913944,22,exact,CANAL,12.0,True,Canal,4.376295846940887e-06,True,66.0
CANTUA,4,Fresno,12.0,168,78,Yes,36.42931356064096,-120.34165575802164,124,exact,CANTUA,12.0,True,Cantua,3.7563262782456834e-06,True,115.0
CAPAY,2,North Valley,12.0,645,123,Yes,39.77596358103245,-122.10381094002612,60,exact,CAPAY,12.0,True,Capay,3.4225227974377948e-06,True,66.0
CARLOTTA,1,Humboldt,12.0,454,63,No,40.54114692359107,-124.06376729572114,379,exact,CARLOTTA,12.0,True,Carlotta,1.7220768122453718,True,66.0
CARNERAS,2,Kern,12.0,2,12,Yes,35.54109994696263,-119.80523057317228,545,exact,CARNERAS,12.0,True,Carneras,2.4507342018638245e-06,True,66.0
CAROLANDS,4,Peninsula,4.16,2818,116,Yes,37.55280499465498,-122.37631200928465,463,exact,CAROLANDS,4.16,True,Carolands,9.684186016589763e-07,True,66.0
CARQUINEZ,3,North Bay,12.0,7896,1080,Yes,38.09087251077395,-122.24865135326652,185,exact,CARQUINEZ,12.0,True,Carquinez,0.9629137881163858,True,115.0
CARRIZO PLAINS,1,Los Padres,12.0,255,38,No,35.38068153866974,-120.04019423974916,128,exact,CARRIZO PLAINS,12.0,True,Carrizo Plains,3.6066837857665352e-06,True,115.0
CARUTHERS,4,Fresno,12.0,1993,220,No,36.5321694559588,-119.8814694502654,369,exact,CARUTHERS,12.0,True,Caruthers,4.466331489767744e-06,True,66.0
CASSERLY,1,Central Coast,4.16,207,7,No,,,662,exact,CASSERLY,4.16,False,,,False,
CASSIDY,2,Yosemite,21.0,5597,438,No,36.9235350157937,-119.8126589810418,247,exact,CASSIDY,21.0,True,Cassidy,1.7489595650117414e-06,True,66.0
CASTRO,2,San francisco,4.16,2665,126,No,,,221,exact,CASTRO,4.16,False,,,False,
CASTRO VALLEY,9,Mission,12.0,38472,2269,Yes,37.69128098435761,-122.06127739017332,296,exact,CASTRO VALLEY,12.0,True,Castro Valley,9.911641363693647e-07,True,230.0
CASTROVILLE,2,Central coast,21.0,2376,454,Yes,36.76311989630461,-121.73473546336916,-1,unmatched,,,True,Castroville,0.0025237642202669544,True,66.0
CATLETT,2,Sacramento,12.0,609,179,Yes,38.80884800692517,-121.51641401759566,426,exact,CATLETT,12.0,True,Catlett,1.5624903934754555e-06,True,66.0
CAYETANO,2,Mission,21.0,4713,399,No,37.7386049986163,-121.77116328727968,105,exact,CAYETANO,21.0,True,Cayetano,1.1290827316218124e-06,True,66.0
CAYUCOS,2,Los Padres,12.0,4428,309,No,35.448703299598,-120.87035972373032,518,exact,CAYUCOS,12.0,True,Cayucos,2.1500353436033832e-06,True,66.0
CEDAR CREEK,1,North valley,12.0,686,76,No,40.79121365415692,-121.93778829102152,333,exact,CEDAR CREEK,12.0,True,Cedar Creek,0.00301371847870596,True,66.0
CHALLENGE,2,North Valley,12.0,1374,192,No,39.48525925803122,-121.22031867914004,23,exact,CHALLENGE,12.0,True,Challenge,1.8035176712928263e-06,True,66.0
CHANNEL,2,Stockton,12.0,2297,152,No,37.95525900058912,-121.33259399642591,98,exact,CHANNEL,12.0,True,Channel,3.201378784001274e-07,True,66.0
CHARCA,3,Kern,12.0,2244,175,Yes,35.60807500748761,-119.32531387859125,186,exact,CHARCA,12.0,True,Charca,1.9554851132903915e-06,True,115.0
CHEROKEE,2,Stockton,12.0,1285,544,No,38.00551198513393,-121.23800900755306,148,exact,CHEROKEE,12.0,True,Cherokee,8.548159986686898e-07,True,66.0
CHESTER,2,North Valley,12.0,1316,309,No,40.30242578830534,-121.22702068809072,329,exact,CHESTER,12.0,True,Chester,1.027356865348096e-06,True,66.0
CHICO A,5,North Valley,12.0;4.16,5091,700,Yes,39.71884015875547,-121.82092062359636,225,exact,CHICO A,12.0,True,Chico A,2.022936729003338e-06,True,115.0
CHICO B,5,North Valley,12.0,6352,822,Yes,39.72551493360511,-121.84707580851182,195,exact,CHICO B,12.0,True,Chico B,8.310243634078349e-07,True,115.0
CHICO C,1,North Valley,4.16,378,45,No,,,371,exact,CHICO C,4.16,False,,,False,
CHOLAME,2,Los Padres,12.0;21.0,287,102,No,,,503,exact,CHOLAME,12.0,False,,,False,
CHOWCHILLA,6,Yosemite,12.0,5763,584,No,37.12056168878955,-120.25058468607872,642,exact,CHOWCHILLA,12.0,True,Chowchilla,7.456095314976527,False,115.0
CLARK ROAD,2,North Valley,12.0,1105,141,No,39.65452133080093,-121.63550822129932,574,exact,CLARK ROAD,12.0,True,Clark Road,1.8256006791152487e-06,True,66.0
CLARKSVILLE,6,Sierra,21.0,22224,1239,Yes,38.65571788293646,-121.0595437331988,97,exact,CLARKSVILLE,21.0,True,Clarksville,1.3793911289690475,True,66.0
CLAY,3,Stockton,12.0,2936,337,Yes,38.34219061191322,-120.93498037585024,32,exact,CLAY,12.0,True,Clay,2.1168739698279115e-06,True,66.0
CLAYTON,10,Diablo,12.0;21.0,29281,1459,No,37.94410025199704,-121.96910714862464,555,exact,CLAYTON,21.0,True,Clayton,4.269652106167335e-06,True,115.0
CLEAR LAKE,2,Humboldt,12.0,2959,759,No,39.00776750858565,-122.89400077129945,149,exact,CLEAR LAKE,12.0,True,Clear Lake,2.4848596287291334e-06,True,66.0
CLOVERDALE,2,Sonoma,12.0,4546,457,Yes,38.797151570512106,-123.01028683646923,64,exact,CLOVERDALE,12.0,True,Cloverdale,13.153673462376513,False,66.0
CLOVIS,11,Fresno,12.0;21.0,21698,2302,Yes,36.8261981070358,-119.68125380958496,378,exact,CLOVIS,12.0,True,Clovis,5.399824915502877,False,115.0
COALINGA NO 1,4,Fresno,12.0,4862,447,Yes,,,571,exact,COALINGA NO 1,12.0,False,,,False,
COALINGA NO 2,3,Fresno,12.0,133,158,Yes,,,107,exact,COALINGA NO 2,12.0,False,,,False,
COARSEGOLD,3,Yosemite,21.0,7452,522,No,37.22747610662805,-119.69074521540252,113,exact,COARSEGOLD,21.0,True,Coarsegold,1.4143103526763433e-06,True,115.0
COLONY,2,Stockton,12.0,805,66,No,38.1902244358813,-121.1818846468171,358,exact,COLONY,12.0,True,Colony,4.1171336440185394e-06,True,66.0
COLUMBIA HILL,1,Sierra,12.0,1032,117,No,39.33184021378099,-121.10135032722202,212,exact,COLUMBIA HILL,12.0,True,Columbia Hill,2.378759924913578e-06,True,66.0
COLUMBUS,6,Kern,12.0,10422,434,Yes,35.398405555376186,-118.93988055546694,399,exact,COLUMBUS,12.0,True,Columbus,0.0007325779170061156,True,115.0
COLUSA,4,Sacramento,12.0,2366,516,No,39.21353467336371,-122.00255032128622,219,exact,COLUSA,12.0,True,Colusa,1.8716325278128661e-06,True,66.0
COLUSA JUNCTION,1,Sacramento,12.0,825,99,No,39.1911088675894,-121.99045724860068,425,exact,COLUSA JUNCTION,12.0,True,Colusa Junction,4.19701395019132e-06,True,66.0
CONCORD NO 1,2,Diablo,4.16,1272,68,No,,,326,exact,CONCORD NO 1,4.16,False,,,False,
CONTRA COSTA,13,Diablo,21.0,41747,2426,Yes,37.99955467869259,-121.78282309756756,295,exact,CONTRA COSTA,21.0,True,Contra Costa,0.0023772843818806754,True,230.0
COPPERMINE,3,Fresno,12.0,3742,188,No,36.89581265313488,-119.6647063893895,276,exact,COPPERMINE,12.0,True,Coppermine,1.005878452155773e-06,True,66.0
COPUS,3,Kern,12.0,19,44,Yes,35.09339007164383,-119.27893651119976,298,exact,COPUS,12.0,True,Copus,1.0352366174594027e-06,True,66.0
CORCORAN,6,Fresno,12.0,4890,489,Yes,36.10940094533666,-119.55719266405735,130,exact,CORCORAN,12.0,True,Corcoran,3.270229661793796e-06,True,115.0
CORDELIA,3,North Bay,12.0,3311,440,Yes,38.2159399396576,-122.11240115884928,-1,unmatched,,,True,Cordelia,2.6422150802871043,False,115.0
CORNING,4,North Valley,12.0,7001,839,Yes,39.932431514275535,-122.18758967583248,653,exact,CORNING,12.0,True,Corning,2.1147621675383662e-06,True,66.0
CORONA,3,Sonoma,12.0,4940,878,Yes,38.26501270479249,-122.65736853423064,460,exact,CORONA,12.0,True,Corona,0.0045964732341320005,True,66.0
CORRAL,3,Stockton,12.0,5092,274,No,38.101480653393175,-120.92617586661036,354,exact,CORRAL,12.0,True,Corral,2.9459026175534315e-06,True,66.0
CORTINA,1,Sacramento,12.0,85,63,No,39.12054473540145,-122.22333491105772,-1,unmatched,,,True,Cortina,0.0026021440518842905,True,115.0
COTATI,4,Sonoma,12.0,10009,927,No,38.30955900237303,-122.73164799441626,639,exact,COTATI,12.0,True,Cotati,5.540580519823115e-07,True,66.0
COTTLE,6,Yosemite,17.0,9319,1259,No,37.77265674847956,-120.82645877775784,478,exact,COTTLE,17.0,True,Cottle,2.928493631270378,False,115.0
COTTONWOOD,3,North Valley,12.0,5794,419,No,40.39788002258034,-122.26422492870724,531,exact,COTTONWOOD,12.0,True,Cottonwood,0.0009679001965768884,True,230.0
COUNTRY CLUB,9,Stockton,12.0;4.16,9020,499,Yes,37.97921028718587,-121.31639202851346,576,exact,COUNTRY CLUB,12.0,True,Country Club,2.518651938221192e-06,True,66.0
COVELO,1,Humboldt,12.0,1101,200,No,39.78611627594674,-123.24854696006476,153,exact,COVELO,12.0,True,Covelo,3.4419619783134845e-06,True,66.0
CRESSEY,2,Yosemite,21.0,780,153,Yes,37.4284695169969,-120.63852774445644,67,exact,CRESSEY,21.0,True,Cressey,3.939739454684127e-06,True,115.0
CRESTA PH,1,North Valley,12.0,2,5,Yes,,,288,exact,CRESTA PH,12.0,False,,,False,
CROWS LANDING,2,Yosemite,12.0,74,32,Yes,37.37738332848153,-121.08590273598206,585,exact,CROWS LANDING,12.0,True,Crows Landing,3.1839089259819062e-06,True,66.0
CURTIS,5,Yosemite,17.0,15094,2218,Yes,37.9744325633102,-120.31990681792604,423,exact,CURTIS,17.0,True,Curtis,1.6138153148586568e-06,True,115.0
CUYAMA,4,Kern,12.0;21.0,458,136,Yes,34.927605555832194,-119.62134166579372,484,exact,CUYAMA,21.0,True,Cuyama,3.152700246214326e-06,True,66.0
DAIRYLAND,7,Yosemite,12.0,756,197,Yes,37.054915448421376,-120.31674289512644,236,exact,DAIRYLAND,12.0,True,Dairyland,4.667447998468565e-07,True,115.0
DAIRYVILLE,1,North Valley,12.0,518,73,No,40.12802358226514,-122.09835630796664,368,exact,DAIRYVILLE,12.0,True,Dairyville,7.226407128535123e-07,True,66.0
DALY CITY,13,Peninsula,12.0;4.16,53644,2389,Yes,37.6916795472424,-122.45593791212416,497,exact,DALY CITY,12.0,True,Daly City,1.1099978854459616e-06,True,115.0
DAVIS,12,Sacramento,12.0,30330,2035,No,,,245,exact,DAVIS,12.0,False,,,False,
DAYTON ROAD,1,North Valley,4.16,400,50,No,39.719727027619335,-121.83933629287388,87,exact,DAYTON ROAD,4.16,True,Dayton Road,6.644941697190274e-07,True,115.0
DEEPWATER,6,Sacramento,12.0,10118,641,Yes,38.55156818452924,-121.56001216502244,38,exact,DEEPWATER,12.0,True,Deepwater,1.9340089570981627,True,66.0
DEL MAR,6,Sierra,12.0;21.0,13464,918,No,38.79881551672975,-121.2213126039165,299,exact,DEL MAR,21.0,True,Del Mar,4.974188196866377e-07,True,66.0
DEL MONTE,5,Central Coast,12.0;21.0,20411,3255,No,36.59823782593487,-121.8530361578862,135,exact,DEL MONTE,21.0,True,Del Monte,0.003269238684247368,True,66.0
DESCHUTES,2,North Valley,12.0,3015,295,No,40.55535283082838,-122.23980477568264,190,exact,DESCHUTES,12.0,True,Deschutes,2.0564783292119507e-06,True,66.0
DEVILS DEN,2,Fresno,12.0,16,39,Yes,35.77500833436411,-119.97378894289916,150,exact,DEVILS DEN,12.0,True,Devils Den,3.90043140914386e-06,True,66.0
DIAMOND SPRINGS,5,Sierra,12.0,9645,1393,No,38.69341228610576,-120.82589480729813,541,exact,DIAMOND SPRINGS,12.0,True,Diamond Springs,7.672594424917855e-07,True,115.0
DINUBA,4,Fresno,12.0,4330,515,Yes,,,193,exact,DINUBA,12.0,False,,,False,
DIVIDE,3,Los Padres,12.0,6357,443,Yes,34.82822558276568,-120.44842243666147,430,exact,DIVIDE,12.0,True,Divide,0.005443604388107,True,115.0
DIXON,5,North Bay,12.0,8432,829,Yes,38.44525036336403,-121.82601980252832,557,exact,DIXON,12.0,True,Dixon,4.340574787374546e-07,True,66.0
DIXON LANDING,7,Mission,21.0,10028,1042,Yes,37.45755414227556,-121.92127798956194,192,exact,DIXON LANDING,21.0,True,Dixon Landing,0.0005906685713675192,True,66.0
DOBBINS,1,Sacramento,12.0,793,85,No,39.33987651538986,-121.1949272411389,537,exact,DOBBINS,12.0,True,Dobbins,3.5748114368352325e-06,True,66.0
DOLAN ROAD,2,Central Coast,12.0,2050,190,Yes,36.80022812267143,-121.76907061405304,196,exact,DOLAN ROAD,12.0,True,Dolan Road,1.2860175365106865e-06,True,66.0
DOS PALOS,1,Yosemite,12.0,2109,191,No,36.97476896390239,-120.63521695745663,407,exact,DOS PALOS,12.0,True,Dos Palos,3.8041120908414e-06,True,66.0
DRUM,1,Sierra,12.0,150,40,Yes,,,65,exact,DRUM,12.0,False,,,False,
DUMBARTON,11,Mission,12.0;21.0,26752,1352,Yes,37.556992018214,-122.05794001685494,10,exact,DUMBARTON,12.0,True,Dumbarton,1.498967343393881e-06,True,115.0
DUNBAR,3,Sonoma,12.0,7344,505,No,38.383395007654975,-122.52790900424829,331,exact,DUNBAR,12.0,True,Dunbar,7.619896682206498,False,230.0
DUNLAP,2,Fresno,12.0,1433,151,Yes,36.70935277109184,-119.0289555728194,267,exact,DUNLAP,12.0,True,Dunlap,2.425988543007747e-06,True,66.0
DUNNIGAN,3,Sacramento,12.0,781,126,Yes,38.92500648397224,-121.9894822376,360,exact,DUNNIGAN,12.0,True,Dunnigan,3.2824870329205112e-06,True,66.0
EAST GRAND,17,Peninsula,12.0;4.16,18220,2629,Yes,37.65381238392636,-122.40316525507636,632,exact,EAST GRAND,12.0,True,East Grand,3.978871952088335e-06,True,115.0
EAST MARYSVILLE,3,Sacramento,12.0,4729,327,Yes,39.163437922321634,-121.56105561499616,396,exact,EAST MARYSVILLE,12.0,True,East Marysville,1.3184113198910181e-06,True,66.0
EAST NICOLAUS,3,Sacramento,12.0,755,209,No,38.9097025313182,-121.54249826250768,248,exact,EAST NICOLAUS,12.0,True,East Nicolaus,0.0034156003206823934,True,66.0
EAST QUINCY,1,North Valley,12.0,1294,227,No,39.93856266293809,-120.91070223131588,446,exact,EAST QUINCY,12.0,True,East Quincy,0.4967671154583023,True,66.0
EAST STOCKTON,4,Stockton,12.0;4.16,4683,561,Yes,37.96293398993085,-121.26163502109512,43,exact,EAST STOCKTON,4.16,True,East Stockton,1.8493631068088983e-06,True,66.0
ECHO SUMMIT,1,Sierra,12.0,277,21,Yes,,,552,exact,ECHO SUMMIT,12.0,False,,,False,
EDENVALE,12,San Jose,12.0;21.0,37422,1461,Yes,37.24456359512649,-121.7950653785124,238,exact,EDENVALE,21.0,True,Edenvale,1.977725983718729e-06,True,115.0
EDES,9,East Bay,12.0,15122,1219,Yes,37.7386895431528,-122.19379906549648,72,exact,EDES,12.0,True,Edes,3.0542232151075227e-06,True,115.0
EEL RIVER,2,Humboldt,12.0,2243,408,Yes,40.60262281321588,-124.21013282987988,521,exact,EEL RIVER,12.0,True,Eel River,6.388588923606428,False,66.0
EIGHT MILE,6,Stockton,21.0,13020,714,No,38.05886607785135,-121.37690208647813,659,exact,EIGHT MILE,21.0,True,Eight Mile,1.2077394511603202e-06,True,230.0
EL CAPITAN,7,Yosemite,12.0;21.0,16264,1141,Yes,37.3358510420461,-120.5054697961686,663,exact,EL CAPITAN,12.0,True,El Capitan,7.1356105598017106,False,66.0
EL CERRITO G,14,East Bay,12.0,54221,3829,Yes,,,311,exact,EL CERRITO G,12.0,False,,,False,
EL DORADO PH,2,Sierra,21.0,5767,347,No,,,532,exact,EL DORADO PH,21.0,False,,,False,
EL NIDO,4,Yosemite,12.0,469,109,Yes,37.12063344519221,-120.47269727142356,84,exact,EL NIDO,12.0,True,El Nido,0.0008612697140661401,True,115.0
EL PATIO,15,De Anza,12.0,43068,2974,Yes,37.29203239473645,-121.9357659123516,654,exact,EL PATIO,12.0,True,El Patio,1.212953876380642e-06,True,115.0
EL PECO,3,Yosemite,12.0,464,94,No,36.88073633628072,-120.16442581399936,208,exact,EL PECO,12.0,True,El Peco,1.3120332532075217e-06,True,66.0
ELECTRA,2,Stockton,12.0,2249,293,No,,,163,exact,ELECTRA,12.0,False,,,False,
ELK,1,Humboldt,12.0,1317,177,No,39.12926005444285,-123.7117349541515,237,exact,ELK,12.0,True,Elk,3.985473558296575e-06,True,66.0
ELK CREEK,1,North valley,12.0,726,129,No,39.59291369815601,-122.54291039149912,365,exact,ELK CREEK,12.0,True,Elk Creek,1.0604876277227302,True,66.0
ELK HILLS,2,Kern,12.0,617,100,No,35.22606664016438,-119.37660312489945,174,exact,ELK HILLS,12.0,True,Elk Hills,2.26176987850711e-06,True,66.0
EMBARCADERO (Z),27,San francisco,12.0;34.5,24897,2022,Yes,,,-1,unmatched,,,False,,,False,
EMERALD LAKE,2,Peninsula,4.16,1111,46,No,37.46167499319351,-122.27734441979476,489,exact,EMERALD LAKE,4.16,True,Emerald Lake,0.9114283714147265,True,230.0
ERTA,2,Central Coast,4.16,1117,116,No,36.93038172667928,-121.76424019825812,58,exact,ERTA,4.16,True,Erta,4.0039376858662485e-07,True,66.0
ESQUON,3,North Valley,12.0,175,76,Yes,39.60773551464629,-121.76833358384148,56,exact,ESQUON,12.0,True,Esquon,1.4775341033392568e-06,True,115.0
ESTUDILLO,1,Mission,4.16,721,51,No,,,375,exact,ESTUDILLO,4.16,False,,,False,
EUREKA A,3,Humboldt,12.0,2255,926,Yes,,,187,exact,EUREKA A,12.0,False,,,False,
EUREKA E,3,Humboldt,12.0,6843,682,No,,,344,exact,EUREKA E,12.0,False,,,False,
EVERGREEN,5,San Jose,21.0,22637,1569,No,37.30332426454305,-121.84011095738254,336,exact,EVERGREEN,21.0,True,Evergreen,2.44278884805838,False,115.0
FAIRHAVEN,2,Humboldt,12.0,540,142,Yes,40.80046703945119,-124.19629383745486,560,exact,FAIRHAVEN,12.0,True,Fairhaven,3.1532931022218952e-06,True,66.0
FAIRMOUNT,2,East Bay,4.16,2497,133,No,,,432,exact,FAIRMOUNT,4.16,False,,,False,
FAIRVIEW,3,Diablo,21.0,11044,1073,Yes,38.01608705182072,-122.11628728147318,15,exact,FAIRVIEW,21.0,True,Fairview,1.6355950331123013e-06,True,115.0
FAIRWAY,5,Los Padres,12.0,12862,1514,Yes,34.91052314642181,-120.44651258584707,262,exact,FAIRWAY,12.0,True,Fairway,1.3504773097833695e-06,True,115.0
FAMOSO,5,Kern,12.0,73,109,Yes,35.60504032904604,-119.20365312438253,14,exact,FAMOSO,12.0,True,Famoso,0.005083197167219709,True,115.0
FELLOWS,2,Kern,21.0,173,96,Yes,35.19517778904881,-119.58529444556518,92,exact,FELLOWS,21.0,True,Fellows,4.141757160954384e-06,True,115.0
FIGARDEN,11,Fresno,21.0,32536,2600,No,,,614,exact,FIGARDEN,21.0,False,,,False,
FIREBAUGH,3,Yosemite,12.0,2800,450,No,36.85058109750191,-120.46637233049564,400,exact,FIREBAUGH,12.0,True,Firebaugh,2.727635153721104e-06,True,66.0
FITCH MOUNTAIN,2,Sonoma,12.0,2434,366,Yes,,,656,exact,FITCH MOUNTAIN,12.0,False,,,False,
FLINT,1,Sierra,12.0,1872,145,No,38.88492040725154,-121.0671416240988,-1,unmatched,,,True,Flint,2.108141598283448e-06,True,115.0
FLORENCE,1,East Bay,4.16,479,19,No,,,370,exact,FLORENCE,4.16,False,,,False,
FMC,4,San Jose,12.0,2013,282,Yes,37.34735122617952,-121.92191123495176,367,exact,FMC,12.0,True,FMC,3.1186977621807535e-06,True,115.0
FOOTHILL,2,Los Padres,12.0,2632,203,Yes,35.28670653090418,-120.70591377619728,312,exact,FOOTHILL,12.0,True,Foothill,2.1627975826701947e-06,True,115.0
FORESTHILL,2,Sierra,12.0,2440,154,No,39.01930166874294,-120.83024524168704,198,exact,FORESTHILL,12.0,True,Foresthill,3.6041017634540576e-06,True,66.0
FORT BRAGG A,4,Humboldt,12.0,7323,1026,No,,,477,exact,FORT BRAGG A,12.0,False,,,False,
FORT ORD,5,Central Coast,12.0;21.0,13184,872,Yes,36.64341665332674,-121.79252517166388,264,exact,FORT ORD,21.0,True,Fort Ord,2.5550394072843325e-06,True,115.0
FORT ROSS,1,Sonoma,12.0,516,106,No,38.53959300252851,-123.22370201479188,455,exact,FORT ROSS,12.0,True,Fort Ross,1.3168771446392601e-06,True,66.0
FORT SEWARD,2,Humboldt,12.0,270,53,Yes,40.21377701409556,-123.59638439474168,246,exact,FORT SEWARD,12.0,True,Fort Seward,6.377756181475995e-07,True,66.0
FRANKLIN,4,East Bay,12.0,15983,913,No,38.01210700210434,-122.26432998479756,204,exact,FRANKLIN,12.0,True,Franklin,1.352258980844407e-06,True,66.0
FREMONT,9,Mission,12.0,29906,2131,Yes,37.54136311404011,-121.96195742157144,581,exact,FREMONT,12.0,True,Fremont,3.566744649483325,False,115.0
FRENCH CAMP,4,Stockton,12.0,4168,261,Yes,37.88208898737167,-121.29036398565094,641,exact,FRENCH CAMP,12.0,True,French Camp,1.2927917137998916e-06,True,66.0
FRENCH GULCH,2,North Valley,12.0,235,51,Yes,40.6868994531246,-122.64113796308338,123,exact,FRENCH GULCH,12.0,True,French Gulch,3.1320392982220767e-06,True,66.0
FROGTOWN,2,Stockton,17.0,4736,864,No,38.05715279971415,-120.53397105129636,624,exact,FROGTOWN,17.0,True,Frogtown,4.264341060245854e-06,True,115.0
FRUITLAND,2,Humboldt,12.0,922,159,No,40.28584174156862,-123.8373077081287,137,exact,FRUITLAND,12.0,True,Fruitland,7.112180874597783e-07,True,66.0
FRUITVALE,4,Kern,12.0,5655,548,Yes,35.37726759509589,-119.09268803960424,605,exact,FRUITVALE,12.0,True,Fruitvale,3.631836261870829e-06,True,115.0
FULTON,6,Sonoma,12.0,9537,1282,Yes,38.49781842377962,-122.76066894697142,625,exact,FULTON,12.0,True,Fulton,0.0024503290890916215,True,66.0
GABILAN,2,Central coast,12.0,6038,392,Yes,36.73130337624566,-121.61331164213672,20,exact,GABILAN,12.0,True,Gabilan,3.778235290503449e-06,True,66.0
GANSNER,1,North Valley,12.0,1377,277,No,39.939266393185335,-120.94818507117058,234,exact,GANSNER,12.0,True,Gansner,2.9081404282233323,False,66.0
GANSO,2,Kern,12.0,60,42,Yes,35.50111516603199,-119.44896686745672,129,exact,GANSO,12.0,True,Ganso,2.978814742825336e-06,True,115.0
GARBERVILLE,3,Humboldt,12.0,2425,709,No,40.10300785982294,-123.79287741477847,207,exact,GARBERVILLE,12.0,True,Garberville,1.2570861402887276e-06,True,66.0
GATES,6,Fresno,12.0,98,108,Yes,36.14024498483854,-120.12546365722362,91,exact,GATES,12.0,True,Gates,0.0028692822835065922,True,66.0
GERBER,2,North Valley,12.0,1112,135,No,40.06410007779955,-122.15605722893883,289,exact,GERBER,12.0,True,Gerber,2.4748258613836438e-06,True,66.0
GEYSERVILLE,2,Sonoma,12.0,1736,419,No,38.70981339234968,-122.9079796468376,152,exact,GEYSERVILLE,12.0,True,Geyserville,4.072395407993946e-06,True,66.0
GIFFEN,2,Fresno,12.0,182,69,Yes,36.54514360185848,-120.33477561137126,94,exact,GIFFEN,12.0,True,Giffen,9.72771929721253,False,66.0
GILL,2,Diablo,4.16,991,58,Yes,37.986768207370986,-122.04026889673518,462,exact,GILL,4.16,True,Gill,4.0905509604391944e-07,True,66.0
GIRVAN,2,North Valley,12.0,2481,341,No,40.51332737038144,-122.37877447664933,540,exact,GIRVAN,12.0,True,Girvan,1.9744388130496922e-06,True,66.0
GLENN,1,North Valley,12.0,1633,181,No,39.77791304436671,-122.142904054826,465,exact,GLENN,12.0,True,Glenn,0.005731584703412299,True,230.0
GLENWOOD,5,Peninsula,12.0;4.16,5711,593,Yes,37.457155571098994,-122.18692221960626,284,exact,GLENWOOD,4.16,True,Glenwood,1.7349041536105643e-06,True,66.0
GOLDTREE,3,Los Padres,12.0,5144,578,Yes,35.32017501326539,-120.69314451285074,361,exact,GOLDTREE,12.0,True,Goldtree,1.2211482608390958e-06,True,66.0
GONZALES,4,Central Coast,12.0,2351,256,Yes,36.50886506696333,-121.44689042031597,589,exact,GONZALES,12.0,True,Gonzales,1.8468598090379046e-06,True,66.0
GOOSE LAKE,3,Kern,12.0;21.0,649,121,Yes,35.60163890356536,-119.57988056253367,21,exact,GOOSE LAKE,12.0,True,Goose Lake,4.141591598363985,False,66.0
GRAND ISLAND,5,Sacramento,21.0,8045,1042,No,38.23156044070725,-121.59041520934294,96,exact,GRAND ISLAND,21.0,True,Grand Island,8.253803668965931,False,66.0
GRANT,7,Mission,12.0,19202,1952,Yes,37.67126803925739,-122.15953867436106,515,exact,GRANT,12.0,True,Grant,2.2580988509019053e-06,True,115.0
GRASS VALLEY,3,Sierra,12.0,3246,652,No,39.20905548676379,-121.06136091053834,392,exact,GRASS VALLEY,12.0,True,Grass Valley,3.3358641446827817,False,115.0
GRAYS FLAT,1,North Valley,4.16,102,21,No,40.02241741879699,-121.06544554254224,427,exact,GRAYS FLAT,4.16,True,Grays Flat,3.625037367146221e-06,True,66.0
GREEN VALLEY,4,Central Coast,21.0,17949,2022,Yes,36.95194003570028,-121.76029691983965,579,exact,GREEN VALLEY,21.0,True,Green Valley,0.003956871625831788,True,115.0
GREENBRAE,4,Sonoma,12.0,7999,956,Yes,37.93787270382002,-122.51419760633036,551,exact,GREENBRAE,12.0,True,Greenbrae,6.990141304477379e-07,True,66.0
GUALALA,2,Humboldt,12.0,3438,341,No,38.78617977578909,-123.52209765733848,77,exact,GUALALA,12.0,True,Gualala,3.7272246351252382e-06,True,66.0
GUERNSEY,5,Fresno,12.0,413,85,Yes,36.226313369169056,-119.65522471160294,70,exact,GUERNSEY,12.0,True,Guernsey,1.0448718205532146e-06,True,66.0
GUSTINE,2,Yosemite,12.0,2933,460,Yes,37.25323614332989,-121.01304169556924,265,exact,GUSTINE,12.0,True,Gustine,5.393372175837479e-07,True,66.0
HAAS,1,Fresno,12.0,24,44,No,36.92739551493467,-119.02080883955904,554,exact,HAAS,12.0,True,Haas,3.558916793743337e-06,True,230.0
HALF MOON BAY,3,Peninsula,12.0,10783,1340,No,,,485,exact,HALF MOON BAY,12.0,False,,,False,
HALSEY,2,Sierra,12.0,3876,425,No,38.95692847708868,-121.04223033527708,179,exact,HALSEY,12.0,True,Halsey,3.067443119372203e-06,True,66.0
HAMILTON A,2,North Valley,12.0,848,88,No,39.74641854176892,-122.01136933547082,6,exact,HAMILTON A,12.0,True,Hamilton A,3.0389765318668532e-06,True,66.0
HAMILTON BRANCH,1,North Valley,12.0,2234,173,No,40.26934856638285,-121.08812389778008,222,exact,HAMILTON BRANCH,12.0,True,Hamilton Branch,4.441231693060145e-07,True,66.0
HAMMER,8,Stockton,12.0,11179,881,No,38.02160701470673,-121.3203790103872,142,exact,HAMMER,12.0,True,Hammer,1.0496682375041722e-06,True,66.0
HAMMONDS,3,Yosemite,12.0,62,64,Yes,36.72023521859973,-120.60331078826115,292,exact,HAMMONDS,12.0,True,Hammonds,3.709238415494793,False,230.0
HARDING,6,Stockton,4.16,3674,409,Yes,37.96372898729796,-121.29038899788084,587,exact,HARDING,4.16,True,Harding,3.5325053893567093e-07,True,66.0
HARDWICK,2,Fresno,12.0,1003,173,Yes,36.4041265497173,-119.68584894432465,-1,unmatched,,,True,Hardwick,3.9669741355469e-06,True,66.0
HARRIS,2,Humboldt,12.0,8190,743,Yes,40.780914589124485,-124.13185342405006,447,exact,HARRIS,12.0,True,Harris,2.0273105089622015e-06,True,66.0
HARTER,5,Sacramento,12.0,5880,1427,Yes,39.14328190436777,-121.64801526159908,562,exact,HARTER,12.0,True,Harter,3.347097330470893e-06,True,66.0
HARTLEY,2,Humboldt,12.0,4215,539,No,39.077214070382624,-122.93256785221448,510,exact,HARTLEY,12.0,True,Hartley,4.125079991341163e-06,True,66.0
HATTON,2,Central Coast,12.0,4630,852,No,36.556860720745206,-121.8979239294068,220,exact,HATTON,12.0,True,Hatton,2.627898373086396e-06,True,66.0
HAYWARD O,1,Mission,12.0,2073,207,No,37.68638909966676,-122.10218867840564,450,exact,HAYWARD O,4.16,True,Hayward O,1.9005830094264277e-06,True,66.0
HENRIETTA,4,Fresno,12.0,209,67,Yes,36.24191955475813,-119.90327197289793,68,exact,HENRIETTA,12.0,True,Henrietta,0.003969757389950631,True,66.0
HERDLYN,2,Diablo,12.0,736,220,No,37.81672046460723,-121.58616542016526,125,exact,HERDLYN,12.0,True,Herdlyn,1.84393778886968e-06,True,66.0
HICKS,14,San Jose,12.0;21.0,42625,2062,No,37.233713452707946,-121.90106831081536,411,exact,HICKS,21.0,True,Hicks,0.0027089109938628723,True,115.0
HIGGINS,5,Sierra,12.0,9894,549,No,39.04404057010053,-121.09069254692402,638,exact,HIGGINS,12.0,True,Higgins,8.915902486922565,False,66.0
HIGHLANDS,3,Humboldt,12.0,8096,790,No,38.93706128927308,-122.60890848746357,412,exact,HIGHLANDS,12.0,True,Highlands,11.071244964992346,False,115.0
HIGHWAY,7,North Bay,12.0,14197,990,Yes,38.16621801651261,-122.2536210070525,188,exact,HIGHWAY,12.0,True,Highway,7.283656239886649e-07,True,115.0
HILLSDALE,5,Peninsula,4.16,4307,148,No,37.53658611345428,-122.32205000420552,145,exact,HILLSDALE,4.16,True,Hillsdale,3.0630101560648826,False,115.0
HOLLISTER,7,Central Coast,21.0,19955,2093,Yes,36.86284609293578,-121.40601088934692,474,exact,HOLLISTER,21.0,True,Hollister,9.451847938261372,False,66.0
HOLLYWOOD,1,East Bay,4.16,1472,32,No,,,34,exact,HOLLYWOOD,4.16,False,,,False,
HONCUT,2,North Valley,12.0,1654,303,No,39.32058027310813,-121.59532768391398,325,exact,HONCUT,12.0,True,Honcut,7.443233368654734,False,66.0
HOOPA,1,Humboldt,12.0,1669,328,No,41.056465389372136,-123.6821089188975,472,exact,HOOPA,12.0,True,Hoopa,28.96753470970432,False,66.0
HOPLAND,1,Humboldt,12.0,956,209,Yes,38.97279313501813,-123.0811217825633,1,exact,HOPLAND,12.0,True,Hopland,1.6059352606555776e-06,True,66.0
HORSESHOE,6,Sierra,12.0,8047,681,No,38.74431606810035,-121.16164253935796,454,exact,HORSESHOE,12.0,True,Horseshoe,3.419890347152989e-06,True,115.0
HUMBOLDT BAY PP,2,Humboldt,12.0,3863,262,Yes,,,199,exact,HUMBOLDT BAY PP,12.0,False,,,False,
HUNTERS POINT (P),1,San francisco,12.0,4727,317,No,,,-1,unmatched,,,False,,,False,
HURON,4,Fresno,12.0,1783,190,Yes,36.18606391411192,-120.10391112178026,320,exact,HURON,12.0,True,Huron,2.007451347965638e-06,True,66.0
IGNACIO,5,Sonoma,12.0,10627,1694,No,38.07692860079395,-122.54056371767577,110,exact,IGNACIO,12.0,True,Ignacio,0.003792645369062615,True,66.0
INDIAN FLAT,1,Yosemite,12.0,1032,180,No,37.66479447681744,-119.8412278307714,566,exact,INDIAN FLAT,12.0,True,Indian Flat,2.73157544482466e-06,True,66.0
INDUSTRIAL ACRES,4,Central Coast,4.16,2295,296,Yes,36.66378718640669,-121.62859499820712,386,exact,INDUSTRIAL ACRES,4.16,True,Industrial Acres,4.3037250797261405e-07,True,66.0
IONE,1,Stockton,12.0,975,44,Yes,,,182,exact,IONE,12.0,False,,,False,
JACINTO,2,North Valley,12.0,399,163,Yes,39.58278563658707,-122.01047191610203,629,exact,JACINTO,12.0,True,Jacinto,1.4311522301171102e-06,True,66.0
JACOBS CORNER,2,Fresno,12.0,1125,189,Yes,36.22241110449142,-119.77991388320748,120,exact,JACOBS CORNER,12.0,True,Jacobs Corner,1.5869912003088503e-06,True,66.0
JAMESON,5,North Bay,12.0,8654,673,Yes,38.20550643382101,-122.1478779805956,27,exact,JAMESON,12.0,True,Jameson,1.7479181347008134e-06,True,115.0
JANES CREEK,4,Humboldt,12.0,6396,758,Yes,40.90513782437269,-124.07234698514996,111,exact,JANES CREEK,12.0,True,Janes Creek,1.3393737368299558e-06,True,66.0
JARVIS,11,Mission,12.0,33636,2135,Yes,,,226,exact,JARVIS,12.0,False,,,False,
JERSEY ISLAND,1,Diablo,4.16,2,4,Yes,,,-1,unmatched,,,False,,,False,
JESSUP,3,North Valley,12.0,5181,538,No,40.46179282157093,-122.32775872178756,79,exact,JESSUP,12.0,True,Jessup,2.3432648454439264,False,66.0
JOLON,2,Central Coast,12.0,439,104,Yes,36.013241708000336,-121.1679583269854,301,exact,JOLON,12.0,True,Jolon,2.4373246428281875e-06,True,66.0
JUDAH,2,San francisco,4.16,3371,97,No,,,513,exact,JUDAH,4.16,False,,,False,
KANAKA,1,North valley,12.0,497,44,No,,,231,exact,KANAKA,12.0,False,,,False,
KEARNEY,4,Fresno,12.0,3879,306,Yes,,,2,exact,KEARNEY,12.0,False,,,False,
KERCKHOFF,1,Fresno,12.0,233,31,No,,,617,exact,KERCKHOFF,12.0,False,,,False,
KERMAN,6,Fresno,12.0,7000,722,Yes,36.691535007009925,-120.06008299787214,549,exact,KERMAN,12.0,True,Kerman,3.8280600216099055e-07,True,66.0
KERN OIL,9,Kern,12.0,11679,1092,Yes,35.4407056097126,-119.02073606106468,30,exact,KERN OIL,12.0,True,Kern Oil,3.527383426857514e-06,True,115.0
KERN POWER,5,Kern,21.0,13237,1098,No,35.38000116873635,-119.09736644193148,146,exact,KERN POWER,21.0,True,Kern Power,0.003921979644162753,True,115.0
KESWICK,1,North Valley,12.0,452,72,Yes,40.62386039813804,-122.46199853399462,-1,unmatched,,,True,Keswick,2.876502741040561e-06,True,66.0
KETTLEMAN HILLS,2,Fresno,12.0,31,27,Yes,36.04359444768913,-120.1113916540389,440,exact,KETTLEMAN HILLS,12.0,True,Kettleman Hills,4.140290270318116e-06,True,66.0
KING CITY,6,Central Coast,12.0,4427,600,Yes,36.2169972915545,-121.1271468897357,309,exact,KING CITY,12.0,True,King City,9.368965654702241e-07,True,66.0
KINGSBURG,8,Fresno,12.0,8643,815,Yes,36.48843212335158,-119.58249021621556,600,exact,KINGSBURG,12.0,True,Kingsburg,0.0012844335645826065,True,115.0
KIRKER,7,Diablo,21.0,24854,1804,No,38.02078899146564,-121.90595499339868,211,exact,KIRKER,21.0,True,Kirker,0.002953090056273835,True,115.0
KNIGHTS LANDING,2,Sacramento,12.0,711,215,No,38.80928378458452,-121.74509479848558,650,exact,KNIGHTS LANDING,12.0,True,Knights Landing,5.263926958543706e-07,True,66.0
KONOCTI,2,Humboldt,12.0,4519,367,No,38.93233036162131,-122.74100628988566,80,exact,KONOCTI,12.0,True,Konocti,8.932449719906806e-07,True,66.0
LAKEVIEW,4,Kern,12.0,35,86,Yes,35.094144434837254,-119.1011222366665,170,exact,LAKEVIEW,12.0,True,Lakeview,3.3790263915978137e-06,True,66.0
LAKEVILLE,3,Sonoma,12.0,6429,345,No,38.25095566704731,-122.58164540213878,183,exact,LAKEVILLE,12.0,True,Lakeville,0.004074259669532869,True,66.0
LAKEWOOD,15,Diablo,12.0;21.0,35535,2427,Yes,37.90841012924259,-122.05733485714823,382,exact,LAKEWOOD,12.0,True,Lakewood,0.0024883966737812135,True,66.0
LAMMERS,8,Stockton,12.0,10812,421,Yes,37.71296547424562,-121.47752769056574,435,exact,LAMMERS,12.0,True,Lammers,9.547638258902915e-07,True,115.0
LAMONT,6,Kern,12.0,4790,791,Yes,35.29677424643295,-118.86143242707536,628,exact,LAMONT,12.0,True,Lamont,5.50192032082913,False,66.0
LARKIN (Y),38,San francisco,12.0,57606,5246,Yes,,,-1,unmatched,,,False,,,False,
LAS GALLINAS A,5,Sonoma,12.0,11909,1354,Yes,,,178,exact,LAS GALLINAS A,12.0,False,,,False,
LAS POSITAS,8,Mission,21.0,27392,2797,Yes,37.70082423282943,-121.73324446912255,235,exact,LAS POSITAS,21.0,True,Las Positas,0.00012770442641365525,True,66.0
LAS PULGAS,4,Peninsula,4.16,5693,172,No,37.46284167816763,-122.22790555904724,387,exact,LAS PULGAS,4.16,True,Las Pulgas,3.620258102591888e-06,True,66.0
LAURELES,2,Central Coast,12.0,2913,508,No,36.47770202544918,-121.7272208311117,346,exact,LAURELES,12.0,True,Laureles,2.8273658410161897e-06,True,66.0
LAWNDALE,2,Peninsula,4.16,2004,81,No,37.66252369636041,-122.44259458446248,499,exact,LAWNDALE,4.16,True,Lawndale,1.658402509895193,True,66.0
LAWRENCE,12,De Anza,12.0,13698,720,Yes,37.39720613760379,-122.01032950183628,233,exact,LAWRENCE,12.0,True,Lawrence,1.2879924096642579,True,115.0
LAYTONVILLE,2,Humboldt,12.0,1548,328,Yes,39.684586506278166,-123.47722297792636,470,exact,LAYTONVILLE,12.0,True,Laytonville,1.9336995263815693e-06,True,66.0
LE GRAND,4,Yosemite,12.0,990,155,No,37.18497687324676,-120.2739550698558,44,exact,LE GRAND,12.0,True,Le Grand,2.694697327663198e-06,True,115.0
LEMOORE,5,Fresno,12.0,10878,703,No,36.309333811206585,-119.79830060208944,338,exact,LEMOORE,12.0,True,Lemoore,2.3033120428236627e-07,True,66.0
LERDO,7,Kern,12.0,215,277,Yes,35.500366029903,-119.15182728465126,604,exact,LERDO,12.0,True,Lerdo,1.3894863966176786e-06,True,66.0
LINCOLN,6,Sierra,12.0;21.0,14609,861,No,38.90052330344682,-121.29409397354496,539,exact,LINCOLN,21.0,True,Lincoln,2.3211755781723687e-06,True,66.0
LINDEN,3,Stockton,12.0,1337,225,Yes,38.01698500755364,-121.09586298042954,607,exact,LINDEN,12.0,True,Linden,1.7358677422062992e-06,True,66.0
LIVE OAK,3,Sacramento,12.0,3913,408,Yes,39.2763900097432,-121.66029985888775,59,exact,LIVE OAK,12.0,True,Live Oak,3.538898753314405e-06,True,66.0
LIVERMORE,4,Mission,12.0,4173,357,No,37.68002780796131,-121.78050482975056,308,exact,LIVERMORE,12.0,True,Livermore,2.6279555656291627e-06,True,66.0
LIVINGSTON,5,Yosemite,12.0,4167,363,No,37.36342701655074,-120.76039099415776,243,exact,LIVINGSTON,12.0,True,Livingston,6.43189883282466e-07,True,66.0
LLAGAS,7,San Jose,21.0,20678,2314,Yes,37.0072629332842,-121.55724432477602,364,exact,LLAGAS,21.0,True,Llagas,2.2301074217408957e-06,True,115.0
LOCKEFORD,2,Stockton,21.0,3029,470,No,38.117748085853535,-121.1605601257086,141,exact,LOCKEFORD,21.0,True,Lockeford,0.001468330158137688,True,66.0
LOCKHEED NO 1,2,De Anza,12.0,5,27,Yes,,,281,exact,LOCKHEED NO 1,12.0,False,,,False,
LOCKHEED NO 2,4,De Anza,12.0,0,30,Yes,,,493,exact,LOCKHEED NO 2,12.0,False,,,False,
LODI,2,Stockton,12.0,2817,357,No,,,591,exact,LODI,12.0,False,,,False,
LOGAN CREEK,3,North Valley,21.0,1615,483,Yes,39.53951119071489,-122.26305085446424,41,exact,LOGAN CREEK,21.0,True,Logan Creek,3.905590064082343e-06,True,230.0
LONE TREE,4,Diablo,21.0,10541,654,No,37.94623587461143,-121.7597975664782,217,exact,LONE TREE,21.0,True,Lone Tree,2.9838156066522664e-06,True,230.0
LOS ALTOS,5,De Anza,12.0,7118,606,Yes,37.39384444710306,-122.11472499894712,350,exact,LOS ALTOS,12.0,True,Los Altos,3.352851473858322e-07,True,66.0
LOS COCHES,2,Central Coast,12.0,55,23,No,36.36646576287461,-121.28008081271584,223,exact,LOS COCHES,12.0,True,Los Coches,1.1825771261853435e-06,True,66.0
LOS GATOS,5,De Anza,12.0,7376,927,Yes,37.22643981154891,-121.97735216024137,261,exact,LOS GATOS,12.0,True,Los Gatos,3.524402972892311e-06,True,66.0
LOS MOLINOS,2,North Valley,12.0,2069,220,Yes,40.03419987957665,-122.0961177707717,635,exact,LOS MOLINOS,12.0,True,Los Molinos,2.4888723117864045e-06,True,66.0
LOS OSITOS,3,Central Coast,21.0,5309,503,No,36.29381155278764,-121.2002607208847,543,exact,LOS OSITOS,21.0,True,Los Ositos,5.825647748289384,False,66.0
LOW GAP,1,Humboldt,12.0,608,92,Yes,40.43324912756948,-123.472691142014,363,exact,LOW GAP,12.0,True,Low Gap,3.566210239101362e-06,True,115.0
LOYOLA,4,De Anza,12.0;4.16,6049,480,No,37.36105837680576,-122.0997083840317,487,exact,LOYOLA,12.0,True,Loyola,1.4552987323920131e-06,True,66.0
LUCERNE,2,Humboldt,12.0,5031,381,No,39.11038685603239,-122.81283817023412,441,exact,LUCERNE,12.0,True,Lucerne,2.6058112143489936e-06,True,115.0
MABURY,4,San Jose,12.0,13307,1104,No,37.36081517235132,-121.86415760519633,357,exact,MABURY,12.0,True,Mabury,5.284661602340607e-07,True,115.0
MADERA,7,Yosemite,12.0,9703,925,Yes,,,473,exact,MADERA,12.0,False,,,False,
MADISON,3,Sacramento,12.0;21.0,3264,443,Yes,38.670686014266025,-121.96934698137233,-1,unmatched,,,True,Madison,1.6853058205452028e-06,True,66.0
MAGUNDEN,7,Kern,12.0;21.0,15561,984,Yes,35.361126825277424,-118.9217317285238,599,exact,MAGUNDEN,12.0,True,Magunden,0.003023109202947219,True,230.0
MALAGA,10,Fresno,12.0,10313,1003,Yes,36.69325501803404,-119.72653397903986,259,exact,MALAGA,12.0,True,Malaga,1.8815731068811438e-06,True,115.0
MANCHESTER,12,Fresno,12.0,22050,2612,Yes,36.78805531433461,-119.78787886781062,205,exact,MANCHESTER,12.0,True,Manchester,6.873616956168696,False,66.0
MANTECA,8,Stockton,17.0,23281,1539,Yes,37.801133988578215,-121.22386999463303,372,exact,MANTECA,17.0,True,Manteca,0.004077041222239598,True,115.0
MAPLE,1,East Bay,4.16,1079,32,No,,,71,exact,MAPLE,4.16,False,,,False,
MAPLE CREEK,1,Humboldt,12.0,97,29,Yes,40.76789910706237,-123.873700206482,403,exact,MAPLE CREEK,12.0,True,Maple Creek,0.0056811070066370125,True,66.0
MARICOPA,2,Kern,12.0,527,88,Yes,35.10778001807841,-119.39818100307734,282,exact,MARICOPA,12.0,True,Maricopa,3.5216126275388163e-07,True,66.0
MARINA (F),10,San francisco,12.0;4.16,13971,831,Yes,,,-1,unmatched,,,False,,,False,
MARIPOSA,2,Yosemite,21.0,6292,766,No,37.50444462762693,-120.00778324285658,154,exact,MARIPOSA,21.0,True,Mariposa,10.106162261053521,False,66.0
MARTELL,3,Stockton,12.0,3771,786,No,38.36910799331439,-120.79675402179372,66,exact,MARTELL,12.0,True,Martell,1.935389296296213e-06,True,66.0
MARYSVILLE,7,Sacramento,12.0,7448,1251,Yes,39.14002976308495,-121.5834742691922,388,exact,MARYSVILLE,12.0,True,Marysville,2.679023430947974e-06,True,66.0
MAXWELL,3,Sacramento,12.0,694,221,Yes,39.27695996315382,-122.15328887379604,492,exact,MAXWELL,12.0,True,Maxwell,2.2826184114703705e-06,True,66.0
MC ARTHUR,2,North Valley,12.0,1212,253,No,41.05123900244495,-121.40826095781478,502,exact,MC ARTHUR,12.0,True,Mc Arthur,3.5478568474188284e-06,True,66.0
MC CALL,8,Fresno,12.0,12422,1292,Yes,,,47,exact,MC CALL,12.0,False,,,False,
MC FARLAND,4,Kern,12.0,2882,259,Yes,35.6883840601955,-119.2768598083155,228,exact,MC FARLAND,12.0,True,Mc Farland,7.513120133139948e-07,True,66.0
MC KEE,10,San Jose,12.0,37658,1656,Yes,37.3662534085359,-121.84335247469508,517,exact,MC KEE,12.0,True,Mc Kee,2.242229447367051e-06,True,115.0
MC MULLIN,3,Fresno,12.0,676,135,No,36.59336916065014,-119.9887083695419,342,exact,MC MULLIN,12.0,True,Mc Mullin,2.7201643585157837e-06,True,230.0
MCKITTRICK,1,Kern,12.0,47,47,Yes,35.29631924245988,-119.62700952309002,127,exact,MCKITTRICK,12.0,True,Mckittrick,2.1132983894469337e-06,True,66.0
MEADOW LANE,9,Diablo,21.0,22159,2553,Yes,37.96324325632197,-122.05225312487916,389,exact,MEADOW LANE,21.0,True,Meadow Lane,2.219087146770898e-06,True,115.0
MENDOCINO,1,Humboldt,12.0,1496,140,No,39.250483534031325,-123.1963905905829,488,exact,MENDOCINO,12.0,True,Mendocino,8.569559896473233,False,66.0
MENDOTA,4,Yosemite,12.0,3257,342,Yes,36.72059631080433,-120.45895510584718,202,exact,MENDOTA,12.0,True,Mendota,5.287751752376874e-07,True,66.0
MENLO,8,Peninsula,12.0;4.16,12250,716,Yes,37.43280833182845,-122.2027583179545,323,exact,MENLO,4.16,True,Menlo,1.5982991058121808e-06,True,66.0
MERCED,5,Yosemite,12.0;21.0,12929,1481,Yes,37.27330800181223,-120.4872390057089,271,exact,MERCED,12.0,True,Merced,0.0033982996670984217,True,66.0
MERCED FALLS,1,Yosemite,12.0,1509,192,No,37.5231917383836,-120.33034452620844,528,exact,MERCED FALLS,12.0,True,Merced Falls,2.3182853377112743e-06,True,66.0
MERIDIAN,2,Sacramento,12.0,351,106,Yes,,,-1,unmatched,,,False,,,False,
MESA,4,Los Padres,12.0,9935,732,Yes,35.00886455676995,-120.45319888309312,73,exact,MESA,12.0,True,Mesa,0.005095244389615194,True,115.0
METTLER,2,Stockton,12.0,1107,164,Yes,38.077922370760064,-121.28690168406489,530,exact,METTLER,12.0,True,Mettler,1.3973524866991552e-06,True,66.0
MIDDLE RIVER,3,Stockton,12.0,54,83,Yes,37.936957360514114,-121.52921205843272,260,exact,MIDDLE RIVER,12.0,True,Middle River,6.956169875001974,False,66.0
MIDDLETOWN,3,Humboldt,12.0,4202,457,No,38.75291721241588,-122.60872248884506,253,exact,MIDDLETOWN,12.0,True,Middletown,9.063791567615171,False,230.0
MIDWAY,4,Kern,12.0,601,212,Yes,35.403680946179904,-119.45237612261928,643,exact,MIDWAY,12.0,True,Midway,0.003437608391412247,True,230.0
MILLBRAE,9,Peninsula,12.0;4.16,14415,1178,Yes,37.60593812655228,-122.39189344273694,445,exact,MILLBRAE,4.16,True,Millbrae,3.7842343744727173e-06,True,115.0
MILPITAS,13,San Jose,12.0;21.0,30790,1763,Yes,37.41538248570829,-121.88837260043444,582,exact,MILPITAS,21.0,True,Milpitas,4.787559508036674e-07,True,115.0
MIRA VISTA,2,East Bay,4.16,3260,57,No,37.93855075112244,-122.32462290119236,431,exact,MIRA VISTA,4.16,True,Mira Vista,1.628243617795865e-07,True,66.0
MIRABEL,2,Sonoma,12.0,3512,301,Yes,38.48950733334947,-122.89418272045346,626,exact,MIRABEL,12.0,True,Mirabel,1.8187053220007904e-06,True,66.0
MISSION (X),20,San francisco,12.0,47153,3937,Yes,,,-1,unmatched,,,False,,,False,
MIWUK,2,Yosemite,17.0,7047,454,No,,,316,exact,MIWUK,17.0,False,,,False,
MOLINO,4,Sonoma,12.0,15283,1730,No,38.4252880061949,-122.8323259975505,491,exact,MOLINO,12.0,True,Molino,4.738701924564424e-07,True,66.0
MONARCH,3,Stockton,4.16,1610,162,No,37.96937501643341,-121.2802389849553,216,exact,MONARCH,4.16,True,Monarch,1.3771474024545263e-06,True,66.0
MONROE,6,Sonoma,12.0;21.0,20860,1798,Yes,38.453223885544176,-122.74421648741736,328,exact,MONROE,12.0,True,Monroe,3.244775223723928,False,115.0
MONTAGUE,9,San Jose,21.0,7622,1002,Yes,37.403332697501774,-121.90599044132966,269,exact,MONTAGUE,21.0,True,Montague,3.6612433339792765e-06,True,115.0
MONTE RIO,3,Sonoma,12.0,6153,599,Yes,38.47141397437374,-123.01223630501092,330,exact,MONTE RIO,12.0,True,Monte Rio,6.533180619808346e-07,True,66.0
MONTEREY,1,Central coast,21.0,4239,487,No,36.59982742598498,-121.89048372337044,-1,unmatched,,,True,Monterey,2.133499842741391e-06,True,66.0
MONTICELLO,1,North Bay,12.0,1122,179,No,38.50851658942113,-122.21446363828817,468,exact,MONTICELLO,12.0,True,Monticello,19.15319041435176,False,115.0
MORAGA,5,Diablo,12.0,9279,720,No,37.84776392918334,-122.16083185480454,613,exact,MORAGA,12.0,True,Moraga,0.0007672772014901807,True,115.0
MORGAN HILL,8,San Jose,21.0,21635,2289,Yes,37.12670056195035,-121.6589030313354,256,exact,MORGAN HILL,21.0,True,Morgan Hill,2.7865247370797174e-06,True,115.0
MORMON,3,Stockton,12.0,5322,507,Yes,37.96883799029348,-121.18598299624314,444,exact,MORMON,12.0,True,Mormon,3.3093810252101803e-07,True,66.0
MORRO BAY,2,Los Padres,12.0,10311,1206,No,35.37433961065797,-120.85601432618392,611,exact,MORRO BAY,12.0,True,Morro Bay,0.0031800501927952887,True,230.0
MOSHER,6,Stockton,21.0,14440,676,No,38.021869998315466,-121.28097901653813,254,exact,MOSHER,21.0,True,Mosher,1.4607434126434005e-06,True,66.0
MOUNTAIN QUARRIES,1,Sierra,21.0,3385,229,No,,,49,exact,MOUNTAIN QUARRIES,21.0,False,,,False,
MOUNTAIN VIEW,13,De Anza,12.0,37965,2030,Yes,,,588,exact,MOUNTAIN VIEW,12.0,False,,,False,
MT EDEN,14,Mission,12.0,30096,3341,Yes,,,583,exact,MT EDEN,12.0,False,,,False,
NAPA,7,North Bay,12.0,18010,2049,No,38.2954518695612,-122.27891504790612,590,exact,NAPA,12.0,True,Napa,0.003765478300168382,True,115.0
NARROWS,3,Sierra,21.0,7428,541,No,39.23512866946219,-121.26863146830156,116,exact,NARROWS,21.0,True,Narrows,4.1642041788879185,False,66.0
NEW HOPE,2,Stockton,12.0,548,94,Yes,,,36,exact,NEW HOPE,12.0,False,,,False,
NEWARK 12KV,8,Mission,12.0,15584,1248,Yes,,,564,exact,NEWARK 12KV,12.0,False,,,False,
NEWARK 21KV,9,Mission,21.0,13946,2298,Yes,,,496,exact,NEWARK 21KV,21.0,False,,,False,
NEWBURG,3,Humboldt,12.0,6340,776,No,40.59459298156031,-124.1352072063305,620,exact,NEWBURG,12.0,True,Newburg,5.619641903175505e-07,True,66.0
NEWHALL,2,Yosemite,12.0,21,33,Yes,36.86696373850815,-120.3280422136908,-1,unmatched,,,True,Newhall,1.2291689811764728e-06,True,115.0
NEWMAN,4,Yosemite,12.0,4338,400,Yes,37.315586112666914,-121.01501392854986,181,exact,NEWMAN,12.0,True,Newman,2.5421416502044253e-06,True,66.0
NORCO,2,Kern,12.0,3,42,Yes,35.28599981233232,-119.30903741111212,438,exact,NORCO,12.0,True,Norco,1.0414120379468935e-06,True,115.0
NORD,4,North Valley,12.0,7209,802,No,39.760240802984654,-121.90704864173188,559,exact,NORD,12.0,True,Nord,3.582587904041401e-06,True,115.0
NORIEGA,2,San francisco,4.16,1421,53,No,,,550,exact,NORIEGA,4.16,False,,,False,
NORTECH,5,San Jose,21.0,3971,252,Yes,37.42070310255024,-121.95986987419542,649,exact,NORTECH,21.0,True,Nortech,2.2963904397809024e-06,True,115.0
NORTH DUBLIN,2,Mission,21.0,8482,558,No,,,61,exact,NORTH DUBLIN,21.0,False,,,False,
NORTH TOWER,4,North Bay,12.0,16743,810,No,38.06582096810914,-122.19632934541984,415,exact,NORTH TOWER,12.0,True,North Tower,3.9817921898005724e-06,True,115.0
NOTRE DAME,4,North Valley,12.0,8717,674,No,39.73015382806001,-121.79636502454132,536,exact,NOTRE DAME,12.0,True,Notre Dame,2.1097328293376454e-06,True,115.0
NOVATO,4,Sonoma,12.0,4303,663,Yes,38.108614398502894,-122.56824321885992,424,exact,NOVATO,12.0,True,Novato,1.65848486421085e-06,True,66.0
OAK,1,East Bay,4.16,1243,68,No,37.90188336246642,-122.2863009581251,353,exact,OAK,4.16,True,Oak,3.684321524408267e-06,True,66.0
OAKHURST,3,Yosemite,12.0,5570,1234,No,37.32195435968183,-119.63433155980304,598,exact,OAKHURST,12.0,True,Oakhurst,3.5546627733852805e-06,True,115.0
OAKLAND C,22,East Bay,12.0,18903,2820,Yes,37.79786600794784,-122.28200602092356,348,exact,OAKLAND C,12.0,True,Oakland C,1.852531484504335e-06,True,115.0
OAKLAND D,22,East Bay,12.0;4.16,46135,3836,Yes,37.83757074843421,-122.26361185898772,618,exact,OAKLAND D,12.0,True,Oakland D,3.6057621409066655e-06,True,115.0
OAKLAND I,2,East bay,4.16,2092,94,No,37.79743896091407,-122.28073765446842,429,exact,OAKLAND I,4.16,True,Oakland I,4.001889676134308e-06,True,115.0
OAKLAND J,18,East Bay,12.0;4.16,48353,3290,Yes,37.76299826428102,-122.21449482097786,442,exact,OAKLAND J,12.0,True,Oakland J,1.9045145592433163e-06,True,115.0
OAKLAND K,4,East Bay,12.0,9677,497,Yes,,,-1,unmatched,,,False,,,False,
OAKLAND L,14,East Bay,12.0,16116,1629,Yes,37.81031399495175,-122.27141300504756,274,exact,OAKLAND L,12.0,True,Oakland L,7.153504108577808e-07,True,115.0
OAKLAND X,13,East Bay,12.0;4.16,56484,2373,Yes,37.805289865997466,-122.23126768762208,408,exact,OAKLAND X,12.0,True,Oakland X,1.1750124199561003e-06,True,115.0
OCEAN,2,San francisco,4.16,2796,91,No,,,479,exact,OCEAN,4.16,False,,,False,
OCEANO,6,Los padres,12.0,23783,2805,No,35.10171139194951,-120.58099108951156,483,exact,OCEANO,12.0,True,Oceano,9.784722307132141e-07,True,115.0
OILFIELDS,3,Central Coast,12.0;21.0,4917,602,Yes,,,418,exact,OILFIELDS,12.0,False,,,False,
OLD RIVER,5,Kern,12.0,837,208,Yes,35.20843056321126,-119.10068620407476,561,exact,OLD RIVER,12.0,True,Old River,5.143479248408755e-07,True,66.0
OLEMA,1,Sonoma,12.0,1803,351,No,38.04217884496899,-122.786452187854,160,exact,OLEMA,12.0,True,Olema,1.2017966382843553e-06,True,66.0
OLETA,2,Stockton,12.0,2310,423,No,38.48076425490602,-120.84494363383558,175,exact,OLETA,12.0,True,Oleta,2.995323884784645e-06,True,66.0
OLIVEHURST,5,Sacramento,12.0,7689,527,No,39.09206971077931,-121.54297320499404,648,exact,OLIVEHURST,12.0,True,Olivehurst,4.524454589763497,False,66.0
OREGON TRAIL,3,North Valley,12.0,3694,236,Yes,40.61904558800701,-122.32206024241452,46,exact,OREGON TRAIL,12.0,True,Oregon Trail,0.0021749096404801807,True,66.0
ORICK,2,Humboldt,12.0,236,89,No,41.2942870880898,-124.0568713812834,62,exact,ORICK,12.0,True,Orick,1.5780210778560336e-06,True,66.0
ORLAND B,3,North Valley,12.0,3982,549,No,39.72519600027397,-122.17874101256352,268,exact,ORLAND B,12.0,True,Orland B,1.074888186538749e-06,True,66.0
ORO FINO,2,North Valley,12.0,3734,147,No,39.87156253113776,-121.61078506142388,572,exact,ORO FINO,12.0,True,Oro Fino,12.35012859291035,False,66.0
ORO LOMA,6,Yosemite,12.0,1397,336,Yes,36.886750573285184,-120.65491603381926,280,exact,ORO LOMA,12.0,True,Oro Loma,0.0028148195053957674,True,66.0
OROSI,4,Fresno,12.0,4230,351,Yes,36.54483612446745,-119.25141944291128,421,exact,OROSI,12.0,True,Orosi,3.865446916467052e-06,True,66.0
OROVILLE,6,North Valley,12.0;4.16,5105,877,Yes,39.50399794952197,-121.56015501732595,526,exact,OROVILLE,12.0,True,Oroville,1.4874444705633761e-06,True,66.0
ORTIGA,2,Yosemite,12.0,3288,232,Yes,36.98352226268427,-120.81948913475556,570,exact,ORTIGA,12.0,True,Ortiga,3.1015036530986115e-06,True,66.0
OTTER,2,Central Coast,12.0,901,172,No,36.38008663965642,-121.8993004698779,302,exact,OTTER,12.0,True,Otter,2.6968917038804484e-06,True,66.0
PACIFIC GROVE,4,Central Coast,4.16,3516,273,Yes,36.61739068641315,-121.91902970025458,461,exact,PACIFIC GROVE,4.16,True,Pacific Grove,3.994857251608736e-07,True,66.0
PACIFICA,4,Peninsula,12.0,9332,544,Yes,37.59480099325919,-122.48881601975864,286,exact,PACIFICA,12.0,True,Pacifica,1.7781511478519903e-06,True,66.0
PALMER,1,Los Padres,12.0,763,108,No,34.82531944132415,-120.29879444459286,249,exact,PALMER,12.0,True,Palmer,4.073078695560702e-06,True,115.0
PALO SECO,1,East Bay,4.16,600,9,No,37.81910650759913,-122.20595533965694,486,exact,PALO SECO,4.16,True,Palo Seco,2.2773437191667263,False,66.0
PANAMA,2,Kern,21.0,10616,484,No,35.295556072797815,-119.0216521139904,78,exact,PANAMA,21.0,True,Panama,1.307263033755962e-06,True,66.0
PANOCHE,3,Yosemite,12.0,133,144,Yes,36.65353625161828,-120.5817560649944,644,exact,PANOCHE,12.0,True,Panoche,0.0006871254892555801,True,115.0
PANORAMA,2,North Valley,12.0,3813,232,No,40.43436790172827,-122.26792297442684,5,exact,PANORAMA,12.0,True,Panorama,2.1729235994770288e-06,True,115.0
PARADISE,5,North Valley,12.0,7347,760,No,39.76066295290581,-121.61873043546984,156,exact,PARADISE,12.0,True,Paradise,3.049063199888012e-06,True,66.0
PARKWAY,3,North Bay,12.0,7284,371,Yes,38.13818918955193,-122.20911047771322,433,exact,PARKWAY,12.0,True,Parkway,1.9497792046591503e-06,True,230.0
PARLIER,4,Fresno,12.0,3913,311,Yes,36.60755351445216,-119.52131008495267,509,exact,PARLIER,12.0,True,Parlier,1.4314626408534727e-06,True,66.0
PARSONS,1,Mission,4.16,953,25,No,37.701870770501614,-122.08279949493938,505,exact,PARSONS,4.16,True,Parsons,4.4870250348463854e-07,True,66.0
PASO ROBLES,7,Los padres,12.0;21.0,15186,2020,No,35.615638873572074,-120.67949166031464,609,exact,PASO ROBLES,21.0,True,Paso Robles,3.609280351101057e-06,True,66.0
PAUL SWEET,9,Central Coast,21.0,45073,4941,Yes,36.99232273085709,-121.98217929661874,279,exact,PAUL SWEET,21.0,True,Paul Sweet,0.0025936524774089493,True,115.0
PEABODY,8,North bay,21.0,29660,1245,Yes,38.28546411187329,-121.9707061017594,168,exact,PEABODY,21.0,True,Peabody,0.0014169127485801508,True,230.0
PEACHTON,3,North Valley,12.0,1703,285,Yes,39.37824172207953,-121.68509451825736,164,exact,PEACHTON,12.0,True,Peachton,1.5861799878689509e-06,True,66.0
PEASE,5,Sacramento,12.0,7752,439,Yes,39.170232484388265,-121.66130954428624,139,exact,PEASE,12.0,True,Pease,3.848812183333381e-06,True,66.0
PENNGROVE,1,Sonoma,12.0,2278,135,No,38.315508557263975,-122.68113148263924,475,exact,PENNGROVE,12.0,True,Penngrove,1.544883323731378e-06,True,115.0
PENRYN,4,Sierra,12.0,7523,820,No,38.84450411971604,-121.16656041028244,42,exact,PENRYN,12.0,True,Penryn,8.910640982606437e-07,True,66.0
PEORIA,3,Yosemite,17.0,6868,667,No,37.90373843285021,-120.49781126746883,167,exact,PEORIA,17.0,True,Peoria,2.8717516582265817e-06,True,115.0
PERRY,2,Los Padres,12.0,4373,664,No,35.57091817059289,-121.05537112809648,25,exact,PERRY,12.0,True,Perry,2.5420540645574277e-06,True,66.0
PETALUMA A,2,Sonoma,4.16,1038,186,No,,,383,exact,PETALUMA A,4.16,False,,,False,
PETALUMA C,7,Sonoma,12.0,15975,1976,Yes,,,507,exact,PETALUMA C,12.0,False,,,False,
PHILO,2,Humboldt,12.0,1698,348,No,39.06398273628727,-123.4379281431657,535,exact,PHILO,12.0,True,Philo,3.7495714442437967e-06,True,66.0
PIERCY,3,San Jose,21.0,8860,403,Yes,37.26909515749541,-121.78724623859824,106,exact,PIERCY,21.0,True,Piercy,3.426853483347075e-06,True,115.0
PIKE CITY,2,Sierra,12.0,378,51,Yes,39.43810610512932,-120.99609874674582,171,exact,PIKE CITY,12.0,True,Pike City,13.342344694295083,False,66.0
PINE GROVE,2,Stockton,12.0,5162,579,Yes,38.41279770310059,-120.6602339445871,377,exact,PINE GROVE,12.0,True,Pine Grove,3.900025388486677e-06,True,66.0
PINECREST,1,Yosemite,4.16,181,29,No,,,214,exact,PINECREST,4.16,False,,,False,
PINEDALE,9,Fresno,21.0,16201,2671,Yes,36.84992908278196,-119.80334504901184,26,exact,PINEDALE,21.0,True,Pinedale,4.37199095767424e-06,True,115.0
PIPER BANK,1,Diablo,4.16,69,7,Yes,,,-1,unmatched,,,False,,,False,
PIT NO 1,1,North Valley,12.0,657,164,No,,,404,exact,PIT NO 1,12.0,False,,,False,
PIT NO 3,1,North Valley,21.0,102,41,Yes,,,655,exact,PIT NO 3,21.0,False,,,False,
PIT NO 5,1,North Valley,12.0,81,36,Yes,,,28,exact,PIT NO 5,12.0,False,,,False,
PITTSBURG,2,Diablo,4.16,293,13,Yes,38.03682199694362,-121.89679600317832,93,exact,PITTSBURG,4.16,True,Pittsburg,0.002094864746425237,True,115.0
PLACER,4,Sierra,12.0,4134,821,Yes,38.90125522393904,-121.0878584895581,224,exact,PLACER,12.0,True,Placer,0.0017788011401200091,True,66.0
PLACERVILLE,5,Sierra,12.0;21.0,9133,1203,Yes,38.73089864212415,-120.78383860827384,658,exact,PLACERVILLE,12.0,True,Placerville,5.539850639344919,False,115.0
PLAINFIELD,3,Sacramento,12.0,5391,222,No,38.61926401297399,-121.7944613113622,602,exact,PLAINFIELD,12.0,True,Plainfield,7.247211074954635,False,115.0
PLEASANT GROVE,5,Sierra,21.0,19770,1018,No,38.822090412493125,-121.30654082172713,318,exact,PLEASANT GROVE,21.0,True,Pleasant Grove,1.902560766619105e-06,True,66.0
PLUMAS,4,Sacramento,12.0;21.0,5523,201,Yes,39.02624606204569,-121.5430520224537,109,exact,PLUMAS,21.0,True,Plumas,1.9529023312739966e-06,True,66.0
PLYMOUTH,1,San Francisco,4.16,1939,62,No,,,275,exact,PLYMOUTH,4.16,False,,,False,
POINT ARENA,1,Humboldt,12.0,713,162,No,38.91228990349537,-123.679924033987,538,exact,POINT ARENA,12.0,True,Point Arena,2.9661899992651835e-06,True,66.0
POINT MORETTI,1,Central Coast,12.0,681,99,Yes,37.03106847758357,-122.18817332080263,321,exact,POINT MORETTI,12.0,True,Point Moretti,1.8660527930642487e-06,True,66.0
POINT PINOLE,2,East Bay,12.0,8889,350,No,37.9959215829392,-122.34810313924945,90,exact,POINT PINOLE,12.0,True,Point Pinole,3.4548307083186313e-06,True,115.0
PORTOLA,2,San francisco,4.16,2227,39,Yes,,,-1,unmatched,,,False,,,False,
POSO MOUNTAIN,3,Kern,21.0,91,38,Yes,,,176,exact,POSO MOUNTAIN,21.0,False,,,False,
POTRERO PP (A),15,San francisco,12.0,27321,2105,Yes,,,-1,unmatched,,,False,,,False,
POTTER VALLEY PH,1,Humboldt,12.0,703,98,No,,,-1,unmatched,,,False,,,False,
PRUNEDALE,2,Central Coast,12.0,6397,809,No,36.785381301385314,-121.6711331172012,86,exact,PRUNEDALE,12.0,True,Prunedale,1.5395636859194694e-06,True,115.0
PUEBLO,7,North Bay,12.0;21.0,15695,1065,Yes,38.34521980878797,-122.29945343649096,232,exact,PUEBLO,12.0,True,Pueblo,3.185180872573147e-06,True,115.0
PURISIMA,1,Los Padres,12.0,2155,156,No,34.70085389912369,-120.43554815305627,315,exact,PURISIMA,12.0,True,Purisima,4.292573892460873e-06,True,115.0
PUTAH CREEK,3,Sacramento,12.0,3689,344,Yes,38.52282675411816,-121.99508094551214,215,exact,PUTAH CREEK,12.0,True,Putah Creek,3.985696688966476e-06,True,115.0
RACETRACK,2,Yosemite,17.0,3241,469,No,37.97991079096231,-120.4141780589576,272,exact,RACETRACK,17.0,True,Racetrack,3.5988247862464295e-06,True,115.0
RADUM,3,Mission,12.0,4474,409,No,37.672555014651145,-121.85952801975954,568,exact,RADUM,12.0,True,Radum,1.8143614586938126e-06,True,66.0
RAINBOW,3,Fresno,12.0,4385,479,Yes,36.71022222303943,-119.53811388808354,-1,unmatched,,,True,Rainbow,1.1147190560988024e-06,True,115.0
RALSTON,2,Peninsula,12.0,4438,275,Yes,37.51131388825796,-122.34012499701088,305,exact,RALSTON,12.0,True,Ralston,3.271609573506525e-07,True,66.0
RANCHERS COTTON,1,Fresno,12.0,1446,158,Yes,36.70056751093756,-119.7544889578796,469,exact,RANCHERS COTTON,12.0,True,Ranchers Cotton,3.756596787747977e-06,True,115.0
RANDOLPH,3,San Francisco,4.16,3986,130,No,,,244,exact,RANDOLPH,4.16,False,,,False,
RAWSON,1,North Valley,12.0,2009,377,No,,,569,exact,RAWSON,12.0,False,,,False,
RED BLUFF,5,North Valley,12.0,7164,876,No,40.18238661661079,-122.24461774556656,81,exact,RED BLUFF,12.0,True,Red Bluff,3.889285875959766e-06,True,66.0
REDBUD,2,Humboldt,12.0,5123,291,No,39.0275350391145,-122.66238326015598,63,exact,REDBUD,12.0,True,Redbud,3.443177219213976e-06,True,115.0
REDWOOD CITY,13,Peninsula,12.0;4.16,13374,1844,Yes,37.49046667016374,-122.21306391272245,529,exact,REDWOOD CITY,12.0,True,Redwood City,0.004045116878134523,True,115.0
REEDLEY,5,Fresno,12.0,8003,638,No,36.60434719510366,-119.37620837505273,616,exact,REEDLEY,12.0,True,Reedley,2.292486118203434e-06,True,66.0
RENFRO,5,Kern,21.0,15980,605,No,35.38771938712356,-119.16409451354572,640,exact,RENFRO,21.0,True,Renfro,1.2689154161798412e-06,True,230.0
RESEARCH,2,Diablo,21.0,6715,920,No,,,285,exact,RESEARCH,21.0,False,,,False,
RESERVATION ROAD,3,Central coast,12.0,9171,813,No,36.62404336583979,-121.68806042023954,567,exact,RESERVATION ROAD,12.0,True,Reservation Road,1.864503280115119e-06,True,66.0
RESERVE OIL,1,Fresno,12.0,0,8,Yes,36.27633342399792,-119.65361190916563,397,exact,RESERVE OIL,12.0,True,Reserve Oil,9.341834442951901e-07,True,66.0
RICE,4,Sacramento,12.0,551,195,Yes,39.402747176055385,-122.0132646948227,313,exact,RICE,12.0,True,Rice,6.247134925483234e-07,True,66.0
RICHMOND R,13,East Bay,12.0,30281,2279,Yes,37.92618059542927,-122.36957712050716,516,exact,RICHMOND R,12.0,True,Richmond R,1.8691289675389732e-06,True,66.0
RIDGE,2,East Bay,4.16,1146,27,No,37.88498247194448,-122.25510573016852,291,exact,RIDGE,4.16,True,Ridge,2.656405539476706e-06,True,66.0
RINCON,4,Sonoma,12.0,11834,659,No,38.49006768021555,-122.66607232599657,394,exact,RINCON,12.0,True,Rincon,2.2627148681873583e-06,True,115.0
RIO BRAVO,5,Kern,12.0,3273,359,Yes,35.42982346517468,-118.82263147468828,621,exact,RIO BRAVO,12.0,True,Rio Bravo,2.3552858689650586e-06,True,66.0
RIO DELL,1,Humboldt,12.0,661,68,No,40.49538981817036,-124.09926805925724,29,exact,RIO DELL,12.0,True,Rio Dell,3.451172194153819e-06,True,66.0
RIPON,4,Stockton,17.0,10104,790,No,37.75580975020523,-121.14652034365436,596,exact,RIPON,17.0,True,Ripon,3.8378847756854365e-06,True,66.0
RISING RIVER,1,North Valley,12.0,698,117,No,40.92900611205241,-121.54438678481873,317,exact,RISING RIVER,12.0,True,Rising River,1.2956395064165974e-06,True,66.0
RIVER OAKS,5,San Jose,21.0,5983,103,Yes,37.41117121224068,-121.92767879187348,533,exact,RIVER OAKS,21.0,True,River Oaks,7.597608223380478e-07,True,115.0
RIVERBANK,6,Yosemite,17.0,11375,955,No,37.7692030729445,-120.90784477935696,630,exact,RIVERBANK,17.0,True,Riverbank,1.8437828033436927e-06,True,115.0
ROB ROY,2,Central Coast,21.0,11340,886,No,36.97922709718958,-121.8672496384155,608,exact,ROB ROY,21.0,True,Rob Roy,3.4266701167793484e-06,True,115.0
ROCKLIN,4,Sierra,12.0,5340,471,Yes,38.78796354713167,-121.2316919770298,420,exact,ROCKLIN,12.0,True,Rocklin,2.0162830140232816e-06,True,66.0
ROSEDALE,2,Kern,12.0;21.0,2075,724,No,,,258,exact,ROSEDALE,12.0,False,,,False,
ROSSMOOR,9,Diablo,12.0,20409,1064,Yes,37.86465421625634,-122.08032327587512,210,exact,ROSSMOOR,12.0,True,Rossmoor,3.4349950031449343,False,66.0
ROUGH AND READY ISLA,1,Stockton,12.0,1518,151,No,,,283,exact,ROUGH AND READY ISLA,12.0,False,,,False,
RUSSELL,2,East Bay,4.16,2808,163,No,,,471,exact,RUSSELL,4.16,False,,,False,
SALINAS,8,Central coast,12.0,28830,2426,Yes,36.68227571857433,-121.65138546406432,227,exact,SALINAS,12.0,True,Salinas,0.004089509938573267,True,66.0
SALMON CREEK,1,Sonoma,12.0,1601,190,No,38.34344600928007,-123.04475798077164,443,exact,SALMON CREEK,12.0,True,Salmon Creek,1.678833994722924e-06,True,66.0
SALT SPRINGS,2,Stockton,21.0,3379,200,No,38.498419895679,-120.21842016704748,300,exact,SALT SPRINGS,21.0,True,Salt Springs,2.9076328411938506e-06,True,115.0
SAN ARDO,2,Central Coast,12.0,422,152,No,36.073694446131,-120.93680552869054,413,exact,SAN ARDO,12.0,True,San Ardo,2.6141888395495073e-06,True,66.0
SAN BENITO,3,Central Coast,21.0,3617,565,Yes,,,376,exact,SAN BENITO,21.0,False,,,False,
SAN BERNARD,3,Kern,12.0,18,33,Yes,35.092397223656064,-118.8781167121445,-1,unmatched,,,True,San Bernard,1.1773527272175146e-06,True,66.0
SAN BRUNO,3,Peninsula,4.16,2824,227,No,37.62095692901936,-122.42511447118066,482,exact,SAN BRUNO,4.16,True,San Bruno,2.5405687121367665e-06,True,66.0
SAN CARLOS,10,Peninsula,12.0;4.16,13961,1296,Yes,37.49975329872381,-122.24406340927844,180,exact,SAN CARLOS,12.0,True,San Carlos,2.658991939952461,False,115.0
SAN JOAQUIN,3,Fresno,12.0,1385,232,No,36.620936147425546,-120.17835130169104,102,exact,SAN JOAQUIN,12.0,True,San Joaquin,3.236112960093576e-07,True,66.0
SAN JOAQUIN #2,1,Yosemite,12.0,790,70,No,,,359,exact,SAN JOAQUIN #2,12.0,False,,,False,
SAN JOAQUIN #3,3,Yosemite,12.0,1767,282,No,,,593,exact,SAN JOAQUIN #3,12.0,False,,,False,
SAN JOSE A,11,San Jose,12.0;4.16,13900,1139,Yes,,,273,exact,SAN JOSE A,4.16,False,,,False,
SAN JOSE B,17,San Jose,12.0,25536,3026,Yes,,,287,exact,SAN JOSE B,12.0,False,,,False,
SAN JUSTO,1,Central Coast,12.0,486,92,Yes,36.85686673551709,-121.51198690822748,419,exact,SAN JUSTO,12.0,True,San Justo,8.856158399533113e-07,True,66.0
SAN LEANDRO U,16,Mission,12.0,40522,3513,Yes,37.71062477494543,-122.14818833093142,601,exact,SAN LEANDRO U,12.0,True,San Leandro U,2.775968104467339e-06,True,115.0
SAN LUIS OBISPO,7,Los Padres,12.0,18269,3209,Yes,35.261690787983795,-120.6348658471788,647,exact,SAN LUIS OBISPO,12.0,True,San Luis Obispo,0.0013677124174268707,True,66.0
SAN MATEO,7,Peninsula,21.0;4.16,11253,941,Yes,37.58307460925212,-122.31866392138384,134,exact,SAN MATEO,21.0,True,San Mateo,0.004364581257861645,True,66.0
SAN MIGUEL,3,Los padres,12.0,2126,326,Yes,35.75233608078926,-120.683966845535,103,exact,SAN MIGUEL,12.0,True,San Miguel,4.1100281938103875e-06,True,66.0
SAN PABLO,2,East Bay,12.0,6428,451,No,37.98529640750591,-122.33682526254108,143,exact,SAN PABLO,12.0,True,San Pablo,0.0033620882683980187,True,115.0
SAN RAFAEL,10,Sonoma,12.0,30662,4081,Yes,37.97057814841819,-122.5272159897048,437,exact,SAN RAFAEL,12.0,True,San Rafael,0.0022698774591414675,True,115.0
SAN RAMON,15,Mission,21.0,42227,3290,No,37.74472575304592,-121.93590980356208,99,exact,SAN RAMON,21.0,True,San Ramon,0.004333572732488804,True,66.0
SAND CREEK,1,Fresno,12.0,1528,102,No,36.64478731397589,-119.16049811199976,121,exact,SAND CREEK,12.0,True,Sand Creek,13.753486307650375,False,66.0
SANGER,8,Fresno,12.0,9458,570,Yes,36.70722322080933,-119.61090006390856,50,exact,SANGER,12.0,True,Sanger,0.0041117138492760595,True,66.0
SANTA MARIA,8,Los Padres,12.0,24412,2489,Yes,34.950262762178305,-120.44414964714996,310,exact,SANTA MARIA,12.0,True,Santa Maria,1.3828967469637157,True,115.0
SANTA NELLA,2,Yosemite,12.0,727,89,Yes,37.085841857403146,-121.01322547094186,33,exact,SANTA NELLA,12.0,True,Santa Nella,2.593692316952183e-06,True,66.0
SANTA RITA,2,Yosemite,12.0,423,112,No,37.05464719500596,-120.63399444296688,165,exact,SANTA RITA,12.0,True,Santa Rita,3.853121418896362e-06,True,66.0
SANTA ROSA A,12,Sonoma,12.0,38740,3771,Yes,38.43677550701216,-122.7134328571638,448,exact,SANTA ROSA A,12.0,True,Santa Rosa A,0.0021623066650740793,True,66.0
SANTA TERESA,1,San Jose,21.0,1481,115,Yes,,,108,exact,SANTA TERESA,21.0,False,,,False,
SANTA YNEZ,3,Los Padres,12.0,4346,1020,Yes,34.625201112592144,-120.11935266826184,13,exact,SANTA YNEZ,12.0,True,Santa Ynez,2.9183369271784058e-06,True,115.0
SARANAP,1,Diablo,4.16,410,48,No,37.89510413784193,-122.07372832288436,51,exact,SARANAP,4.16,True,Saranap,2.02234476735092e-06,True,66.0
SARATOGA,13,De Anza,12.0,41897,2167,Yes,37.28103662677783,-122.01521981672684,524,exact,SARATOGA,12.0,True,Saratoga,0.00205403906743378,True,66.0
SAUSALITO,2,Sonoma,12.0,6142,1058,Yes,37.86356845628652,-122.49885083123884,373,exact,SAUSALITO,12.0,True,Sausalito,2.7732328953838567e-06,True,115.0
SCHINDLER,6,Fresno,12.0,266,188,Yes,36.401944424908194,-120.1387222013054,11,exact,SCHINDLER,12.0,True,Schindler,0.002589549681829155,True,115.0
SEMITROPIC,4,Kern,12.0,1902,131,No,35.600745710428626,-119.43752405277478,177,exact,SEMITROPIC,12.0,True,Semitropic,4.269985997819643e-06,True,115.0
SERRAMONTE,2,Peninsula,12.0,9442,289,No,37.65079991874742,-122.4542630438474,327,exact,SERRAMONTE,12.0,True,Serramonte,0.0011876578027351732,True,115.0
SF A (POTRERO),4,San Francisco,12.0,7096,1223,Yes,,,76,exact,SF A (POTRERO),12.0,False,,,False,
SF E,11,San francisco,12.0;4.16,25920,1449,No,,,498,exact,SF E,12.0,False,,,False,
SF G,16,San francisco,12.0;4.16,16507,886,Yes,,,-1,unmatched,,,False,,,False,
SF H,5,Peninsula,12.0;4.16,8522,560,Yes,,,-1,unmatched,,,False,,,False,
SF H (MARTIN),11,Peninsula,12.0;4.16,27514,1787,Yes,,,453,exact,SF H (MARTIN),12.0,False,,,False,
SF J,13,San francisco,12.0;4.16,6913,720,Yes,,,-1,unmatched,,,False,,,False,
SF K,12,San francisco,12.0;4.16,18847,928,Yes,,,-1,unmatched,,,False,,,False,
SF L,12,San francisco,12.0;4.16,12270,718,Yes,,,-1,unmatched,,,False,,,False,
SF M,6,San francisco,4.16,8953,310,No,,,594,exact,SF M,4.16,False,,,False,
SF N,7,San francisco,12.0;4.16,8391,352,No,,,252,exact,SF N,12.0,False,,,False,
SF P (HUNTERS POINT),7,San Francisco,12.0,12422,1974,Yes,,,466,exact,SF P (HUNTERS POINT),12.0,False,,,False,
SF X (MISSION),10,San Francisco,12.0;4.16,21213,1223,Yes,,,384,exact,SF X (MISSION),12.0,False,,,False,
SHADY GLEN,2,Sierra,12.0,2287,352,No,39.11534451385823,-120.95294531231836,191,exact,SHADY GLEN,12.0,True,Shady Glen,1.1460771241560603e-06,True,66.0
SHAFTER,5,Kern,12.0,2946,349,Yes,35.513904843903426,-119.31780144050684,391,exact,SHAFTER,12.0,True,Shafter,3.6918701378589547e-06,True,115.0
SHEPHERD,4,Fresno,12.0;21.0,7017,489,No,,,459,exact,SHEPHERD,21.0,False,,,False,
SHINGLE SPRINGS,6,Sierra,12.0;21.0,12419,1453,Yes,38.659297687416505,-120.94723810852622,250,exact,SHINGLE SPRINGS,12.0,True,Shingle Springs,7.941080766380317e-07,True,66.0
SILVER,1,San Francisco,4.16,1316,37,No,,,467,exact,SILVER,4.16,False,,,False,
SILVERADO,4,North Bay,21.0,6124,1144,No,38.49981793855024,-122.45911067581191,17,exact,SILVERADO,21.0,True,Silverado,0.0016335625245857514,True,115.0
SISQUOC,4,Los Padres,12.0,754,183,Yes,34.878598629858416,-120.330677457305,645,exact,SISQUOC,12.0,True,Sisquoc,0.0028031411459681515,True,115.0
SMARTVILLE,1,Sacramento,12.0,244,23,No,,,422,exact,SMARTVILLE,12.0,False,,,False,
SMYRNA,5,Kern,12.0,187,95,Yes,35.71782150992626,-119.4553416393832,651,exact,SMYRNA,12.0,True,Smyrna,3.5555008863234532e-06,True,115.0
SNEATH LANE,3,Peninsula,12.0,9305,285,Yes,37.62203201200436,-122.44680297920873,563,exact,SNEATH LANE,12.0,True,Sneath Lane,1.8446518371207812e-06,True,66.0
SOBRANTE,3,Diablo,12.0,4502,442,Yes,37.905458048175525,-122.20809506910524,270,exact,SOBRANTE,12.0,True,Sobrante,0.0031109220500583922,True,230.0
SOLEDAD,4,Central coast,21.0,5397,486,Yes,36.4296388113508,-121.33249626729054,374,exact,SOLEDAD,21.0,True,Soledad,0.0020716867346152277,True,66.0
SONOMA,6,Sonoma,12.0,13593,1878,No,38.2765392653175,-122.4620912899526,138,exact,SONOMA,12.0,True,Sonoma,10.813892291418638,False,230.0
SOQUEL,1,Central coast,4.16,1300,91,No,36.98677959085639,-121.95104567646784,410,exact,SOQUEL,4.16,True,Soquel,2.0922843213822215e-06,True,66.0
SPAULDING,1,Sierra,12.0,86,59,No,,,189,exact,SPAULDING,12.0,False,,,False,
SPENCE,4,Central Coast,12.0,348,172,Yes,36.61375279893127,-121.56713328671503,511,exact,SPENCE,12.0,True,Spence,1.1916681469347456e-06,True,66.0
SPRING GAP,1,Yosemite,17.0,1711,177,No,38.1865924012224,-120.11194736598286,337,exact,SPRING GAP,17.0,True,Spring Gap,2.976183759558043e-06,True,115.0
STAFFORD,2,Sonoma,12.0,7254,460,No,38.11991638969132,-122.61401508372496,349,exact,STAFFORD,12.0,True,Stafford,1.4241419775059736e-06,True,66.0
STAGG,10,Stockton,12.0;21.0,25919,1672,Yes,37.99229903158738,-121.34862733050988,3,exact,STAGG,21.0,True,Stagg,0.0003370889801280518,True,66.0
STANISLAUS,2,Stockton,17.0,6574,526,No,,,657,exact,STANISLAUS,17.0,False,,,False,
STELLING,12,De Anza,12.0,23907,1338,Yes,37.335995015082055,-122.04317701163414,449,exact,STELLING,12.0,True,Stelling,1.1649106082854463e-06,True,115.0
STILLWATER,2,North Valley,12.0,1989,131,No,40.67776349188238,-122.34977518071872,31,exact,STILLWATER,12.0,True,Stillwater,1.6393830417835217e-06,True,66.0
STOCKDALE,17,Kern,12.0;21.0,47722,2841,No,35.317056923008494,-119.06763425730595,610,exact,STOCKDALE,12.0,True,Stockdale,4.808972185413313,False,66.0
STOCKTON A,15,Stockton,12.0;4.16,16497,2262,Yes,,,18,exact,STOCKTON A,12.0,False,,,False,
STOCKTON ACRES,2,Stockton,4.16,786,29,No,37.96331210001517,-121.32343120564369,636,exact,STOCKTON ACRES,4.16,True,Stockton Acres,4.947650261550935e-07,True,66.0
STONE,7,San Jose,12.0,15893,1986,Yes,37.30400399503388,-121.86771598785953,603,exact,STONE,12.0,True,Stone,1.207468311770706e-06,True,115.0
STONE CORRAL,3,Fresno,12.0,809,125,Yes,36.472113770589765,-119.18801052757304,343,exact,STONE CORRAL,12.0,True,Stone Corral,2.466370359546705e-06,True,66.0
STOREY,7,Yosemite,12.0,15709,1421,Yes,36.983142164277794,-120.0335837764216,169,exact,STOREY,12.0,True,Storey,6.909035847449658,False,66.0
STROUD,3,Fresno,12.0,132,76,Yes,36.53108764192172,-120.10450647672408,8,exact,STROUD,12.0,True,Stroud,2.0906262798274005e-06,True,66.0
STUART,6,East Bay,4.16,4996,206,Yes,37.85804465342326,-122.26868745271749,166,exact,STUART,4.16,True,Stuart,4.168448784719668e-06,True,66.0
SUISUN,12,North Bay,12.0,22386,2055,Yes,38.24513201232641,-122.04125599715135,293,exact,SUISUN,12.0,True,Suisun,3.588923309865264e-07,True,66.0
SULLIVAN,1,Peninsula,4.16,528,20,No,,,512,exact,SULLIVAN,4.16,False,,,False,
SUMMIT,2,Sierra,12.0,1227,118,No,39.31928513190563,-120.37884971476753,546,exact,SUMMIT,12.0,True,Summit,0.005292333523789505,True,115.0
SUNOL,1,Mission,12.0,423,157,Yes,37.58690265828723,-121.8696840010358,53,exact,SUNOL,12.0,True,Sunol,2.111904484325582e-07,True,115.0
SWIFT,7,San Jose,21.0,30656,1408,No,37.322568019299865,-121.79695998817743,126,exact,SWIFT,21.0,True,Swift,1.048316684433687e-06,True,115.0
SYCAMORE CREEK,9,North Valley,12.0,18558,2102,No,39.768761061395054,-121.824028388523,633,exact,SYCAMORE CREEK,12.0,True,Sycamore Creek,9.931057565887711e-07,True,115.0
TAFT,5,Kern,12.0,5585,623,No,,,230,exact,TAFT,12.0,False,,,False,
TAMARACK,2,Sierra,12.0,535,54,Yes,39.31387986258088,-120.4969206510396,54,exact,TAMARACK,12.0,True,Tamarack,4.221829559204456e-06,True,66.0
TAR FLAT,2,Yosemite,4.16,776,73,No,,,100,exact,TAR FLAT,4.16,False,,,False,
TARAVAL,3,San francisco,4.16,3266,125,No,,,307,exact,TARAVAL,4.16,False,,,False,
TASSAJARA,9,Diablo,21.0,25139,1351,No,37.7999449878799,-121.90785395711802,319,exact,TASSAJARA,21.0,True,Tassajara,3.775035580330844e-06,True,230.0
TEJON,5,Kern,12.0,801,249,Yes,35.01965399271657,-118.9551558962072,385,exact,TEJON,12.0,True,Tejon,4.5884147278791115e-07,True,66.0
TEMBLOR,2,Kern,12.0;21.0,6,51,Yes,35.38274812099552,-119.69618759671236,9,exact,TEMBLOR,12.0,True,Temblor,0.004684433153740065,True,66.0
TEMPLETON,5,Los Padres,21.0,14287,1791,No,35.55501644554795,-120.68030663520751,278,exact,TEMPLETON,21.0,True,Templeton,0.0027784405926531705,True,230.0
TEMPORARY CARBONA,4,Stockton,12.0,6178,379,Yes,,,-1,unmatched,,,False,,,False,
TERMINOUS,2,Stockton,12.0,341,88,No,38.11646156281604,-121.422181919905,24,exact,TERMINOUS,12.0,True,Terminous,1.7692882547066107e-06,True,66.0
TEVIS,5,Kern,21.0,13938,518,Yes,35.319597002518464,-119.12895222184612,-1,unmatched,,,True,Tevis,7.172030037147636,False,66.0
TIDEWATER,7,Diablo,21.0,27234,2640,Yes,38.01964420411481,-122.06185703349573,85,exact,TIDEWATER,21.0,True,Tidewater,0.14898354767121394,True,230.0
TIVY VALLEY,2,Fresno,12.0,1601,207,No,36.77054900633203,-119.39331298114485,458,exact,TIVY VALLEY,12.0,True,Tivy Valley,1.728271175224619e-06,True,66.0
TOKAY,1,Stockton,12.0,4,1,Yes,,,-1,unmatched,,,False,,,False,
TRACY,13,Stockton,12.0;4.16,16886,1821,Yes,37.74881850754059,-121.41602183613314,612,exact,TRACY,12.0,True,Tracy,3.188649132857535e-06,True,115.0
TRES PINOS,1,Central Coast,12.0,274,61,No,,,158,exact,TRES PINOS,12.0,False,,,False,
TRES VIAS,1,North Valley,12.0,1147,118,No,39.486764538827885,-121.68802420710148,416,exact,TRES VIAS,12.0,True,Tres Vias,6.232079508332634e-07,True,115.0
TRIMBLE,15,San Jose,12.0;21.0,3788,1326,Yes,37.38206205330404,-121.92724261163217,209,exact,TRIMBLE,21.0,True,Trimble,1.0914645170836697e-06,True,115.0
TRINIDAD,2,Humboldt,12.0,1280,166,No,41.06473688164412,-124.128423239171,417,exact,TRINIDAD,12.0,True,Trinidad,3.2890794051851107e-06,True,66.0
TUDOR,2,Sacramento,12.0,220,64,Yes,38.98167904921362,-121.63511741419704,197,exact,TUDOR,12.0,True,Tudor,8.961664124743146,False,230.0
TULARE LAKE,3,Fresno,12.0,405,95,Yes,36.003452769529034,-119.9494833416532,-1,unmatched,,,True,Tulare Lake,3.7472653517907284e-06,True,66.0
TULUCAY,1,North Bay,12.0,23,287,No,38.24782902083961,-122.26794898800048,347,exact,TULUCAY,12.0,True,Tulucay,0.002974024149496273,True,66.0
TUPMAN,4,Kern,12.0,447,125,Yes,35.3541610923557,-119.2706555655539,151,exact,TUPMAN,12.0,True,Tupman,3.1348646209889176e-06,True,115.0
TWISSELMAN,2,Kern,12.0;21.0,15,35,Yes,35.73065650722425,-119.8580980733426,-1,unmatched,,,True,Twisselman,2.4259404754257775e-06,True,66.0
TYLER,3,North Valley,12.0,3079,428,Yes,40.1384747493391,-122.2088408813554,547,exact,TYLER,12.0,True,Tyler,1.5866305400443011e-06,True,66.0
UKIAH,4,Humboldt,12.0,4608,790,No,39.143149566432285,-123.19181491813512,117,exact,UKIAH,12.0,True,Ukiah,1.6134951281792667e-06,True,115.0
UPPER LAKE,1,Humboldt,12.0,781,141,No,39.1457404903959,-122.9166584019911,57,exact,UPPER LAKE,12.0,True,Upper Lake,1.7725910775716823e-07,True,66.0
VACA DIXON,7,North Bay,12.0,9186,1043,Yes,,,35,exact,VACA DIXON,12.0,False,,,False,
VACAVILLE,11,North Bay,12.0,21934,1683,Yes,38.3565241316156,-121.98050101939384,597,exact,VACAVILLE,12.0,True,Vacaville,6.182287426581062,False,66.0
VALLEJO B,6,North Bay,12.0;4.16,8784,806,No,38.10651968498403,-122.2412248775844,402,exact,VALLEJO B,4.16,True,Vallejo B,2.7273666712897544,False,115.0
VALLEJO C,1,North bay,4.16,769,83,No,38.09847470951672,-122.25317220453654,334,exact,VALLEJO C,4.16,True,Vallejo C,1.4873652604174692,True,115.0
VALLEY HOME,3,Yosemite,17.0,1180,166,No,37.85642658658715,-120.9444261734473,637,exact,VALLEY HOME,17.0,True,Valley Home,2.3618559217949505e-06,True,115.0
VALLEY SPRINGS,2,Stockton,12.0,1746,251,Yes,38.21658505767753,-120.76401047642304,-1,unmatched,,,True,Valley Springs,0.00312193261876699,True,230.0
VALLEY VIEW,3,East Bay,12.0,11401,631,No,37.96613398470146,-122.27862421739036,439,exact,VALLEY VIEW,12.0,True,Valley View,5.066903011978586,False,66.0
VASCO,3,Mission,12.0,3170,270,Yes,37.71111924146901,-121.71587494114254,520,exact,VASCO,12.0,True,Vasco,3.62286335123368e-06,True,66.0
VASONA,6,De Anza,12.0,12938,1514,Yes,37.25376295961767,-121.96627723605908,297,exact,VASONA,12.0,True,Vasona,3.1917640227430192e-06,True,230.0
VICTOR,2,Stockton,12.0,2147,291,No,38.14550601166566,-121.17758098211316,112,exact,VICTOR,12.0,True,Victor,1.5751065503724063e-06,True,66.0
VIEJO,3,Central Coast,21.0,11319,1276,Yes,36.57837138389728,-121.90841786106006,481,exact,VIEJO,21.0,True,Viejo,3.504013536862704e-06,True,66.0
VIERRA,5,Stockton,17.0,13978,737,No,37.797855016410985,-121.2742169983529,132,exact,VIERRA,17.0,True,Vierra,4.2451013680869136e-07,True,66.0
VINA,1,North Valley,12.0,355,69,No,39.9416370534073,-122.0417015018011,-1,unmatched,,,True,Vina,4.088068682968474e-07,True,66.0
VINEYARD,7,Mission,21.0,25402,2098,No,37.66968929475397,-121.85443759246584,622,exact,VINEYARD,21.0,True,Vineyard,8.480404145733809e-07,True,66.0
VIRGINIA,1,East bay,4.16,785,83,No,37.92472410400429,-122.35939138417984,575,exact,VIRGINIA,4.16,True,Virginia,1.4573143843249937e-06,True,66.0
VOLTA,2,North Valley,12.0,3576,342,No,,,184,exact,VOLTA,12.0,False,,,False,
WAHTOKE,6,Fresno,12.0,9056,944,Yes,36.61539070993896,-119.45260870680616,519,exact,WAHTOKE,12.0,True,Wahtoke,5.854029107435552,False,66.0
WALDO,1,East Bay,4.16,950,62,No,37.90942593874367,-122.30687762688434,434,exact,WALDO,4.16,True,Waldo,2.362720898114058e-06,True,66.0
WALL,1,East Bay,4.16,1277,65,No,,,592,exact,WALL,4.16,False,,,False,
WALNUT CREEK,2,Diablo,4.16,795,18,No,37.904802047538944,-122.06096087634268,55,exact,WALNUT CREEK,4.16,True,Walnut Creek,2.093571091891506e-06,True,66.0
WASCO,3,Kern,12.0,2636,353,Yes,35.6018111032607,-119.3261944083058,606,exact,WASCO,12.0,True,Wasco,8.338800514008632e-07,True,115.0
WATERLOO,2,Stockton,12.0,1022,111,No,38.05163078327458,-121.20989255434432,16,exact,WATERLOO,12.0,True,Waterloo,4.0142094108608215e-06,True,66.0
WATERSHED,1,Peninsula,4.16,0,7,Yes,37.48729719596609,-122.3112195445634,553,exact,WATERSHED,4.16,True,Watershed,3.957415836229113e-06,True,66.0
WATSONVILLE,4,Central coast,21.0;4.16,3170,463,Yes,36.90275189090223,-121.75590924656431,69,exact,WATSONVILLE,4.16,True,Watsonville,4.141605487522968e-06,True,66.0
WEBER,12,Stockton,12.0,7939,1049,Yes,37.91985100304596,-121.24027399076682,45,exact,WEBER,12.0,True,Weber,0.004220648560580009,True,115.0
WEEDPATCH,4,Kern,12.0,5431,463,No,35.22374722376815,-118.8800083424542,577,exact,WEEDPATCH,12.0,True,Weedpatch,3.87905626792893e-06,True,66.0
WEIMAR,2,Sierra,12.0,2002,108,No,39.0359625927244,-120.9879836044398,242,exact,WEIMAR,12.0,True,Weimar,4.886932211556909e-07,True,66.0
WELLFIELD,2,Kern,12.0,46,30,Yes,35.22432025874951,-118.77897441184862,119,exact,WELLFIELD,12.0,True,Wellfield,1.0852175149048665e-06,True,66.0
WEST FRESNO,12,Fresno,12.0,14699,1879,Yes,36.71817366980103,-119.81900447551196,646,exact,WEST FRESNO,12.0,True,West Fresno,2.514036202312576,False,66.0
WEST LANE,3,Stockton,12.0,5580,733,No,37.990206511065786,-121.28368075254568,122,exact,WEST LANE,12.0,True,West Lane,4.160322765781678e-06,True,66.0
WEST POINT,2,Stockton,12.0,4592,292,No,38.42101504600821,-120.54977367107364,159,exact,WEST POINT,12.0,True,West Point,2.5587835175003887e-06,True,66.0
WEST SACRAMENTO,8,Sacramento,12.0,11362,1560,Yes,38.58951498035394,-121.54490113999591,457,exact,WEST SACRAMENTO,12.0,True,West Sacramento,0.002836972061298283,True,66.0
WESTLAKE,2,Peninsula,4.16,1320,29,No,,,542,exact,WESTLAKE,4.16,False,,,False,
WESTLEY,2,Yosemite,12.0,934,221,Yes,37.5795778931092,-121.20596017237388,74,exact,WESTLEY,12.0,True,Westley,2.4589185355982923e-06,True,66.0
WESTPARK,12,Kern,12.0,13255,2465,Yes,,,544,exact,WESTPARK,12.0,False,,,False,
WHEATLAND,3,Sacramento,12.0,2792,350,No,39.01314723169966,-121.418616320747,586,exact,WHEATLAND,12.0,True,Wheatland,1.8024491301974809e-06,True,66.0
WHEELER RIDGE,3,Kern,12.0,140,89,Yes,35.08875271780095,-118.9759646600732,304,exact,WHEELER RIDGE,12.0,True,Wheeler Ridge,0.005186743804016285,True,230.0
WHISMAN,10,De Anza,12.0,7238,1018,Yes,37.40499722340614,-122.06855277641526,452,exact,WHISMAN,12.0,True,Whisman,2.1173648684467805e-06,True,115.0
WHITMORE,1,North Valley,12.0,488,46,No,40.62903385703951,-121.91581806937708,578,exact,WHITMORE,12.0,True,Whitmore,2.605163412007096e-06,True,66.0
WILDWOOD,1,North Valley,12.0,105,29,Yes,40.38716974121961,-123.0441040072797,-1,unmatched,,,True,Wildwood,6.312953105863931e-07,True,115.0
WILKINS SLOUGH,3,Sacramento,12.0,259,102,Yes,39.005842687054574,-121.8670286493896,12,exact,WILKINS SLOUGH,12.0,True,Wilkins Slough,12.57355611747325,False,230.0
WILLIAMS,2,Sacramento,12.0,2070,341,Yes,39.15748765308179,-122.14771205348706,525,exact,WILLIAMS,12.0,True,Williams,4.025055572376209e-06,True,66.0
WILLITS,3,Humboldt,12.0,5561,829,Yes,,,40,exact,WILLITS,12.0,False,,,False,
WILLOW CREEK,3,Humboldt,12.0,2085,282,Yes,40.94787589943116,-123.64010616074664,405,exact,WILLOW CREEK,12.0,True,Willow Creek,21.23084303109085,False,66.0
WILLOW PASS,2,Diablo,21.0,9377,317,Yes,38.02477032006086,-121.96097329600856,522,exact,WILLOW PASS,21.0,True,Willow Pass,3.4969098891718775e-07,True,66.0
WILLOWS A,3,North Valley,12.0,2641,469,No,39.5316759967068,-122.1861239374362,144,exact,WILLOWS A,12.0,True,Willows A,3.231404391643117e-06,True,66.0
WILSON,3,Yosemite,12.0,2827,261,No,37.29339508805083,-120.40717388158028,101,exact,WILSON,12.0,True,Wilson,1.6437684661206723e-06,True,115.0
WINDSOR,3,Sonoma,12.0,6129,567,No,,,200,exact,WINDSOR,12.0,False,,,False,
WINTERS,2,North Bay,12.0,422,68,No,38.51760056658567,-121.95115181645906,155,exact,WINTERS,12.0,True,Winters,1.48142632460147e-06,True,66.0
WISE,2,Sierra,12.0,2463,226,Yes,38.88992635835282,-121.09849583458151,-1,unmatched,,,True,Wise,2.9985950831129193e-06,True,115.0
WISHON,1,Yosemite,12.0,11,2,Yes,,,-1,unmatched,,,False,,,False,
WOLFE,8,De Anza,12.0,20942,949,Yes,37.33443633426892,-122.02060640357652,39,exact,WOLFE,12.0,True,Wolfe,5.703595744776126e-07,True,115.0
WOOD,1,East Bay,4.16,707,10,No,,,255,exact,WOOD,4.16,False,,,False,
WOODACRE,2,Sonoma,12.0,3869,238,No,38.01206225668505,-122.6536699406762,324,exact,WOODACRE,12.0,True,Woodacre,3.5825905310467976e-06,True,66.0
WOODLAND,13,Sacramento,12.0,18792,2086,Yes,38.67863770636255,-121.76004075764016,140,exact,WOODLAND,12.0,True,Woodland,3.6992592051863193e-06,True,115.0
WOODSIDE,4,Peninsula,12.0,7064,482,No,37.43708060614827,-122.24219443836604,414,exact,WOODSIDE,12.0,True,Woodside,3.414350425778965e-06,True,66.0
WOODWARD,9,Fresno,21.0,22096,1202,Yes,36.8962770171285,-119.7510009798942,194,exact,WOODWARD,21.0,True,Woodward,2.1590189824965216,False,66.0
WRIGHT,1,Yosemite,12.0,410,101,No,37.013411112949264,-120.9452333297489,104,exact,WRIGHT,12.0,True,Wright,2.6616419350739183e-06,True,230.0
WYANDOTTE,7,North Valley,12.0,14857,1399,Yes,39.49170025621256,-121.54094668549344,619,exact,WYANDOTTE,12.0,True,Wyandotte,1.3141328133700348e-06,True,115.0
YOSEMITE,2,San francisco,4.16,1667,57,No,,,456,exact,YOSEMITE,4.16,False,,,False,
ZACA,2,Los Padres,12.0,1089,304,Yes,34.6967037474649,-120.15147681827511,147,exact,ZACA,12.0,True,Zaca,1.694358704692003e-06,True,115.0
ZAMORA,3,Sacramento,12.0,673,187,Yes,38.77565521973385,-121.85816692262264,37,exact,ZAMORA,12.0,True,Zamora,10.488870933439786,False,66.0
